#if defined(__AVR__)
    #include <avr/pgmspace.h>
#elif defined(__PIC32MX__)
    #define PROGMEM
#elif defined(__arm__)
    #define PROGMEM
#endif

#pragma region BasePet
// 'pet_All_00', 48x48px
const uint16_t epd_bitmap_pet_All_00 [] PROGMEM = {
	0x0000, 0x0000, 0x0000, 0x0000, 0x0000, 0x0000, 0x0000, 0x0000, 0x0000, 0x0000, 0x0000, 0x0000, 0x0000, 0x0000, 0x0000, 0x0000,
	0x0000, 0x0000, 0x0000, 0x0000, 0x0000, 0x0000, 0x0000, 0x0000, 0x0000, 0x0000, 0x0000, 0x0000, 0x0000, 0x0000, 0x0000, 0x0000,
	0x0000, 0x0000, 0x0000, 0x0000, 0x0000, 0x0000, 0x0000, 0x0000, 0x0000, 0x0000, 0x0000, 0x0000, 0x0000, 0x0000, 0x0000, 0x0000,
	0x0000, 0x0000, 0x0000, 0x0000, 0x0000, 0x0000, 0x0000, 0x0000, 0x0000, 0x0000, 0x0000, 0x0000, 0x0000, 0x0000, 0x0000, 0x0000,
	0x0000, 0x0000, 0x0000, 0x0000, 0x0000, 0x0000, 0x0000, 0x0000, 0x0000, 0x0000, 0x0000, 0x0000, 0x0000, 0x0000, 0x0000, 0x0000,
	0x0000, 0x0000, 0x0000, 0x0000, 0x0000, 0x0000, 0x0000, 0x0000, 0x0000, 0x0000, 0x0000, 0x0000, 0x0000, 0x0000, 0x0000, 0x0000,
	0x0000, 0x0000, 0x0000, 0x0000, 0x0000, 0x0187, 0x0187, 0x0187, 0x0187, 0x0187, 0x0187, 0x0187, 0x0000, 0x0000, 0x0000, 0x0000,
	0x0000, 0x0000, 0x0000, 0x0000, 0x0187, 0x0187, 0x0187, 0x0187, 0x0187, 0x0187, 0x0187, 0x0187, 0x0187, 0x0000, 0x0000, 0x0000,
	0x0000, 0x0000, 0x0000, 0x0000, 0x0187, 0xE758, 0x0187, 0x0187, 0x0187, 0x0187, 0xE758, 0x0187, 0x0187, 0x0000, 0x0000, 0x0000,
	0x0000, 0x0000, 0x0000, 0x0000, 0x0187, 0xE758, 0x0187, 0xE758, 0xE758, 0x0187, 0xE758, 0x0187, 0x0187, 0x0000, 0x0000, 0x0000,
	0x0000, 0x0000, 0x0000, 0x0000, 0x0187, 0x0187, 0x0187, 0x0187, 0x0187, 0x0187, 0x0187, 0x0187, 0x0187, 0x0000, 0x0000, 0x0000,
	0x0000, 0x0000, 0x0000, 0x0000, 0x0187, 0x0187, 0x0187, 0x0187, 0x0187, 0x0187, 0x0187, 0x0187, 0x0187, 0x0000, 0x0000, 0x0000,
	0x0000, 0x0000, 0x0000, 0x0000, 0x0187, 0x0187, 0x0187, 0x0187, 0x0187, 0x0187, 0x0187, 0x0187, 0x0187, 0x0000, 0x0000, 0x0000,
	0x0000, 0x0000, 0x0000, 0x0000, 0x0187, 0x0187, 0x0187, 0x0187, 0x0187, 0x0187, 0x0187, 0x0187, 0x0187, 0x0000, 0x0000, 0x0000,
	0x0000, 0x0000, 0x0000, 0x0000, 0x0000, 0x0187, 0x0187, 0x0187, 0x0187, 0x0187, 0x0187, 0x0187, 0x0000, 0x0000, 0x0000, 0x0000,
	0x0000, 0x0000, 0x0000, 0x0000, 0x0000, 0x0000, 0x0187, 0x0000, 0x0000, 0x0000, 0x0187, 0x0000, 0x0000, 0x0000, 0x0000, 0x0000
};
// 'pet_All_01', 48x48px
const uint16_t epd_bitmap_pet_All_01 [] PROGMEM = {
	0x0000, 0x0000, 0x0000, 0x0000, 0x0000, 0x0000, 0x0000, 0x0000, 0x0000, 0x0000, 0x0000, 0x0000, 0x0000, 0x0000, 0x0000, 0x0000,
	0x0000, 0x0000, 0x0000, 0x0000, 0x0000, 0x0000, 0x0000, 0x0000, 0x0000, 0x0000, 0x0000, 0x0000, 0x0000, 0x0000, 0x0000, 0x0000,
	0x0000, 0x0000, 0x0000, 0x0000, 0x0000, 0x0000, 0x0000, 0x0000, 0x0000, 0x0000, 0x0000, 0x0000, 0x0000, 0x0000, 0x0000, 0x0000,
	0x0000, 0x0000, 0x0000, 0x0000, 0x0000, 0x0000, 0x0000, 0x0000, 0x0000, 0x0000, 0x0000, 0x0000, 0x0000, 0x0000, 0x0000, 0x0000,
	0x0000, 0x0000, 0x0000, 0x0000, 0x0000, 0x0000, 0x0000, 0x0000, 0x0000, 0x0000, 0x0000, 0x0000, 0x0000, 0x0000, 0x0000, 0x0000,
	0x0000, 0x0000, 0x0000, 0x0000, 0x0000, 0x0000, 0x0000, 0x0000, 0x0000, 0x0000, 0x0000, 0x0000, 0x0000, 0x0000, 0x0000, 0x0000,
	0x0000, 0x0000, 0x0000, 0x0000, 0x0000, 0x0000, 0x0000, 0x0000, 0x0000, 0x0000, 0x0000, 0x0000, 0x0000, 0x0000, 0x0000, 0x0000,
	0x0000, 0x0000, 0x0000, 0x0000, 0x0000, 0x0187, 0x0187, 0x0187, 0x0187, 0x0187, 0x0187, 0x0187, 0x0000, 0x0000, 0x0000, 0x0000,
	0x0000, 0x0000, 0x0000, 0x0000, 0x0187, 0x0187, 0x0187, 0x0187, 0x0187, 0x0187, 0x0187, 0x0187, 0x0187, 0x0000, 0x0000, 0x0000,
	0x0000, 0x0000, 0x0000, 0x0000, 0x0187, 0xE758, 0x0187, 0x0187, 0x0187, 0x0187, 0xE758, 0x0187, 0x0187, 0x0000, 0x0000, 0x0000,
	0x0000, 0x0000, 0x0000, 0x0000, 0x0187, 0xE758, 0x0187, 0xE758, 0xE758, 0x0187, 0xE758, 0x0187, 0x0187, 0x0000, 0x0000, 0x0000,
	0x0000, 0x0000, 0x0000, 0x0000, 0x0187, 0x0187, 0x0187, 0x0187, 0x0187, 0x0187, 0x0187, 0x0187, 0x0187, 0x0000, 0x0000, 0x0000,
	0x0000, 0x0000, 0x0000, 0x0000, 0x0187, 0x0187, 0x0187, 0x0187, 0x0187, 0x0187, 0x0187, 0x0187, 0x0187, 0x0000, 0x0000, 0x0000,
	0x0000, 0x0000, 0x0000, 0x0000, 0x0187, 0x0187, 0x0187, 0x0187, 0x0187, 0x0187, 0x0187, 0x0187, 0x0187, 0x0000, 0x0000, 0x0000,
	0x0000, 0x0000, 0x0000, 0x0000, 0x0000, 0x0187, 0x0187, 0x0187, 0x0187, 0x0187, 0x0187, 0x0187, 0x0000, 0x0000, 0x0000, 0x0000,
	0x0000, 0x0000, 0x0000, 0x0000, 0x0000, 0x0000, 0x0000, 0x0187, 0x0000, 0x0187, 0x0000, 0x0000, 0x0000, 0x0000, 0x0000, 0x0000
};
// 'pet_All_02', 48x48px
const uint16_t epd_bitmap_pet_All_02 [] PROGMEM = {
	0x0000, 0x0000, 0x0000, 0x0000, 0x0000, 0x0000, 0x0000, 0x0000, 0x0000, 0x0000, 0x0000, 0x0000, 0x0000, 0x0000, 0x0000, 0x0000,
	0x0000, 0x0000, 0x0000, 0x0000, 0x0000, 0x0000, 0x0000, 0x0000, 0x0000, 0x0000, 0x0000, 0x0000, 0x0000, 0x0000, 0x0000, 0x0000,
	0x0000, 0x0000, 0x0000, 0x0000, 0x0000, 0x0000, 0x0000, 0x0000, 0x0000, 0x0000, 0x0000, 0x0000, 0x0000, 0x0000, 0x0000, 0x0000,
	0x0000, 0x0000, 0x0000, 0x0000, 0x0000, 0x0000, 0x0000, 0x0000, 0x0000, 0x0000, 0x0000, 0x0000, 0x0000, 0x0000, 0x0000, 0x0000,
	0x0000, 0x0000, 0x0000, 0x0000, 0x0000, 0x0000, 0x0000, 0x0000, 0x0000, 0x0000, 0x0000, 0x0000, 0x0000, 0x0000, 0x0000, 0x0000,
	0x0000, 0x0000, 0x0000, 0x0000, 0x0000, 0x0000, 0x0000, 0x0000, 0x0000, 0x0000, 0x0000, 0x0000, 0x0000, 0x0000, 0x0000, 0x0000,
	0x0000, 0x0000, 0x0000, 0x0000, 0x0000, 0x0187, 0x0187, 0x0187, 0x0187, 0x0187, 0x0187, 0x0187, 0x0000, 0x0000, 0x0000, 0x0000,
	0x0000, 0x0000, 0x0000, 0x0000, 0x0187, 0x0187, 0x0187, 0x0187, 0x0187, 0x0187, 0x0187, 0x0187, 0x0187, 0x0000, 0x0000, 0x0000,
	0x0000, 0x0000, 0x0000, 0x0000, 0x0187, 0xE758, 0x0187, 0x0187, 0x0187, 0x0187, 0xE758, 0x0187, 0x0187, 0x0000, 0x0000, 0x0000,
	0x0000, 0x0000, 0x0000, 0x0000, 0x0187, 0xE758, 0x0187, 0xE758, 0xE758, 0x0187, 0xE758, 0x0187, 0x0187, 0x0000, 0x0000, 0x0000,
	0x0000, 0x0000, 0x0000, 0x0000, 0x0187, 0x0187, 0x0187, 0xE758, 0xE758, 0x0187, 0x0187, 0x0187, 0x0187, 0x0000, 0x0000, 0x0000,
	0x0000, 0x0000, 0x0000, 0x0000, 0x0187, 0x0187, 0x0187, 0xE758, 0xE758, 0x0187, 0x0187, 0x0187, 0x0187, 0x0000, 0x0000, 0x0000,
	0x0000, 0x0000, 0x0000, 0x0000, 0x0187, 0x0187, 0x0187, 0x0187, 0x0187, 0x0187, 0x0187, 0x0187, 0x0187, 0x0000, 0x0000, 0x0000,
	0x0000, 0x0000, 0x0000, 0x0000, 0x0187, 0x0187, 0x0187, 0x0187, 0x0187, 0x0187, 0x0187, 0x0187, 0x0187, 0x0000, 0x0000, 0x0000,
	0x0000, 0x0000, 0x0000, 0x0000, 0x0000, 0x0187, 0x0187, 0x0187, 0x0187, 0x0187, 0x0187, 0x0187, 0x0000, 0x0000, 0x0000, 0x0000,
	0x0000, 0x0000, 0x0000, 0x0000, 0x0000, 0x0000, 0x0187, 0x0000, 0x0000, 0x0000, 0x0187, 0x0000, 0x0000, 0x0000, 0x0000, 0x0000
};
// 'pet_All_03', 48x48px
const uint16_t epd_bitmap_pet_All_03 [] PROGMEM = {
	0x0000, 0x0000, 0x0000, 0x0000, 0x0000, 0x0000, 0x0000, 0x0000, 0x0000, 0x0000, 0x0000, 0x0000, 0x0000, 0x0000, 0x0000, 0x0000,
	0x0000, 0x0000, 0x0000, 0x0000, 0x0000, 0x0000, 0x0000, 0x0000, 0x0000, 0x0000, 0x0000, 0x0000, 0x0000, 0x0000, 0x0000, 0x0000,
	0x0000, 0x0000, 0x0000, 0x0000, 0x0000, 0x0000, 0x0000, 0x0000, 0x0000, 0x0000, 0x0000, 0x0000, 0x0000, 0x0000, 0x0000, 0x0000,
	0x0000, 0x0000, 0x0000, 0x0000, 0x0000, 0x0000, 0x0000, 0x0000, 0x0000, 0x0000, 0x0000, 0x0000, 0x0000, 0x0000, 0x0000, 0x0000,
	0x0000, 0x0000, 0x0000, 0x0000, 0x0000, 0x0000, 0x0000, 0x0000, 0x0000, 0x0000, 0x0000, 0x0000, 0x0000, 0x0000, 0x0000, 0x0000,
	0x0000, 0x0000, 0x0000, 0x0000, 0x0000, 0x0000, 0x0000, 0x0000, 0x0000, 0x0000, 0x0000, 0x0000, 0x0000, 0x0000, 0x0000, 0x0000,
	0x0000, 0x0000, 0x0000, 0x0000, 0x0000, 0x0000, 0x0000, 0x0000, 0x0000, 0x0000, 0x0000, 0x0000, 0x0000, 0x0000, 0x0000, 0x0000,
	0x0000, 0x0000, 0x0000, 0x0000, 0x0000, 0x0187, 0x0187, 0x0187, 0x0187, 0x0187, 0x0187, 0x0187, 0x0000, 0x0000, 0x0000, 0x0000,
	0x0000, 0x0000, 0x0000, 0x0000, 0x0187, 0x0187, 0x0187, 0x0187, 0x0187, 0x0187, 0x0187, 0x0187, 0x0187, 0x0000, 0x0000, 0x0000,
	0x0000, 0x0000, 0x0000, 0x0000, 0x0187, 0xE758, 0x0187, 0x0187, 0x0187, 0x0187, 0xE758, 0x0187, 0x0187, 0x0000, 0x0000, 0x0000,
	0x0000, 0x0000, 0x0000, 0x0000, 0x0187, 0xE758, 0x0187, 0xE758, 0xE758, 0x0187, 0xE758, 0x0187, 0x0187, 0x0000, 0x0000, 0x0000,
	0x0000, 0x0000, 0x0000, 0x0000, 0x0187, 0x0187, 0x0187, 0x0187, 0x0187, 0x0187, 0x0187, 0x0187, 0x0187, 0x0000, 0x0000, 0x0000,
	0x0000, 0x0000, 0x0000, 0x0000, 0x0187, 0x0187, 0x0187, 0x0187, 0x0187, 0x0187, 0x0187, 0x0187, 0x0187, 0x0000, 0x0000, 0x0000,
	0x0000, 0x0000, 0x0000, 0x0000, 0x0187, 0x0187, 0x0187, 0x0187, 0x0187, 0x0187, 0x0187, 0x0187, 0x0187, 0x0000, 0x0000, 0x0000,
	0x0000, 0x0000, 0x0000, 0x0000, 0x0000, 0x0187, 0x0187, 0x0187, 0x0187, 0x0187, 0x0187, 0x0187, 0x0000, 0x0000, 0x0000, 0x0000,
	0x0000, 0x0000, 0x0000, 0x0000, 0x0000, 0x0000, 0x0187, 0x0000, 0x0000, 0x0000, 0x0187, 0x0000, 0x0000, 0x0000, 0x0000, 0x0000
};
// 'pet_All_04', 48x48px
const uint16_t epd_bitmap_pet_All_04 [] PROGMEM = {
	0x0000, 0x0000, 0x0000, 0x0000, 0x0000, 0x0000, 0x0000, 0x0000, 0x0000, 0x0000, 0x0000, 0x0000, 0x0000, 0x0000, 0x0000, 0x0000,
	0x0000, 0x0000, 0x0000, 0x0000, 0x0000, 0x0000, 0x0000, 0x0000, 0x0000, 0x0000, 0x0000, 0x0000, 0x0000, 0x0000, 0x0000, 0x0000,
	0x0000, 0x0000, 0x0000, 0x0000, 0x0000, 0x0000, 0x0000, 0x0000, 0x0000, 0x0000, 0x0000, 0x0000, 0x0000, 0x0000, 0x0000, 0x0000,
	0x0000, 0x0000, 0x0000, 0x0000, 0x0000, 0x0000, 0x0000, 0x0000, 0x0000, 0x0000, 0x0000, 0x0000, 0x0000, 0x0000, 0x0000, 0x0000,
	0x0000, 0x0000, 0x0000, 0x0000, 0x0000, 0x0000, 0x0000, 0x0000, 0x0000, 0x0000, 0x0000, 0x0000, 0x0000, 0x0000, 0x0000, 0x0000,
	0x0000, 0x0000, 0x0000, 0x0000, 0x0000, 0x0000, 0x0000, 0x0000, 0x0000, 0x0000, 0x0000, 0x0000, 0x0000, 0x0000, 0x0000, 0x0000,
	0x0000, 0x0000, 0x0000, 0x0000, 0x0000, 0x0000, 0x0000, 0x0000, 0x0000, 0x0000, 0x0000, 0x0000, 0x0000, 0x0000, 0x0000, 0x0000,
	0x0000, 0x0000, 0x0000, 0x0000, 0x0000, 0x0000, 0x0000, 0x0000, 0x0000, 0x0000, 0x0000, 0x0000, 0x0000, 0x0000, 0x0000, 0x0000,
	0x0000, 0x0000, 0x0000, 0x0000, 0x0000, 0x0000, 0x0000, 0x0000, 0x0000, 0x0000, 0x0000, 0x0000, 0x0000, 0x0000, 0x0000, 0x0000,
	0x0000, 0x0000, 0x0000, 0x0000, 0x0000, 0x0187, 0x0187, 0x0187, 0x0187, 0x0187, 0x0187, 0x0187, 0x0000, 0x0000, 0x0000, 0x0000,
	0x0000, 0x0000, 0x0000, 0x0000, 0x0187, 0x0187, 0x0187, 0x0187, 0x0187, 0x0187, 0x0187, 0x0187, 0x0187, 0x0000, 0x0000, 0x0000,
	0x0000, 0x0000, 0x0000, 0x0000, 0xE758, 0xE758, 0x0187, 0x0187, 0x0187, 0x0187, 0xE758, 0xE758, 0x0187, 0x0000, 0x0000, 0x0000,
	0x0000, 0x0000, 0x0000, 0x0000, 0x0187, 0x0187, 0x0187, 0xE758, 0xE758, 0x0187, 0x0187, 0x0187, 0x0187, 0x0000, 0x0000, 0x0000,
	0x0000, 0x0000, 0x0000, 0x0000, 0x0187, 0x0187, 0x0187, 0x0187, 0x0187, 0x0187, 0x0187, 0x0187, 0x0187, 0x0000, 0x0000, 0x0000,
	0x0000, 0x0000, 0x0000, 0x0000, 0x0187, 0x0187, 0x0187, 0x0187, 0x0187, 0x0187, 0x0187, 0x0187, 0x0187, 0x0000, 0x0000, 0x0000,
	0x0000, 0x0000, 0x0000, 0x0000, 0x0187, 0x0187, 0x0187, 0x0187, 0x0187, 0x0187, 0x0187, 0x0187, 0x0187, 0x0000, 0x0000, 0x0000
};
// 'pet_All_05', 48x48px
const uint16_t epd_bitmap_pet_All_05 [] PROGMEM = {
	0x0000, 0x0000, 0x0000, 0x0000, 0x0000, 0x0000, 0x0000, 0x0000, 0x0000, 0x0000, 0x0000, 0x0000, 0x0000, 0x0000, 0x0000, 0x0000,
	0x0000, 0x0000, 0x0000, 0x0000, 0x0000, 0x0000, 0x0000, 0x0000, 0x0000, 0x0000, 0x0000, 0x0000, 0x0000, 0x0000, 0x0000, 0x0000,
	0x0000, 0x0000, 0x0000, 0x0000, 0x0000, 0x0000, 0x0000, 0x0000, 0x0000, 0x0000, 0x0000, 0x0000, 0x0000, 0x0000, 0x0000, 0x0000,
	0x0000, 0x0000, 0x0000, 0x0000, 0x0000, 0x0000, 0x0000, 0x0000, 0x0000, 0x0000, 0x0000, 0x0000, 0x0000, 0x0000, 0x0000, 0x0000,
	0x0000, 0x0000, 0x0000, 0x0000, 0x0000, 0x0000, 0x0000, 0x0000, 0x0000, 0x0000, 0x0000, 0x0000, 0x0000, 0x0000, 0x0000, 0x0000,
	0x0000, 0x0000, 0x0000, 0x0000, 0x0000, 0x0000, 0x0000, 0x0000, 0x0000, 0x0000, 0x0000, 0x0000, 0x0000, 0x0000, 0x0000, 0x0000,
	0x0000, 0x0000, 0x0000, 0x0000, 0x0000, 0x0000, 0x0000, 0x0000, 0x0000, 0x0000, 0x0000, 0x0000, 0x0000, 0x0000, 0x0000, 0x0000,
	0x0000, 0x0000, 0x0000, 0x0000, 0x0000, 0x0000, 0x0000, 0x0000, 0x0000, 0x0000, 0x0000, 0x0000, 0x0000, 0x0000, 0x0000, 0x0000,
	0x0000, 0x0000, 0x0000, 0x0000, 0x0000, 0x0000, 0x0000, 0x0000, 0x0000, 0x0000, 0x0000, 0x0000, 0x0000, 0x0000, 0x0000, 0x0000,
	0x0000, 0x0000, 0x0000, 0x0000, 0x0000, 0x0000, 0x0000, 0x0000, 0x0000, 0x0000, 0x0000, 0x0000, 0x0000, 0x0000, 0x0000, 0x0000,
	0x0000, 0x0000, 0x0000, 0x0000, 0x0000, 0x0187, 0x0187, 0x0187, 0x0187, 0x0187, 0x0187, 0x0187, 0x0000, 0x0000, 0x0000, 0x0000,
	0x0000, 0x0000, 0x0000, 0x0000, 0x0187, 0x0187, 0x0187, 0x0187, 0x0187, 0x0187, 0x0187, 0x0187, 0x0187, 0x0000, 0x0000, 0x0000,
	0x0000, 0x0000, 0x0000, 0x0000, 0xE758, 0xE758, 0x0187, 0x0187, 0x0187, 0x0187, 0xE758, 0xE758, 0x0187, 0x0000, 0x0000, 0x0000,
	0x0000, 0x0000, 0x0000, 0x0000, 0x0187, 0x0187, 0x0187, 0xE758, 0xE758, 0x0187, 0x0187, 0x0187, 0x0187, 0x0000, 0x0000, 0x0000,
	0x0000, 0x0000, 0x0000, 0x0000, 0x0187, 0x0187, 0x0187, 0x0187, 0x0187, 0x0187, 0x0187, 0x0187, 0x0187, 0x0000, 0x0000, 0x0000,
	0x0000, 0x0000, 0x0000, 0x0000, 0x0187, 0x0187, 0x0187, 0x0187, 0x0187, 0x0187, 0x0187, 0x0187, 0x0187, 0x0000, 0x0000, 0x0000
};
// 'pet_All_06', 48x48px
const uint16_t epd_bitmap_pet_All_06 [] PROGMEM = {
	0x0000, 0x0000, 0x0000, 0x0000, 0x0000, 0x0000, 0x0000, 0x0000, 0x0000, 0x0000, 0x0000, 0x0000, 0x0000, 0x0000, 0x0000, 0x0000,
	0x0000, 0x0000, 0x0000, 0x0000, 0x0000, 0x0000, 0x0000, 0x0000, 0x0000, 0x0000, 0x0000, 0x0000, 0x0000, 0x0000, 0x0000, 0x0000,
	0x0000, 0x0000, 0x0000, 0x0000, 0x0000, 0x0000, 0x0000, 0x0000, 0x0000, 0x0000, 0x0000, 0x0000, 0x0000, 0x0000, 0x0000, 0x0000,
	0x0000, 0x0000, 0x0000, 0x0000, 0x0000, 0x0000, 0x0000, 0x0000, 0x0000, 0x0000, 0x0000, 0x0000, 0x0000, 0x0000, 0x0000, 0x0000,
	0x0000, 0x0000, 0x0000, 0x0000, 0x0000, 0x0000, 0x0000, 0x0000, 0x0000, 0x0000, 0x0000, 0x0000, 0x0000, 0x0000, 0x0000, 0x0000,
	0x0000, 0x0000, 0x0000, 0x0000, 0x0000, 0x0000, 0x0000, 0x0000, 0x0000, 0x0000, 0x0000, 0x0000, 0x0000, 0x0000, 0x0000, 0x0000,
	0x0000, 0x0000, 0x0000, 0x0000, 0x0000, 0x0000, 0x0000, 0x0000, 0x0000, 0x0000, 0x0000, 0x0000, 0x0000, 0x0000, 0x0000, 0x0000,
	0x0000, 0x0000, 0x0000, 0x0000, 0x0000, 0x0187, 0x0187, 0x0187, 0x0187, 0x0187, 0x0187, 0x0187, 0x0000, 0x0000, 0x0000, 0x0000,
	0x0000, 0x0000, 0x0000, 0x0000, 0x0187, 0x0187, 0x0187, 0x0187, 0x0187, 0x0187, 0x0187, 0x0187, 0x0187, 0x0000, 0x0000, 0x0000,
	0x0000, 0x0000, 0x0000, 0x0000, 0xE758, 0x0187, 0x0187, 0x0187, 0x0187, 0x0187, 0x0187, 0xE758, 0x0187, 0x0000, 0x0000, 0x0000,
	0x0000, 0x0000, 0x0000, 0x0000, 0x0187, 0xE758, 0x0187, 0xE758, 0xE758, 0x0187, 0xE758, 0x0187, 0x0187, 0x0000, 0x0000, 0x0000,
	0x0000, 0x0000, 0x0000, 0x0000, 0x0187, 0x0187, 0x0187, 0x0187, 0x0187, 0x0187, 0x0187, 0x0187, 0x0187, 0x0000, 0x0000, 0x0000,
	0x0000, 0x0000, 0x0000, 0x0000, 0x0187, 0x0187, 0x0187, 0x0187, 0x0187, 0x0187, 0x0187, 0x0187, 0x0187, 0x0000, 0x0000, 0x0000,
	0x0000, 0x0000, 0x0000, 0x0000, 0x0187, 0x0187, 0x0187, 0x0187, 0x0187, 0x0187, 0x0187, 0x0187, 0x0187, 0x0000, 0x0000, 0x0000,
	0x0000, 0x0000, 0x0000, 0x0000, 0x0000, 0x0187, 0x0187, 0x0187, 0x0187, 0x0187, 0x0187, 0x0187, 0x0000, 0x0000, 0x0000, 0x0000,
	0x0000, 0x0000, 0x0000, 0x0000, 0x0000, 0x0000, 0x0187, 0x0000, 0x0000, 0x0000, 0x0187, 0x0000, 0x0000, 0x0000, 0x0000, 0x0000
};
// 'pet_All_07', 48x48px
const uint16_t epd_bitmap_pet_All_07 [] PROGMEM = {
	0x0000, 0x0000, 0x0000, 0x0000, 0x0000, 0x0000, 0x0000, 0x0000, 0x0000, 0x0000, 0x0000, 0x0000, 0x0000, 0x0000, 0x0000, 0x0000,
	0x0000, 0x0000, 0x0000, 0x0000, 0x0000, 0x0000, 0x0000, 0x0000, 0x0000, 0x0000, 0x0000, 0x0000, 0x0000, 0x0000, 0x0000, 0x0000,
	0x0000, 0x0000, 0x0000, 0x0000, 0x0000, 0x0000, 0x0000, 0x0000, 0x0000, 0x0000, 0x0000, 0x0000, 0x0000, 0x0000, 0x0000, 0x0000,
	0x0000, 0x0000, 0x0000, 0x0000, 0x0000, 0x0000, 0x0000, 0x0000, 0x0000, 0x0000, 0x0000, 0x0000, 0x0000, 0x0000, 0x0000, 0x0000,
	0x0000, 0x0000, 0x0000, 0x0000, 0x0000, 0x0000, 0x0000, 0x0000, 0x0000, 0x0000, 0x0000, 0x0000, 0x0000, 0x0000, 0x0000, 0x0000,
	0x0000, 0x0000, 0x0000, 0x0000, 0x0000, 0x0000, 0x0000, 0x0000, 0x0000, 0x0000, 0x0000, 0x0000, 0x0000, 0x0000, 0x0000, 0x0000,
	0x0000, 0x0000, 0x0000, 0x0000, 0x0000, 0x0187, 0x0187, 0x0187, 0x0187, 0x0187, 0x0187, 0x0187, 0x0000, 0x0000, 0x0000, 0x0000,
	0x0000, 0x0000, 0x0000, 0x0000, 0x0187, 0xE758, 0x0187, 0x0187, 0x0187, 0x0187, 0xE758, 0x0187, 0x0187, 0x0000, 0x0000, 0x0000,
	0x0000, 0x0000, 0x0000, 0x0000, 0xE758, 0x0187, 0xE758, 0x0187, 0x0187, 0xE758, 0x0187, 0xE758, 0x0187, 0x0000, 0x0000, 0x0000,
	0x0000, 0x0000, 0x0000, 0x0000, 0x0187, 0x0187, 0x0187, 0xE758, 0xE758, 0x0187, 0x0187, 0x0187, 0x0187, 0x0000, 0x0000, 0x0000,
	0x0000, 0x0000, 0x0000, 0x0000, 0x0187, 0x0187, 0x0187, 0xE758, 0xE758, 0x0187, 0x0187, 0x0187, 0x0187, 0x0000, 0x0000, 0x0000,
	0x0000, 0x0000, 0x0000, 0x0000, 0x0187, 0x0187, 0x0187, 0xE758, 0xE758, 0x0187, 0x0187, 0x0187, 0x0187, 0x0000, 0x0000, 0x0000,
	0x0000, 0x0000, 0x0000, 0x0000, 0x0187, 0x0187, 0x0187, 0x0187, 0x0187, 0x0187, 0x0187, 0x0187, 0x0187, 0x0000, 0x0000, 0x0000,
	0x0000, 0x0000, 0x0000, 0x0000, 0x0187, 0x0187, 0x0187, 0x0187, 0x0187, 0x0187, 0x0187, 0x0187, 0x0187, 0x0000, 0x0000, 0x0000,
	0x0000, 0x0000, 0x0000, 0x0000, 0x0000, 0x0187, 0x0187, 0x0187, 0x0187, 0x0187, 0x0187, 0x0187, 0x0000, 0x0000, 0x0000, 0x0000,
	0x0000, 0x0000, 0x0000, 0x0000, 0x0000, 0x0000, 0x0187, 0x0000, 0x0000, 0x0000, 0x0187, 0x0000, 0x0000, 0x0000, 0x0000, 0x0000
};
// 'pet_All_08', 48x48px
const uint16_t epd_bitmap_pet_All_08 [] PROGMEM = {
	0x0000, 0x0000, 0x0000, 0x0000, 0x0000, 0x0000, 0x0000, 0x0000, 0x0000, 0x0000, 0x0000, 0x0000, 0x0000, 0x0000, 0x0000, 0x0000,
	0x0000, 0x0000, 0x0000, 0x0000, 0x0000, 0x0000, 0x0000, 0x0000, 0x0000, 0x0000, 0x0000, 0x0000, 0x0000, 0x0000, 0x0000, 0x0000,
	0x0000, 0x0000, 0x0000, 0x0000, 0x0000, 0x0000, 0x0000, 0x0000, 0x0000, 0x0000, 0x0000, 0x0000, 0x0000, 0x0000, 0x0000, 0x0000,
	0x0000, 0x0000, 0x0000, 0x0000, 0x0000, 0x0000, 0x0000, 0x0000, 0x0000, 0x0000, 0x0000, 0x0000, 0x0000, 0x0000, 0x0000, 0x0000,
	0x0000, 0x0000, 0x0000, 0x0000, 0x0000, 0x0000, 0x0000, 0x0000, 0x0000, 0x0000, 0x0000, 0x0000, 0x0000, 0x0000, 0x0000, 0x0000,
	0x0000, 0x0000, 0x0000, 0x0000, 0x0000, 0x0000, 0x0000, 0x0000, 0x0000, 0x0000, 0x0000, 0x0000, 0x0000, 0x0000, 0x0000, 0x0000,
	0x0000, 0x0000, 0x0000, 0x0000, 0x0000, 0x0187, 0x0187, 0x0187, 0x0187, 0x0187, 0x0187, 0x0187, 0x0000, 0x0000, 0x0000, 0x0000,
	0x0000, 0x0000, 0x0000, 0x0000, 0x0187, 0x0187, 0x0187, 0x0187, 0x0187, 0x0187, 0x0187, 0x0187, 0x0187, 0x0000, 0x0000, 0x0000,
	0x0000, 0x0000, 0x0000, 0x0000, 0x0187, 0x0187, 0x0187, 0x0187, 0x0187, 0x0187, 0x0187, 0x0187, 0x0187, 0x0000, 0x0000, 0x0000,
	0x0000, 0x0000, 0x0000, 0x0000, 0xE758, 0xE758, 0x0187, 0x0187, 0x0187, 0x0187, 0xE758, 0xE758, 0x0187, 0x0000, 0x0000, 0x0000,
	0x0000, 0x0000, 0x0000, 0x0000, 0x0187, 0x0187, 0x0187, 0xE758, 0xE758, 0x0187, 0x0187, 0x0187, 0x0187, 0x0000, 0x0000, 0x0000,
	0x0000, 0x0000, 0x0000, 0x0000, 0x0187, 0x0187, 0x0187, 0x0187, 0x0187, 0x0187, 0x0187, 0x0187, 0x0187, 0x0000, 0x0000, 0x0000,
	0x0000, 0x0000, 0x0000, 0x0000, 0x0187, 0x0187, 0x0187, 0x0187, 0x0187, 0x0187, 0x0187, 0x0187, 0x0187, 0x0000, 0x0000, 0x0000,
	0x0000, 0x0000, 0x0000, 0x0000, 0x0187, 0x0187, 0x0187, 0x0187, 0x0187, 0x0187, 0x0187, 0x0187, 0x0187, 0x0000, 0x0000, 0x0000,
	0x0000, 0x0000, 0x0000, 0x0000, 0x0000, 0x0187, 0x0187, 0x0187, 0x0187, 0x0187, 0x0187, 0x0187, 0x0000, 0x0000, 0x0000, 0x0000,
	0x0000, 0x0000, 0x0000, 0x0000, 0x0000, 0x0000, 0x0187, 0x0000, 0x0000, 0x0000, 0x0187, 0x0000, 0x0000, 0x0000, 0x0000, 0x0000
};
// 'pet_All_09', 48x48px
const uint16_t epd_bitmap_pet_All_09 [] PROGMEM = {
	0x0000, 0x0000, 0x0000, 0x0000, 0x0000, 0x0000, 0x0000, 0x0000, 0x0000, 0x0000, 0x0000, 0x0000, 0x0000, 0x0000, 0x0000, 0x0000,
	0x0000, 0x0000, 0x0000, 0x0000, 0x0000, 0x0000, 0x0000, 0x0000, 0x0000, 0x0000, 0x0000, 0x0000, 0x0000, 0x0000, 0x0000, 0x0000,
	0x0000, 0x0000, 0x0000, 0x0000, 0x0000, 0x0000, 0x0000, 0x0000, 0x0000, 0x0000, 0x0000, 0x0000, 0x0000, 0x0000, 0x0000, 0x0000,
	0x0000, 0x0000, 0x0000, 0x0000, 0x0000, 0x0000, 0x0000, 0x0000, 0x0000, 0x0000, 0x0000, 0x0000, 0x0000, 0x0000, 0x0000, 0x0000,
	0x0000, 0x0000, 0x0000, 0x0000, 0x0000, 0x0000, 0x0000, 0x0000, 0x0000, 0x0000, 0x0000, 0x0000, 0x0000, 0x0000, 0x0000, 0x0000,
	0x0000, 0x0000, 0x0000, 0x0000, 0x0000, 0x0000, 0x0000, 0x0000, 0x0000, 0x0000, 0x0000, 0x0000, 0x0000, 0x0000, 0x0000, 0x0000,
	0x0000, 0x0000, 0x0000, 0x0000, 0x0000, 0x0000, 0x0000, 0x0000, 0x0000, 0x0000, 0x0000, 0x0000, 0x0000, 0x0000, 0x0000, 0x0000,
	0x0000, 0x0000, 0x0000, 0x0000, 0x0000, 0x0187, 0x0187, 0x0187, 0x0187, 0x0187, 0x0187, 0x0187, 0x0000, 0x0000, 0x0000, 0x0000,
	0x0000, 0x0000, 0x0000, 0x0000, 0x0187, 0x0187, 0x0187, 0x0187, 0x0187, 0x0187, 0x0187, 0x0187, 0x0187, 0x0000, 0x0000, 0x0000,
	0x0000, 0x0000, 0x0000, 0x0000, 0x0187, 0xE758, 0x0187, 0x0187, 0x0187, 0x0187, 0xE758, 0x0187, 0x0187, 0x0000, 0x0000, 0x0000,
	0x0000, 0x0000, 0x0000, 0x0000, 0xE758, 0xE758, 0x0187, 0xE758, 0xE758, 0x0187, 0xE758, 0xE758, 0x0187, 0x0000, 0x0000, 0x0000,
	0x0000, 0x0000, 0x0000, 0x0000, 0x0187, 0x0187, 0x0187, 0xE758, 0xE758, 0x0187, 0x0187, 0x0187, 0x0187, 0x0000, 0x0000, 0x0000,
	0x0000, 0x0000, 0x0000, 0x0000, 0x0187, 0x0187, 0x0187, 0x0187, 0x0187, 0x0187, 0x0187, 0x0187, 0x0187, 0x0000, 0x0000, 0x0000,
	0x0000, 0x0000, 0x0000, 0x0000, 0x0187, 0x0187, 0x0187, 0x0187, 0x0187, 0x0187, 0x0187, 0x0187, 0x0187, 0x0000, 0x0000, 0x0000,
	0x0000, 0x0000, 0x0000, 0x0000, 0x0000, 0x0187, 0x0187, 0x0187, 0x0187, 0x0187, 0x0187, 0x0187, 0x0000, 0x0000, 0x0000, 0x0000,
	0x0000, 0x0000, 0x0000, 0x0000, 0x0000, 0x0000, 0x0187, 0x0000, 0x0000, 0x0000, 0x0187, 0x0000, 0x0000, 0x0000, 0x0000, 0x0000
};
// 'pet_All_10', 48x48px
const uint16_t epd_bitmap_pet_All_10 [] PROGMEM = {
	0x0000, 0x0000, 0x0000, 0x0000, 0x0000, 0x0000, 0x0000, 0x0000, 0x0000, 0x0000, 0x0000, 0x0000, 0x0000, 0x0000, 0x0000, 0x0000,
	0x0000, 0x0000, 0x0000, 0x0000, 0x0000, 0x0000, 0x0000, 0x0000, 0x0000, 0x0000, 0x0000, 0x0000, 0x0000, 0x0000, 0x0000, 0x0000,
	0x0000, 0x0000, 0x0000, 0x0000, 0x0000, 0x0000, 0x0000, 0x0000, 0x0000, 0x0000, 0x0000, 0x0000, 0x0000, 0x0000, 0x0000, 0x0000,
	0x0000, 0x0000, 0x0000, 0x0000, 0x0000, 0x0000, 0x0000, 0x0000, 0x0000, 0x0000, 0x0000, 0x0000, 0x0000, 0x0000, 0x0000, 0x0000,
	0x0000, 0x0000, 0x0000, 0x0000, 0x0000, 0x0000, 0x0000, 0x0000, 0x0000, 0x0000, 0x0000, 0x0000, 0x0000, 0x0000, 0x0000, 0x0000,
	0x0000, 0x0000, 0x0000, 0x0000, 0x0000, 0x0000, 0x0000, 0x0000, 0x0000, 0x0000, 0x0000, 0x0000, 0x0000, 0x0000, 0x0000, 0x0000,
	0x0000, 0x0000, 0x0000, 0x0000, 0x0000, 0x0000, 0x0000, 0x0000, 0x0000, 0x0000, 0x0000, 0x0000, 0x0000, 0x0000, 0x0000, 0x0000,
	0x0000, 0x0000, 0x0000, 0x0000, 0x0000, 0x0000, 0x0000, 0x0000, 0x0000, 0x0000, 0x0000, 0x0000, 0x0000, 0x0000, 0x0000, 0x0000,
	0x0000, 0x0000, 0x0000, 0x0000, 0x0000, 0x0000, 0x0000, 0x0000, 0x0000, 0x0000, 0x0000, 0x0000, 0x0000, 0x0000, 0x0000, 0x0000,
	0x0000, 0x0000, 0x0000, 0x0000, 0x0000, 0x0187, 0x0187, 0x0187, 0x0187, 0x0187, 0x0187, 0x0187, 0x0000, 0x0000, 0x0000, 0x0000,
	0x0000, 0x0000, 0x0000, 0x0000, 0x0187, 0xE758, 0x0187, 0x0187, 0x0187, 0x0187, 0xE758, 0x0187, 0x0187, 0x0000, 0x0000, 0x0000,
	0x0000, 0x0000, 0x0000, 0x0000, 0xE758, 0xE758, 0x0187, 0x0187, 0x0187, 0x0187, 0xE758, 0xE758, 0x0187, 0x0000, 0x0000, 0x0000,
	0x0000, 0x0000, 0x0000, 0x0000, 0x0187, 0x0187, 0x0187, 0xE758, 0xE758, 0x0187, 0x0187, 0x0187, 0x0187, 0x0000, 0x0000, 0x0000,
	0x0000, 0x0000, 0x0000, 0x0000, 0x0187, 0x0187, 0x0187, 0x0187, 0x0187, 0x0187, 0x0187, 0x0187, 0x0187, 0x0000, 0x0000, 0x0000,
	0x0000, 0x0000, 0x0000, 0x0000, 0x0187, 0x0187, 0x0187, 0x0187, 0x0187, 0x0187, 0x0187, 0x0187, 0x0187, 0x0000, 0x0000, 0x0000,
	0x0000, 0x0000, 0x0000, 0x0000, 0x0187, 0x0187, 0x0187, 0x0187, 0x0187, 0x0187, 0x0187, 0x0187, 0x0187, 0x0000, 0x0000, 0x0000
};
// 'pet_All_11', 48x48px
const uint16_t epd_bitmap_pet_All_11 [] PROGMEM = {
	0x0000, 0x0000, 0x0000, 0x0000, 0x0000, 0x0000, 0x0000, 0x0000, 0x0000, 0x0000, 0x0000, 0x0000, 0x0000, 0x0000, 0x0000, 0x0000,
	0x0000, 0x0000, 0x0000, 0x0000, 0x0000, 0x0000, 0x0000, 0x0000, 0x0000, 0x0000, 0x0000, 0x0000, 0x0000, 0x0000, 0x0000, 0x0000,
	0x0000, 0x0000, 0x0000, 0x0000, 0x0000, 0x0000, 0x0000, 0x0000, 0x0000, 0x0000, 0x0000, 0x0000, 0x0000, 0x0000, 0x0000, 0x0000,
	0x0000, 0x0000, 0x0000, 0x0000, 0x0000, 0x0000, 0x0000, 0x0000, 0x0000, 0x0000, 0x0000, 0x0000, 0x0000, 0x0000, 0x0000, 0x0000,
	0x0000, 0x0000, 0x0000, 0x0000, 0x0000, 0x0000, 0x0000, 0x0000, 0x0000, 0x0000, 0x0000, 0x0000, 0x0000, 0x0000, 0x0000, 0x0000,
	0x0000, 0x0000, 0x0000, 0x0000, 0x0000, 0x0000, 0x0000, 0x0000, 0x0000, 0x0000, 0x0000, 0x0000, 0x0000, 0x0000, 0x0000, 0x0000,
	0x0000, 0x0000, 0x0000, 0x0000, 0x0000, 0x0187, 0x0187, 0x0187, 0x0187, 0x0187, 0x0187, 0x0187, 0x0000, 0x0000, 0x0000, 0x0000,
	0x0000, 0x0000, 0x0000, 0x0000, 0x0187, 0x0187, 0x0187, 0x0187, 0x0187, 0x0187, 0x0187, 0x0187, 0x0187, 0x0000, 0x0000, 0x0000,
	0x0000, 0x0000, 0x0000, 0x0000, 0xE758, 0x0187, 0x0187, 0x0187, 0x0187, 0x0187, 0x0187, 0xE758, 0x0187, 0x0000, 0x0000, 0x0000,
	0x0000, 0x0000, 0x0000, 0x0000, 0x0187, 0xE758, 0x0187, 0xE758, 0xE758, 0x0187, 0xE758, 0x0187, 0x0187, 0x0000, 0x0000, 0x0000,
	0x0000, 0x0000, 0x0000, 0x0000, 0x0187, 0x0187, 0x0187, 0xE758, 0xE758, 0x0187, 0x0187, 0x0187, 0x0187, 0x0000, 0x0000, 0x0000,
	0x0000, 0x0000, 0x0000, 0x0000, 0x0187, 0x0187, 0x0187, 0xE758, 0xE758, 0x0187, 0x0187, 0x0187, 0x0187, 0x0000, 0x0000, 0x0000,
	0x0000, 0x0000, 0x0000, 0x0000, 0x0187, 0x0187, 0x0187, 0x0187, 0x0187, 0x0187, 0x0187, 0x0187, 0x0187, 0x0000, 0x0000, 0x0000,
	0x0000, 0x0000, 0x0000, 0x0000, 0x0187, 0x0187, 0x0187, 0x0187, 0x0187, 0x0187, 0x0187, 0x0187, 0x0187, 0x0000, 0x0000, 0x0000,
	0x0000, 0x0000, 0x0000, 0x0000, 0x0000, 0x0187, 0x0187, 0x0187, 0x0187, 0x0187, 0x0187, 0x0187, 0x0000, 0x0000, 0x0000, 0x0000,
	0x0000, 0x0000, 0x0000, 0x0000, 0x0000, 0x0000, 0x0187, 0x0000, 0x0000, 0x0000, 0x0187, 0x0000, 0x0000, 0x0000, 0x0000, 0x0000
};
// Array of all bitmaps for convenience. (Total bytes used to store images in PROGMEM = 27840)
const int petBody_LEN = 12;
const uint16_t* petBody[12] = {
	epd_bitmap_pet_All_00,
	epd_bitmap_pet_All_01,
	epd_bitmap_pet_All_02,
	epd_bitmap_pet_All_03,
	epd_bitmap_pet_All_04,
	epd_bitmap_pet_All_05,
	epd_bitmap_pet_All_06,
	epd_bitmap_pet_All_07,
	epd_bitmap_pet_All_08,
	epd_bitmap_pet_All_09,
	epd_bitmap_pet_All_10,
	epd_bitmap_pet_All_11
};

/////////////////////////////////PET EMOTES///////////////////////////////////
// 'Sleep 1', 8x8px
const uint16_t epd_bitmap_Emotes_All_00 [] PROGMEM = {
	0x0187, 0x0187, 0x0187, 0x0187, 0x0187, 0x0187, 0x0187, 0x0187,
	0x0187, 0x0187, 0x0187, 0x0187, 0x0187, 0x0187, 0x0187, 0x0187,
	0x0187, 0x0187, 0x0187, 0x0187, 0x0187, 0x0187, 0x0187, 0x0187,
	0x0187, 0x0187, 0x0187, 0x0187, 0x0187, 0x0187, 0x0187, 0x0187,
	0xFE72, 0xFE72, 0xFE72, 0x0187, 0x0187, 0x0187, 0x0187, 0x0187,
	0x0187, 0xFE72, 0xFE72, 0xFE72, 0x0187, 0x0187, 0x0187, 0x0187,
	0x0187, 0x0187, 0x0187, 0x0187, 0x0187, 0x0187, 0x0187, 0x0187,
	0x0187, 0x0187, 0x0187, 0x0187, 0x0187, 0x0187, 0x0187, 0x0187,
};
// 'Sleep 2', 8x8px
const uint16_t epd_bitmap_Emotes_All_01 [] PROGMEM = {
	0x0187, 0x0187, 0x0187, 0xFE72, 0xFE72, 0xFE72, 0xFE72, 0xFE72,
	0x0187, 0x0187, 0x0187, 0x0187, 0x0187, 0x0187, 0xFE72, 0x0187,
	0x0187, 0x0187, 0x0187, 0x0187, 0x0187, 0xFE72, 0x0187, 0x0187,
	0x0187, 0x0187, 0x0187, 0x0187, 0xFE72, 0x0187, 0x0187, 0x0187,
	0x0187, 0x0187, 0x0187, 0xFE72, 0xFE72, 0xFE72, 0xFE72, 0xFE72,
	0x0187, 0x0187, 0x0187, 0x0187, 0x0187, 0x0187, 0x0187, 0x0187,
	0x0187, 0x0187, 0x0187, 0x0187, 0x0187, 0x0187, 0x0187, 0x0187,
	0x0187, 0x0187, 0x0187, 0x0187, 0x0187, 0x0187, 0x0187, 0x0187,
};
// 'Sunshine', 8x8px
const uint16_t epd_bitmap_Emotes_All_03 [] PROGMEM = {
	0x0187, 0x0187, 0xFBAE, 0xFBAE, 0xFBAE, 0xFBAE, 0x0187, 0x0187,
	0x0187, 0x0187, 0xFBAE, 0xFBAE, 0xFBAE, 0xFBAE, 0x0187, 0x0187,
	0x0187, 0x0187, 0xFBAE, 0xFBAE, 0xFBAE, 0xFBAE, 0x0187, 0x0187,
	0x0187, 0x0187, 0x0187, 0xFBAE, 0xFBAE, 0x0187, 0x0187, 0x0187,
	0x0187, 0x0187, 0x0187, 0xFBAE, 0xFBAE, 0x0187, 0x0187, 0x0187,
	0x0187, 0x0187, 0x0187, 0x0187, 0x0187, 0x0187, 0x0187, 0x0187,
	0x0187, 0x0187, 0x0187, 0xFBAE, 0xFBAE, 0x0187, 0x0187, 0x0187,
	0x0187, 0x0187, 0x0187, 0xFBAE, 0xFBAE, 0x0187, 0x0187, 0x0187,
};
// 'Exclamation Point', 8x8px
const uint16_t epd_bitmap_Emotes_All_02 [] PROGMEM = {
	0x0187, 0x0187, 0xFE72, 0x0187, 0x0187, 0xFE72, 0x0187, 0x0187,
	0x0187, 0x0187, 0x0187, 0x0187, 0x0187, 0x0187, 0x0187, 0x0187,
	0xFE72, 0x0187, 0x0187, 0xFE72, 0xFE72, 0x0187, 0x0187, 0xFE72,
	0x0187, 0x0187, 0xFE72, 0x0187, 0x0187, 0xFE72, 0x0187, 0x0187,
	0x0187, 0x0187, 0xFE72, 0x0187, 0x0187, 0xFE72, 0x0187, 0x0187,
	0xFE72, 0x0187, 0x0187, 0xFE72, 0xFE72, 0x0187, 0x0187, 0xFE72,
	0x0187, 0x0187, 0x0187, 0x0187, 0x0187, 0x0187, 0x0187, 0x0187,
	0x0187, 0x0187, 0xFE72, 0x0187, 0x0187, 0xFE72, 0x0187, 0x0187,
};
// 'Need Healing', 8x8px
const uint16_t epd_bitmap_Emotes_All_04 [] PROGMEM = {
	0x0187, 0x0187, 0x0187, 0x0187, 0x0187, 0x0187, 0x0187, 0x0187,
	0x0187, 0x0187, 0x0187, 0xFBAE, 0xFBAE, 0x0187, 0x0187, 0x0187,
	0x0187, 0x0187, 0x0187, 0xFBAE, 0xFBAE, 0x0187, 0x0187, 0x0187,
	0x0187, 0xFBAE, 0xFBAE, 0xFBAE, 0xFBAE, 0xFBAE, 0xFBAE, 0x0187,
	0x0187, 0xFBAE, 0xFBAE, 0xFBAE, 0xFBAE, 0xFBAE, 0xFBAE, 0x0187,
	0x0187, 0x0187, 0x0187, 0xFBAE, 0xFBAE, 0x0187, 0x0187, 0x0187,
	0x0187, 0x0187, 0x0187, 0xFBAE, 0xFBAE, 0x0187, 0x0187, 0x0187,
	0x0187, 0x0187, 0x0187, 0x0187, 0x0187, 0x0187, 0x0187, 0x0187,
};
// 'Skull', 8x8px
const uint16_t epd_bitmap_Emotes_All_05 [] PROGMEM = {
	0x0187, 0x0187, 0x0187, 0x0187, 0x0187, 0x0187, 0x0187, 0x0187,
	0x0187, 0xFBAE, 0xFBAE, 0xFBAE, 0xFBAE, 0xFBAE, 0xFBAE, 0x0187,
	0xFBAE, 0xFBAE, 0xFBAE, 0xFBAE, 0xFBAE, 0xFBAE, 0xFBAE, 0xFBAE,
	0xFBAE, 0xFBAE, 0xFBAE, 0xFBAE, 0xFBAE, 0xFBAE, 0xFBAE, 0xFBAE,
	0x0187, 0x0187, 0xFBAE, 0xFBAE, 0x0187, 0x0187, 0xFBAE, 0xFBAE,
	0xFBAE, 0xFBAE, 0x0187, 0xFBAE, 0xFBAE, 0xFBAE, 0xFBAE, 0xFBAE,
	0x0187, 0xFBAE, 0xFBAE, 0xFBAE, 0xFBAE, 0xFBAE, 0x0187, 0x0187,
	0x0187, 0xFBAE, 0x0187, 0xFBAE, 0x0187, 0xFBAE, 0x0187, 0x0187,
};
// 'Heart', 8x8px
const uint16_t epd_bitmap_Emotes_All_06 [] PROGMEM = {
	0x0187, 0x0187, 0x0187, 0x0187, 0x0187, 0x0187, 0x0187, 0x0187,
	0x0187, 0xFE72, 0xFBAE, 0x0187, 0xFBAE, 0xFBAE, 0x0187, 0x0187,
	0xFE72, 0xFBAE, 0xFBAE, 0xFBAE, 0xFBAE, 0xFBAE, 0xFBAE, 0x0187,
	0xFBAE, 0xFBAE, 0xFBAE, 0xFBAE, 0xFBAE, 0xFBAE, 0xFBAE, 0x0187,
	0x0187, 0xFBAE, 0xFBAE, 0xFBAE, 0xFBAE, 0xFBAE, 0x0187, 0x0187,
	0x0187, 0x0187, 0xFBAE, 0xFBAE, 0xFBAE, 0x0187, 0x0187, 0x0187,
	0x0187, 0x0187, 0x0187, 0xFBAE, 0x0187, 0x0187, 0x0187, 0x0187,
	0x0187, 0x0187, 0x0187, 0x0187, 0x0187, 0x0187, 0x0187, 0x0187,
};
// 'Angry', 8x8px
const uint16_t epd_bitmap_Emotes_All_07 [] PROGMEM = {
	0x0187, 0x0187, 0xFBAE, 0x0187, 0x0187, 0xFBAE, 0x0187, 0x0187,
	0x0187, 0x0187, 0x0187, 0xFBAE, 0xFBAE, 0x0187, 0x0187, 0x0187,
	0xFBAE, 0x0187, 0x0187, 0x0187, 0x0187, 0x0187, 0x0187, 0xFBAE,
	0x0187, 0xFBAE, 0x0187, 0x0187, 0x0187, 0x0187, 0xFBAE, 0x0187,
	0x0187, 0xFBAE, 0x0187, 0x0187, 0x0187, 0x0187, 0xFBAE, 0x0187,
	0xFBAE, 0x0187, 0x0187, 0x0187, 0x0187, 0x0187, 0x0187, 0xFBAE,
	0x0187, 0x0187, 0x0187, 0xFBAE, 0xFBAE, 0x0187, 0x0187, 0x0187,
	0x0187, 0x0187, 0xFBAE, 0x0187, 0x0187, 0xFBAE, 0x0187, 0x0187,
};
// 'Thought Bubble 1', 8x8px
const uint16_t epd_bitmap_Emotes_All_08 [] PROGMEM = {
	0x0187, 0x0187, 0x0187, 0x0187, 0x0187, 0x0187, 0x0187, 0x0187,
	0x0187, 0x0187, 0x0187, 0x0187, 0x0187, 0x0187, 0x0187, 0x0187,
	0x0187, 0x0187, 0x0187, 0x0187, 0x0187, 0x0187, 0x0187, 0x0187,
	0x0187, 0x0187, 0xE758, 0xE758, 0xE758, 0x0187, 0x0187, 0x0187,
	0x0187, 0x0187, 0xE758, 0xE758, 0xE758, 0x0187, 0x0187, 0x0187,
	0x0187, 0x0187, 0xE758, 0x0187, 0x0187, 0x0187, 0x0187, 0x0187,
	0x0187, 0x0187, 0x0187, 0x0187, 0x0187, 0x0187, 0x0187, 0x0187,
	0x0187, 0x0187, 0x0187, 0x0187, 0x0187, 0x0187, 0x0187, 0x0187,
};
// 'Thought Bubble 2', 8x8px
const uint16_t epd_bitmap_Emotes_All_09 [] PROGMEM = {
	0x0187, 0x0187, 0xE758, 0xE758, 0xE758, 0xE758, 0xE758, 0x0187,
	0x0187, 0xE758, 0xE758, 0xE758, 0xE758, 0xE758, 0xE758, 0xE758,
	0x0187, 0xE758, 0xFBAE, 0xE758, 0xFBAE, 0xE758, 0xFBAE, 0xE758,
	0x0187, 0xE758, 0xE758, 0xE758, 0xE758, 0xE758, 0xE758, 0xE758,
	0x0187, 0x0187, 0xE758, 0xE758, 0xE758, 0xE758, 0xE758, 0x0187,
	0x0187, 0x0187, 0x0187, 0xE758, 0x0187, 0x0187, 0x0187, 0x0187,
	0x0187, 0x0187, 0xE758, 0x0187, 0x0187, 0x0187, 0x0187, 0x0187,
	0x0187, 0x0187, 0x0187, 0x0187, 0x0187, 0x0187, 0x0187, 0x0187,
};
// 'Hungry 1', 8x8px
const uint16_t epd_bitmap_Emotes_All_10 [] PROGMEM = {
	0x0187, 0x0187, 0xFE72, 0x0187, 0x0187, 0x0187, 0xFE72, 0x0187,
	0x0187, 0xFE72, 0x0187, 0xFE72, 0x0187, 0xFE72, 0x0187, 0xFE72,
	0xFE72, 0x0187, 0x0187, 0x0187, 0xFE72, 0x0187, 0x0187, 0x0187,
	0x0187, 0x0187, 0x0187, 0x0187, 0x0187, 0x0187, 0x0187, 0x0187,
	0x0187, 0x0187, 0xFE72, 0x0187, 0x0187, 0x0187, 0xFE72, 0x0187,
	0x0187, 0xFE72, 0x0187, 0xFE72, 0x0187, 0xFE72, 0x0187, 0xFE72,
	0xFE72, 0x0187, 0x0187, 0x0187, 0xFE72, 0x0187, 0x0187, 0x0187,
	0x0187, 0x0187, 0x0187, 0x0187, 0x0187, 0x0187, 0x0187, 0x0187,
};
// 'Hungry 2', 8x8px
const uint16_t epd_bitmap_Emotes_All_11 [] PROGMEM = {
	0x0187, 0x0187, 0x0187, 0x0187, 0x0187, 0x0187, 0x0187, 0x0187,
	0x0187, 0x0187, 0x0187, 0xFE72, 0x0187, 0x0187, 0x0187, 0xFE72,
	0xFE72, 0x0187, 0xFE72, 0x0187, 0xFE72, 0x0187, 0xFE72, 0x0187,
	0x0187, 0xFE72, 0x0187, 0x0187, 0x0187, 0xFE72, 0x0187, 0x0187,
	0x0187, 0x0187, 0x0187, 0x0187, 0x0187, 0x0187, 0x0187, 0x0187,
	0x0187, 0x0187, 0x0187, 0xFE72, 0x0187, 0x0187, 0x0187, 0xFE72,
	0xFE72, 0x0187, 0xFE72, 0x0187, 0xFE72, 0x0187, 0xFE72, 0x0187,
	0x0187, 0xFE72, 0x0187, 0x0187, 0x0187, 0xFE72, 0x0187, 0x0187,
};
// 'Tired 1', 8x8px
const uint16_t epd_bitmap_Emotes_All_12 [] PROGMEM = {
	0x0187, 0x0187, 0x0187, 0x0187, 0x0187, 0x0187, 0x0187, 0x0187,
	0x0187, 0x0187, 0x0187, 0x0187, 0x0187, 0x0187, 0x0187, 0x0187,
	0x0187, 0x0187, 0x0187, 0x0187, 0xE758, 0xE758, 0x0187, 0x0187,
	0x0187, 0x0187, 0x0187, 0xE758, 0x0187, 0x0187, 0xE758, 0x0187,
	0x0187, 0x0187, 0x0187, 0xE758, 0x0187, 0x0187, 0xE758, 0x0187,
	0x0187, 0x0187, 0x0187, 0x0187, 0xE758, 0xE758, 0x0187, 0x0187,
	0x0187, 0xE758, 0x0187, 0x0187, 0x0187, 0x0187, 0x0187, 0x0187,
	0x0187, 0x0187, 0x0187, 0x0187, 0x0187, 0x0187, 0x0187, 0x0187,
};
// 'Tired 2', 8x8px
const uint16_t epd_bitmap_Emotes_All_13 [] PROGMEM = {
	0x0187, 0xE758, 0xE758, 0xE758, 0x0187, 0x0187, 0x0187, 0x0187,
	0xE758, 0x0187, 0x0187, 0x0187, 0xE758, 0x0187, 0x0187, 0x0187,
	0xE758, 0x0187, 0x0187, 0x0187, 0xE758, 0x0187, 0x0187, 0x0187,
	0xE758, 0x0187, 0x0187, 0x0187, 0xE758, 0x0187, 0x0187, 0x0187,
	0x0187, 0xE758, 0xE758, 0xE758, 0x0187, 0x0187, 0x0187, 0x0187,
	0x0187, 0x0187, 0x0187, 0x0187, 0x0187, 0x0187, 0x0187, 0x0187,
	0x0187, 0x0187, 0x0187, 0x0187, 0x0187, 0x0187, 0x0187, 0x0187,
	0x0187, 0x0187, 0x0187, 0x0187, 0x0187, 0x0187, 0x0187, 0x0187,
};
// 'Blank', 8x8px
const uint16_t epd_bitmap_Emotes_All_14 [] PROGMEM = {
	0x0187, 0x0187, 0x0187, 0x0187, 0x0187, 0x0187, 0x0187, 0x0187,
	0x0187, 0x0187, 0x0187, 0x0187, 0x0187, 0x0187, 0x0187, 0x0187,
	0x0187, 0x0187, 0x0187, 0x0187, 0x0187, 0x0187, 0x0187, 0x0187,
	0x0187, 0x0187, 0x0187, 0x0187, 0x0187, 0x0187, 0x0187, 0x0187,
	0x0187, 0x0187, 0x0187, 0x0187, 0x0187, 0x0187, 0x0187, 0x0187,
	0x0187, 0x0187, 0x0187, 0x0187, 0x0187, 0x0187, 0x0187, 0x0187,
	0x0187, 0x0187, 0x0187, 0x0187, 0x0187, 0x0187, 0x0187, 0x0187,
	0x0187, 0x0187, 0x0187, 0x0187, 0x0187, 0x0187, 0x0187, 0x0187,
};
// Array of all bitmaps for convenience. (Total bytes used to store images in PROGMEM = 8288)
const int emotes_LEN = 15;
const uint16_t* emotes[15] = {
	epd_bitmap_Emotes_All_00,
	epd_bitmap_Emotes_All_01,
	epd_bitmap_Emotes_All_02,
	epd_bitmap_Emotes_All_03,
	epd_bitmap_Emotes_All_04,
	epd_bitmap_Emotes_All_05,
	epd_bitmap_Emotes_All_06,
	epd_bitmap_Emotes_All_07,
	epd_bitmap_Emotes_All_08,
	epd_bitmap_Emotes_All_09,
	epd_bitmap_Emotes_All_10,
	epd_bitmap_Emotes_All_11,
	epd_bitmap_Emotes_All_12,
	epd_bitmap_Emotes_All_13,
  epd_bitmap_Emotes_All_14
};

#pragma endregion

#pragma region Consumables
// 'Sweet Fruit 1', 16x16px
const uint16_t epd_bitmap_Items_All_00 [] PROGMEM = {
	0x0187, 0x0187, 0x0187, 0x0187, 0x0187, 0xE758, 0xE758, 0xE758, 0x0187, 0x0187, 0x0187, 0x0187, 0x0187, 0x0187, 0x0187, 0x0187,
	0x0187, 0x0187, 0x0187, 0x0187, 0xE758, 0x0187, 0x0187, 0x0187, 0xE758, 0x0187, 0x0187, 0x0187, 0x0187, 0x0187, 0x0187, 0x0187,
	0x0187, 0x0187, 0x0187, 0xE758, 0x0187, 0xFE72, 0xFE72, 0xFE72, 0x0187, 0xE758, 0x0187, 0x0187, 0x0187, 0x0187, 0x0187, 0x0187,
	0x0187, 0x0187, 0x0187, 0x0187, 0xE758, 0x0187, 0xFE72, 0xFE72, 0xFE72, 0x0187, 0xE758, 0xE758, 0x0187, 0x0187, 0x0187, 0x0187,
	0x0187, 0x0187, 0xE758, 0xE758, 0x0187, 0x0187, 0x0187, 0xFE72, 0xE758, 0x0187, 0x0187, 0x0187, 0xE758, 0xE758, 0x0187, 0x0187,
	0x0187, 0xE758, 0x0187, 0x0187, 0xFBAE, 0xFBAE, 0xFBAE, 0xFBAE, 0xE758, 0xFBAE, 0xFBAE, 0xFBAE, 0x0187, 0x0187, 0xE758, 0x0187,
	0x0187, 0xE758, 0x0187, 0xFBAE, 0xFBAE, 0xFBAE, 0xFBAE, 0xFE72, 0xE758, 0xFE72, 0xFBAE, 0xE758, 0xFBAE, 0x0187, 0xE758, 0x0187,
	0xE758, 0x0187, 0xFBAE, 0xFBAE, 0xFBAE, 0xFBAE, 0xFBAE, 0xFBAE, 0xFE72, 0xFBAE, 0xFBAE, 0xE758, 0xE758, 0xFBAE, 0x0187, 0xE758,
	0xE758, 0x0187, 0xFBAE, 0xFBAE, 0xFBAE, 0xFBAE, 0xFBAE, 0xFBAE, 0xFBAE, 0xFBAE, 0xFBAE, 0xFBAE, 0xE758, 0xFBAE, 0x0187, 0xE758,
	0xE758, 0x0187, 0xFBAE, 0xFBAE, 0xFBAE, 0xFBAE, 0xFBAE, 0xFBAE, 0xFBAE, 0xFBAE, 0xFBAE, 0xFBAE, 0xFBAE, 0xFBAE, 0x0187, 0xE758,
	0xE758, 0x0187, 0xFBAE, 0xFBAE, 0xFBAE, 0xFBAE, 0xFBAE, 0xFBAE, 0xFBAE, 0xFBAE, 0xFBAE, 0xFBAE, 0xFBAE, 0xFBAE, 0x0187, 0xE758,
	0xE758, 0x0187, 0xFBAE, 0xFBAE, 0xFBAE, 0xFBAE, 0xFBAE, 0xFBAE, 0xFBAE, 0xFBAE, 0xFBAE, 0xFBAE, 0xFBAE, 0xFE72, 0x0187, 0xE758,
	0x0187, 0xE758, 0x0187, 0xFE72, 0xFBAE, 0xFE72, 0xFE72, 0xFE72, 0xFBAE, 0xFBAE, 0xFBAE, 0xFE72, 0xFE72, 0x0187, 0xE758, 0x0187,
	0x0187, 0xE758, 0x0187, 0x0187, 0xFE72, 0xFE72, 0xFE72, 0xFE72, 0xFE72, 0xFE72, 0xFE72, 0xFE72, 0x0187, 0x0187, 0xE758, 0x0187,
	0x0187, 0x0187, 0xE758, 0xE758, 0x0187, 0x0187, 0x0187, 0x0187, 0x0187, 0x0187, 0x0187, 0x0187, 0xE758, 0xE758, 0x0187, 0x0187,
	0x0187, 0x0187, 0x0187, 0x0187, 0xE758, 0xE758, 0xE758, 0xE758, 0xE758, 0xE758, 0xE758, 0xE758, 0x0187, 0x0187, 0x0187, 0x0187,
};
// 'Sweet Fruit 2', 16x16px
const uint16_t epd_bitmap_Items_All_01 [] PROGMEM = {
	0x0187, 0x0187, 0x0187, 0x0187, 0x0187, 0xE758, 0xE758, 0xE758, 0x0187, 0x0187, 0x0187, 0x0187, 0x0187, 0x0187, 0x0187, 0x0187,
	0x0187, 0x0187, 0x0187, 0x0187, 0xE758, 0x0187, 0x0187, 0x0187, 0xE758, 0x0187, 0x0187, 0x0187, 0x0187, 0x0187, 0x0187, 0x0187,
	0x0187, 0x0187, 0x0187, 0xE758, 0x0187, 0xFE72, 0xFE72, 0xFE72, 0x0187, 0xE758, 0x0187, 0x0187, 0x0187, 0x0187, 0x0187, 0x0187,
	0x0187, 0x0187, 0x0187, 0x0187, 0xE758, 0x0187, 0xFE72, 0xFE72, 0xFE72, 0x0187, 0xE758, 0xE758, 0x0187, 0x0187, 0x0187, 0x0187,
	0x0187, 0x0187, 0x0187, 0x0187, 0x0187, 0xE758, 0x0187, 0xFE72, 0xE758, 0x0187, 0x0187, 0x0187, 0xE758, 0xE758, 0x0187, 0x0187,
	0x0187, 0x0187, 0x0187, 0x0187, 0xE758, 0x0187, 0xFBAE, 0xFBAE, 0xE758, 0xFBAE, 0xFBAE, 0xFBAE, 0x0187, 0x0187, 0xE758, 0x0187,
	0x0187, 0x0187, 0x0187, 0x0187, 0xE758, 0x0187, 0xFBAE, 0xFE72, 0xE758, 0xFE72, 0xFBAE, 0xE758, 0xFBAE, 0x0187, 0xE758, 0x0187,
	0x0187, 0x0187, 0x0187, 0x0187, 0x0187, 0xE758, 0x0187, 0xFBAE, 0xFE72, 0xFBAE, 0xFBAE, 0xE758, 0xE758, 0xFBAE, 0x0187, 0xE758,
	0x0187, 0x0187, 0x0187, 0x0187, 0x0187, 0xE758, 0x0187, 0xFBAE, 0xFBAE, 0xFBAE, 0xFBAE, 0xFBAE, 0xE758, 0xFBAE, 0x0187, 0xE758,
	0x0187, 0x0187, 0x0187, 0x0187, 0x0187, 0xE758, 0x0187, 0xFBAE, 0xFBAE, 0xFBAE, 0xFBAE, 0xFBAE, 0xFBAE, 0xFBAE, 0x0187, 0xE758,
	0x0187, 0x0187, 0x0187, 0xE758, 0xE758, 0x0187, 0xFBAE, 0xFBAE, 0xFBAE, 0xFBAE, 0xFBAE, 0xFBAE, 0xFBAE, 0xFBAE, 0x0187, 0xE758,
	0x0187, 0x0187, 0xE758, 0x0187, 0x0187, 0xFBAE, 0xFBAE, 0xFBAE, 0xFBAE, 0xFBAE, 0xFBAE, 0xFBAE, 0xFBAE, 0xFE72, 0x0187, 0xE758,
	0x0187, 0xE758, 0x0187, 0xFE72, 0xFBAE, 0xFE72, 0xFE72, 0xFE72, 0xFBAE, 0xFBAE, 0xFBAE, 0xFE72, 0xFE72, 0x0187, 0xE758, 0x0187,
	0x0187, 0x0187, 0xE758, 0x0187, 0xFE72, 0xFE72, 0xFE72, 0xFE72, 0xFE72, 0xFE72, 0xFE72, 0xFE72, 0x0187, 0x0187, 0xE758, 0x0187,
	0x0187, 0x0187, 0x0187, 0xE758, 0x0187, 0x0187, 0x0187, 0x0187, 0x0187, 0x0187, 0x0187, 0x0187, 0xE758, 0xE758, 0x0187, 0x0187,
	0x0187, 0x0187, 0x0187, 0x0187, 0xE758, 0xE758, 0xE758, 0xE758, 0xE758, 0xE758, 0xE758, 0xE758, 0x0187, 0x0187, 0x0187, 0x0187,
};
// 'Sweet Fruit 3', 16x16px
const uint16_t epd_bitmap_Items_All_02 [] PROGMEM = {
	0x0187, 0x0187, 0x0187, 0x0187, 0x0187, 0x0187, 0x0187, 0x0187, 0x0187, 0x0187, 0x0187, 0x0187, 0x0187, 0x0187, 0x0187, 0x0187,
	0x0187, 0x0187, 0x0187, 0x0187, 0x0187, 0x0187, 0x0187, 0x0187, 0x0187, 0x0187, 0x0187, 0x0187, 0x0187, 0x0187, 0x0187, 0x0187,
	0x0187, 0x0187, 0x0187, 0x0187, 0x0187, 0x0187, 0x0187, 0x0187, 0x0187, 0x0187, 0x0187, 0x0187, 0x0187, 0x0187, 0x0187, 0x0187,
	0x0187, 0x0187, 0x0187, 0x0187, 0x0187, 0x0187, 0x0187, 0x0187, 0x0187, 0x0187, 0x0187, 0x0187, 0x0187, 0x0187, 0x0187, 0x0187,
	0x0187, 0x0187, 0x0187, 0x0187, 0x0187, 0x0187, 0x0187, 0x0187, 0x0187, 0x0187, 0x0187, 0x0187, 0x0187, 0x0187, 0x0187, 0x0187,
	0x0187, 0x0187, 0x0187, 0x0187, 0x0187, 0x0187, 0x0187, 0x0187, 0x0187, 0x0187, 0x0187, 0x0187, 0xE758, 0xE758, 0x0187, 0x0187,
	0x0187, 0x0187, 0x0187, 0x0187, 0x0187, 0x0187, 0x0187, 0x0187, 0x0187, 0x0187, 0x0187, 0xE758, 0x0187, 0x0187, 0xE758, 0x0187,
	0x0187, 0x0187, 0x0187, 0x0187, 0x0187, 0x0187, 0x0187, 0x0187, 0x0187, 0xE758, 0xE758, 0x0187, 0xFBAE, 0xFBAE, 0x0187, 0xE758,
	0x0187, 0x0187, 0x0187, 0x0187, 0x0187, 0x0187, 0x0187, 0x0187, 0xE758, 0x0187, 0x0187, 0xFBAE, 0xE758, 0xFBAE, 0x0187, 0xE758,
	0x0187, 0x0187, 0x0187, 0x0187, 0x0187, 0x0187, 0x0187, 0xE758, 0x0187, 0xFBAE, 0xFBAE, 0xFBAE, 0xFBAE, 0xFBAE, 0x0187, 0xE758,
	0x0187, 0x0187, 0x0187, 0x0187, 0x0187, 0x0187, 0xE758, 0x0187, 0xFBAE, 0xFBAE, 0xFBAE, 0xFBAE, 0xFBAE, 0xFBAE, 0x0187, 0xE758,
	0x0187, 0x0187, 0x0187, 0x0187, 0x0187, 0x0187, 0xE758, 0x0187, 0xFBAE, 0xFBAE, 0xFBAE, 0xFBAE, 0xFBAE, 0xFE72, 0x0187, 0xE758,
	0x0187, 0x0187, 0x0187, 0x0187, 0x0187, 0x0187, 0xE758, 0x0187, 0xFBAE, 0xFBAE, 0xFBAE, 0xFE72, 0xFE72, 0x0187, 0xE758, 0x0187,
	0x0187, 0x0187, 0x0187, 0x0187, 0x0187, 0xE758, 0x0187, 0xFE72, 0xFE72, 0xFE72, 0xFE72, 0xFE72, 0x0187, 0x0187, 0xE758, 0x0187,
	0x0187, 0x0187, 0x0187, 0x0187, 0x0187, 0x0187, 0xE758, 0x0187, 0x0187, 0x0187, 0x0187, 0x0187, 0xE758, 0xE758, 0x0187, 0x0187,
	0x0187, 0x0187, 0x0187, 0x0187, 0x0187, 0x0187, 0x0187, 0xE758, 0xE758, 0xE758, 0xE758, 0xE758, 0x0187, 0x0187, 0x0187, 0x0187,
};
// 'Energy Drink 1', 16x16px
const uint16_t epd_bitmap_Items_All_03 [] PROGMEM = {
	0x0187, 0x0187, 0x0187, 0x0187, 0x0187, 0xE758, 0xE758, 0xE758, 0xE758, 0xE758, 0xE758, 0x0187, 0x0187, 0x0187, 0x0187, 0x0187,
	0x0187, 0x0187, 0x0187, 0x0187, 0xE758, 0x0187, 0x0187, 0x0187, 0x0187, 0x0187, 0x0187, 0xE758, 0x0187, 0x0187, 0x0187, 0x0187,
	0x0187, 0x0187, 0x0187, 0xE758, 0x0187, 0xE758, 0xE758, 0xE758, 0xE758, 0xE758, 0xE758, 0x0187, 0xE758, 0x0187, 0x0187, 0x0187,
	0x0187, 0x0187, 0xE758, 0x0187, 0xE758, 0x0187, 0x0187, 0xFE72, 0xFE72, 0xE758, 0xE758, 0xE758, 0x0187, 0xE758, 0x0187, 0x0187,
	0x0187, 0x0187, 0xE758, 0x0187, 0xFE72, 0xE758, 0xE758, 0xE758, 0xE758, 0xE758, 0xE758, 0xFE72, 0x0187, 0xE758, 0x0187, 0x0187,
	0x0187, 0x0187, 0xE758, 0x0187, 0xFE72, 0xFBAE, 0xFBAE, 0xFBAE, 0xFBAE, 0xFBAE, 0xFBAE, 0xFE72, 0x0187, 0xE758, 0x0187, 0x0187,
	0x0187, 0x0187, 0xE758, 0x0187, 0xFE72, 0xFBAE, 0xFBAE, 0xFBAE, 0xE758, 0xFBAE, 0xFBAE, 0xFE72, 0x0187, 0xE758, 0x0187, 0x0187,
	0x0187, 0x0187, 0xE758, 0x0187, 0xFE72, 0xFBAE, 0xFBAE, 0xE758, 0xE758, 0xFBAE, 0xFBAE, 0xFE72, 0x0187, 0xE758, 0x0187, 0x0187,
	0x0187, 0x0187, 0xE758, 0x0187, 0xFE72, 0xFBAE, 0xE758, 0xE758, 0xFBAE, 0xFBAE, 0xFBAE, 0xFE72, 0x0187, 0xE758, 0x0187, 0x0187,
	0x0187, 0x0187, 0xE758, 0x0187, 0xFE72, 0xE758, 0xE758, 0xE758, 0xE758, 0xE758, 0xE758, 0xFE72, 0x0187, 0xE758, 0x0187, 0x0187,
	0x0187, 0x0187, 0xE758, 0x0187, 0xFE72, 0xFBAE, 0xFBAE, 0xFBAE, 0xE758, 0xE758, 0xFBAE, 0xFE72, 0x0187, 0xE758, 0x0187, 0x0187,
	0x0187, 0x0187, 0xE758, 0x0187, 0xFE72, 0xFBAE, 0xFBAE, 0xE758, 0xE758, 0xFBAE, 0xFBAE, 0xFE72, 0x0187, 0xE758, 0x0187, 0x0187,
	0x0187, 0x0187, 0xE758, 0x0187, 0xFE72, 0xFBAE, 0xFBAE, 0xE758, 0xFBAE, 0xFBAE, 0xFBAE, 0xFE72, 0x0187, 0xE758, 0x0187, 0x0187,
	0x0187, 0x0187, 0x0187, 0xE758, 0x0187, 0xFBAE, 0xFBAE, 0xFBAE, 0xFBAE, 0xFBAE, 0xFBAE, 0x0187, 0xE758, 0x0187, 0x0187, 0x0187,
	0x0187, 0x0187, 0x0187, 0x0187, 0xE758, 0x0187, 0x0187, 0x0187, 0x0187, 0x0187, 0x0187, 0xE758, 0x0187, 0x0187, 0x0187, 0x0187,
	0x0187, 0x0187, 0x0187, 0x0187, 0x0187, 0xE758, 0xE758, 0xE758, 0xE758, 0xE758, 0xE758, 0x0187, 0x0187, 0x0187, 0x0187, 0x0187,
};
// 'Energy Drink 2', 16x16px
const uint16_t epd_bitmap_Items_All_04 [] PROGMEM = {
	0x0187, 0x0187, 0x0187, 0x0187, 0x0187, 0xE758, 0xE758, 0xE758, 0x0187, 0x0187, 0x0187, 0x0187, 0x0187, 0x0187, 0x0187, 0x0187,
	0x0187, 0x0187, 0x0187, 0x0187, 0xE758, 0x0187, 0x0187, 0x0187, 0xE758, 0x0187, 0x0187, 0x0187, 0x0187, 0x0187, 0x0187, 0x0187,
	0x0187, 0x0187, 0x0187, 0xE758, 0x0187, 0xE758, 0xE758, 0xFE72, 0x0187, 0xE758, 0x0187, 0x0187, 0x0187, 0x0187, 0x0187, 0x0187,
	0x0187, 0x0187, 0xE758, 0x0187, 0xE758, 0xFE72, 0xE758, 0xE758, 0xFE72, 0x0187, 0xE758, 0x0187, 0x0187, 0x0187, 0x0187, 0x0187,
	0x0187, 0xE758, 0x0187, 0xE758, 0xFE72, 0xE758, 0xE758, 0xE758, 0xFBAE, 0xFE72, 0x0187, 0xE758, 0x0187, 0x0187, 0x0187, 0x0187,
	0xE758, 0x0187, 0xE758, 0x0187, 0xE758, 0xE758, 0xE758, 0xFBAE, 0xFBAE, 0xFBAE, 0xFE72, 0x0187, 0xE758, 0x0187, 0x0187, 0x0187,
	0xE758, 0x0187, 0xE758, 0x0187, 0xE758, 0xE758, 0xFBAE, 0xFBAE, 0xE758, 0xFBAE, 0xFBAE, 0xFE72, 0x0187, 0xE758, 0x0187, 0x0187,
	0xE758, 0x0187, 0xFE72, 0xE758, 0xE758, 0xFBAE, 0xFBAE, 0xFBAE, 0xE758, 0xFBAE, 0xFBAE, 0xE758, 0xFE72, 0x0187, 0xE758, 0x0187,
	0x0187, 0xE758, 0x0187, 0xFE72, 0xFE72, 0xFBAE, 0xFBAE, 0xFBAE, 0xE758, 0xFBAE, 0xE758, 0xE758, 0xFBAE, 0xFE72, 0x0187, 0xE758,
	0x0187, 0x0187, 0xE758, 0x0187, 0xFE72, 0xFBAE, 0xFBAE, 0xE758, 0xE758, 0xE758, 0xE758, 0xE758, 0xFBAE, 0xFBAE, 0x0187, 0xE758,
	0x0187, 0x0187, 0x0187, 0xE758, 0x0187, 0xFE72, 0xFBAE, 0xE758, 0xE758, 0xFBAE, 0xE758, 0xFBAE, 0xFBAE, 0xFBAE, 0x0187, 0xE758,
	0x0187, 0x0187, 0x0187, 0x0187, 0xE758, 0x0187, 0xFE72, 0xE758, 0xFBAE, 0xFBAE, 0xE758, 0xFBAE, 0xFBAE, 0xFBAE, 0x0187, 0xE758,
	0x0187, 0x0187, 0x0187, 0x0187, 0x0187, 0xE758, 0x0187, 0xFE72, 0xFBAE, 0xFBAE, 0xE758, 0xFBAE, 0xFBAE, 0x0187, 0xE758, 0x0187,
	0x0187, 0x0187, 0x0187, 0x0187, 0x0187, 0x0187, 0xE758, 0x0187, 0xFE72, 0xFBAE, 0xFBAE, 0xFBAE, 0x0187, 0xE758, 0x0187, 0x0187,
	0x0187, 0x0187, 0x0187, 0x0187, 0x0187, 0x0187, 0x0187, 0xE758, 0x0187, 0x0187, 0x0187, 0x0187, 0xE758, 0x0187, 0x0187, 0x0187,
	0x0187, 0x0187, 0x0187, 0x0187, 0x0187, 0x0187, 0x0187, 0x0187, 0xE758, 0xE758, 0xE758, 0xE758, 0x0187, 0x0187, 0x0187, 0x0187,
};
// 'Energy Drink 3', 16x16px
const uint16_t epd_bitmap_Items_All_05 [] PROGMEM = {
	0x0187, 0x0187, 0x0187, 0x0187, 0x0187, 0x0187, 0x0187, 0x0187, 0x0187, 0x0187, 0x0187, 0x0187, 0x0187, 0x0187, 0x0187, 0x0187,
	0x0187, 0x0187, 0x0187, 0x0187, 0x0187, 0x0187, 0x0187, 0x0187, 0x0187, 0x0187, 0x0187, 0x0187, 0x0187, 0x0187, 0x0187, 0x0187,
	0x0187, 0x0187, 0x0187, 0xE758, 0xE758, 0xE758, 0xE758, 0xE758, 0xE758, 0xE758, 0xE758, 0xE758, 0xE758, 0x0187, 0x0187, 0x0187,
	0x0187, 0x0187, 0xE758, 0x0187, 0x0187, 0x0187, 0x0187, 0x0187, 0x0187, 0x0187, 0x0187, 0x0187, 0x0187, 0xE758, 0x0187, 0x0187,
	0x0187, 0xE758, 0x0187, 0xE758, 0xFE72, 0xFE72, 0xFE72, 0xFE72, 0xFE72, 0xFE72, 0xFE72, 0xFE72, 0xFE72, 0x0187, 0xE758, 0x0187,
	0xE758, 0x0187, 0xE758, 0xE758, 0xE758, 0xFBAE, 0xFBAE, 0xFBAE, 0xFBAE, 0xE758, 0xFBAE, 0xFBAE, 0xFBAE, 0xFBAE, 0x0187, 0xE758,
	0xE758, 0x0187, 0xE758, 0xE758, 0xE758, 0xFBAE, 0xFBAE, 0xFBAE, 0xFBAE, 0xE758, 0xE758, 0xFBAE, 0xFBAE, 0xFBAE, 0x0187, 0xE758,
	0xE758, 0x0187, 0xE758, 0xFE72, 0xE758, 0xFBAE, 0xE758, 0xE758, 0xFBAE, 0xE758, 0xE758, 0xE758, 0xFBAE, 0xFBAE, 0x0187, 0xE758,
	0xE758, 0x0187, 0xE758, 0xFE72, 0xE758, 0xFBAE, 0xFBAE, 0xE758, 0xE758, 0xE758, 0xFBAE, 0xE758, 0xE758, 0xFBAE, 0x0187, 0xE758,
	0xE758, 0x0187, 0xE758, 0x0187, 0xE758, 0xFBAE, 0xFBAE, 0xFBAE, 0xE758, 0xE758, 0xFBAE, 0xFBAE, 0xFBAE, 0xFBAE, 0x0187, 0xE758,
	0xE758, 0x0187, 0xE758, 0x0187, 0xE758, 0xFBAE, 0xFBAE, 0xFBAE, 0xFBAE, 0xE758, 0xFBAE, 0xFBAE, 0xFBAE, 0xFBAE, 0x0187, 0xE758,
	0x0187, 0xE758, 0x0187, 0xE758, 0xFE72, 0xFE72, 0xFE72, 0xFE72, 0xFE72, 0xFE72, 0xFE72, 0xFE72, 0xFE72, 0x0187, 0xE758, 0x0187,
	0x0187, 0x0187, 0xE758, 0x0187, 0x0187, 0x0187, 0x0187, 0x0187, 0x0187, 0x0187, 0x0187, 0x0187, 0x0187, 0xE758, 0x0187, 0x0187,
	0x0187, 0x0187, 0x0187, 0xE758, 0xE758, 0xE758, 0xE758, 0xE758, 0xE758, 0xE758, 0xE758, 0xE758, 0xE758, 0x0187, 0x0187, 0x0187,
	0x0187, 0x0187, 0x0187, 0x0187, 0x0187, 0x0187, 0x0187, 0x0187, 0x0187, 0x0187, 0x0187, 0x0187, 0x0187, 0x0187, 0x0187, 0x0187,
	0x0187, 0x0187, 0x0187, 0x0187, 0x0187, 0x0187, 0x0187, 0x0187, 0x0187, 0x0187, 0x0187, 0x0187, 0x0187, 0x0187, 0x0187, 0x0187,
};
// 'Health Potion 1', 16x16px
const uint16_t epd_bitmap_Items_All_06 [] PROGMEM = {
	0x0187, 0x0187, 0x0187, 0x0187, 0x0187, 0x0187, 0xE758, 0xE758, 0xE758, 0x0187, 0x0187, 0x0187, 0x0187, 0x0187, 0x0187, 0x0187,
	0x0187, 0x0187, 0x0187, 0x0187, 0x0187, 0xE758, 0x0187, 0x0187, 0x0187, 0xE758, 0x0187, 0x0187, 0x0187, 0x0187, 0x0187, 0x0187,
	0x0187, 0x0187, 0x0187, 0x0187, 0xE758, 0x0187, 0xE758, 0xE758, 0xE758, 0x0187, 0xE758, 0x0187, 0x0187, 0x0187, 0x0187, 0x0187,
	0x0187, 0x0187, 0x0187, 0xE758, 0x0187, 0xE758, 0xFE72, 0xFE72, 0xFE72, 0xE758, 0x0187, 0xE758, 0x0187, 0x0187, 0x0187, 0x0187,
	0x0187, 0x0187, 0x0187, 0xE758, 0x0187, 0xE758, 0xE758, 0xE758, 0xE758, 0xE758, 0x0187, 0xE758, 0x0187, 0x0187, 0x0187, 0x0187,
	0x0187, 0x0187, 0xE758, 0x0187, 0xE758, 0xFBAE, 0xFE72, 0xFE72, 0xFE72, 0xFBAE, 0xE758, 0x0187, 0xE758, 0x0187, 0x0187, 0x0187,
	0x0187, 0xE758, 0x0187, 0xE758, 0xFBAE, 0xFBAE, 0xFBAE, 0xFBAE, 0xFBAE, 0xFBAE, 0xFBAE, 0xE758, 0x0187, 0xE758, 0x0187, 0x0187,
	0x0187, 0xE758, 0x0187, 0xE758, 0xFBAE, 0xFBAE, 0xE758, 0xFBAE, 0xE758, 0xFBAE, 0xFBAE, 0xE758, 0x0187, 0xE758, 0x0187, 0x0187,
	0x0187, 0xE758, 0x0187, 0xE758, 0xFBAE, 0xE758, 0xE758, 0xE758, 0xE758, 0xE758, 0xFBAE, 0xE758, 0x0187, 0xE758, 0x0187, 0x0187,
	0x0187, 0xE758, 0x0187, 0xE758, 0xFBAE, 0xE758, 0xE758, 0xE758, 0xE758, 0xE758, 0xFBAE, 0xE758, 0x0187, 0xE758, 0x0187, 0x0187,
	0x0187, 0xE758, 0x0187, 0xE758, 0xFBAE, 0xFBAE, 0xE758, 0xE758, 0xE758, 0xFBAE, 0xFBAE, 0xE758, 0x0187, 0xE758, 0x0187, 0x0187,
	0x0187, 0xE758, 0x0187, 0xE758, 0xFBAE, 0xFBAE, 0xFBAE, 0xE758, 0xFBAE, 0xFBAE, 0xFBAE, 0xE758, 0x0187, 0xE758, 0x0187, 0x0187,
	0x0187, 0x0187, 0xE758, 0x0187, 0xE758, 0xFBAE, 0xFBAE, 0xFBAE, 0xFBAE, 0xFBAE, 0xE758, 0x0187, 0xE758, 0x0187, 0x0187, 0x0187,
	0x0187, 0x0187, 0x0187, 0xE758, 0x0187, 0xE758, 0xE758, 0xE758, 0xE758, 0xE758, 0x0187, 0xE758, 0x0187, 0x0187, 0x0187, 0x0187,
	0x0187, 0x0187, 0x0187, 0x0187, 0xE758, 0x0187, 0x0187, 0x0187, 0x0187, 0x0187, 0xE758, 0x0187, 0x0187, 0x0187, 0x0187, 0x0187,
	0x0187, 0x0187, 0x0187, 0x0187, 0x0187, 0xE758, 0xE758, 0xE758, 0xE758, 0xE758, 0x0187, 0x0187, 0x0187, 0x0187, 0x0187, 0x0187,
};
// 'Health Potion 2', 16x16px
const uint16_t epd_bitmap_Items_All_07 [] PROGMEM = {
	0x0187, 0x0187, 0x0187, 0x0187, 0x0187, 0x0187, 0x0187, 0x0187, 0x0187, 0x0187, 0x0187, 0x0187, 0x0187, 0x0187, 0x0187, 0x0187,
	0x0187, 0x0187, 0x0187, 0xE758, 0xE758, 0xE758, 0x0187, 0x0187, 0x0187, 0x0187, 0x0187, 0x0187, 0x0187, 0x0187, 0x0187, 0x0187,
	0x0187, 0x0187, 0xE758, 0x0187, 0x0187, 0x0187, 0xE758, 0xE758, 0xE758, 0xE758, 0x0187, 0x0187, 0x0187, 0x0187, 0x0187, 0x0187,
	0x0187, 0xE758, 0x0187, 0xE758, 0xE758, 0xE758, 0x0187, 0x0187, 0x0187, 0x0187, 0xE758, 0x0187, 0x0187, 0x0187, 0x0187, 0x0187,
	0xE758, 0x0187, 0xE758, 0x0187, 0x0187, 0xE758, 0xE758, 0xE758, 0xE758, 0xE758, 0x0187, 0xE758, 0x0187, 0x0187, 0x0187, 0x0187,
	0xE758, 0x0187, 0xE758, 0xFBAE, 0xFBAE, 0xE758, 0x0187, 0x0187, 0x0187, 0x0187, 0xE758, 0x0187, 0xE758, 0x0187, 0x0187, 0x0187,
	0xE758, 0x0187, 0xE758, 0xE758, 0xE758, 0xFBAE, 0xFBAE, 0x0187, 0x0187, 0x0187, 0x0187, 0xE758, 0x0187, 0xE758, 0x0187, 0x0187,
	0x0187, 0xE758, 0x0187, 0xE758, 0xFBAE, 0xFBAE, 0xFBAE, 0xFBAE, 0xE758, 0xE758, 0x0187, 0x0187, 0xE758, 0x0187, 0xE758, 0x0187,
	0x0187, 0xE758, 0x0187, 0xE758, 0xFBAE, 0xFBAE, 0xFBAE, 0xFBAE, 0xE758, 0xE758, 0xFBAE, 0x0187, 0xE758, 0x0187, 0xE758, 0x0187,
	0x0187, 0xE758, 0x0187, 0xE758, 0xFBAE, 0xFBAE, 0xE758, 0xE758, 0xE758, 0xE758, 0xFBAE, 0xFBAE, 0xE758, 0x0187, 0xE758, 0x0187,
	0x0187, 0xE758, 0x0187, 0xE758, 0xFBAE, 0xFBAE, 0xE758, 0xE758, 0xE758, 0xE758, 0xFBAE, 0xFBAE, 0xE758, 0x0187, 0xE758, 0x0187,
	0x0187, 0x0187, 0xE758, 0x0187, 0xE758, 0xFBAE, 0xFBAE, 0xFBAE, 0xFBAE, 0xFBAE, 0xFBAE, 0xFBAE, 0xE758, 0x0187, 0xE758, 0x0187,
	0x0187, 0x0187, 0x0187, 0xE758, 0x0187, 0xE758, 0xFBAE, 0xFBAE, 0xFBAE, 0xFBAE, 0xFBAE, 0xE758, 0x0187, 0xE758, 0x0187, 0x0187,
	0x0187, 0x0187, 0x0187, 0x0187, 0xE758, 0x0187, 0xE758, 0xE758, 0xE758, 0xE758, 0xE758, 0x0187, 0xE758, 0x0187, 0x0187, 0x0187,
	0x0187, 0x0187, 0x0187, 0x0187, 0x0187, 0xE758, 0x0187, 0x0187, 0x0187, 0x0187, 0x0187, 0xE758, 0x0187, 0x0187, 0x0187, 0x0187,
	0x0187, 0x0187, 0x0187, 0x0187, 0x0187, 0x0187, 0xE758, 0xE758, 0xE758, 0xE758, 0xE758, 0x0187, 0x0187, 0x0187, 0x0187, 0x0187,
};
// 'Health Potion 3', 16x16px
const uint16_t epd_bitmap_Items_All_08 [] PROGMEM = {
	0x0187, 0x0187, 0x0187, 0x0187, 0x0187, 0x0187, 0x0187, 0x0187, 0x0187, 0x0187, 0x0187, 0x0187, 0x0187, 0x0187, 0x0187, 0x0187,
	0x0187, 0x0187, 0x0187, 0x0187, 0x0187, 0x0187, 0xE758, 0xE758, 0xE758, 0xE758, 0xE758, 0xE758, 0x0187, 0x0187, 0x0187, 0x0187,
	0x0187, 0x0187, 0x0187, 0x0187, 0x0187, 0xE758, 0x0187, 0x0187, 0x0187, 0x0187, 0x0187, 0x0187, 0xE758, 0x0187, 0x0187, 0x0187,
	0x0187, 0x0187, 0x0187, 0xE758, 0xE758, 0x0187, 0xE758, 0xE758, 0xE758, 0xE758, 0xE758, 0xE758, 0x0187, 0xE758, 0x0187, 0x0187,
	0x0187, 0x0187, 0xE758, 0x0187, 0x0187, 0xE758, 0x0187, 0x0187, 0x0187, 0x0187, 0x0187, 0x0187, 0xE758, 0x0187, 0xE758, 0x0187,
	0x0187, 0xE758, 0x0187, 0xE758, 0xE758, 0x0187, 0x0187, 0x0187, 0xE758, 0xE758, 0x0187, 0x0187, 0x0187, 0xE758, 0x0187, 0xE758,
	0xE758, 0x0187, 0xE758, 0x0187, 0xE758, 0x0187, 0x0187, 0xE758, 0xE758, 0xE758, 0xE758, 0x0187, 0x0187, 0xE758, 0x0187, 0xE758,
	0xE758, 0x0187, 0xE758, 0x0187, 0xE758, 0x0187, 0x0187, 0x0187, 0xE758, 0xE758, 0xE758, 0xE758, 0xFBAE, 0xE758, 0x0187, 0xE758,
	0xE758, 0x0187, 0xE758, 0xFBAE, 0xE758, 0xFBAE, 0xFBAE, 0xE758, 0xE758, 0xE758, 0xE758, 0xFBAE, 0xFBAE, 0xE758, 0x0187, 0xE758,
	0x0187, 0xE758, 0x0187, 0xE758, 0xE758, 0xFBAE, 0xFBAE, 0xFBAE, 0xE758, 0xE758, 0xFBAE, 0xFBAE, 0xFBAE, 0xE758, 0x0187, 0xE758,
	0x0187, 0x0187, 0xE758, 0x0187, 0x0187, 0xE758, 0xFBAE, 0xFBAE, 0xFBAE, 0xFBAE, 0xFBAE, 0xFBAE, 0xE758, 0x0187, 0xE758, 0x0187,
	0x0187, 0x0187, 0x0187, 0xE758, 0xE758, 0x0187, 0xE758, 0xE758, 0xE758, 0xE758, 0xE758, 0xE758, 0x0187, 0xE758, 0x0187, 0x0187,
	0x0187, 0x0187, 0x0187, 0x0187, 0x0187, 0xE758, 0x0187, 0x0187, 0x0187, 0x0187, 0x0187, 0x0187, 0xE758, 0x0187, 0x0187, 0x0187,
	0x0187, 0x0187, 0x0187, 0x0187, 0x0187, 0x0187, 0xE758, 0xE758, 0xE758, 0xE758, 0xE758, 0xE758, 0x0187, 0x0187, 0x0187, 0x0187,
	0x0187, 0x0187, 0x0187, 0x0187, 0x0187, 0x0187, 0x0187, 0x0187, 0x0187, 0x0187, 0x0187, 0x0187, 0x0187, 0x0187, 0x0187, 0x0187,
	0x0187, 0x0187, 0x0187, 0x0187, 0x0187, 0x0187, 0x0187, 0x0187, 0x0187, 0x0187, 0x0187, 0x0187, 0x0187, 0x0187, 0x0187, 0x0187,
};
// 'Med Kit 1', 16x16px
const uint16_t epd_bitmap_Items_All_09 [] PROGMEM = {
	0x0187, 0x0187, 0x0187, 0x0187, 0x0187, 0x0187, 0x0187, 0x0187, 0x0187, 0x0187, 0x0187, 0x0187, 0x0187, 0x0187, 0x0187, 0x0187,
	0x0187, 0x0187, 0x0187, 0x0187, 0xE758, 0xE758, 0xE758, 0xE758, 0xE758, 0xE758, 0xE758, 0xE758, 0x0187, 0x0187, 0x0187, 0x0187,
	0x0187, 0x0187, 0x0187, 0xE758, 0x0187, 0x0187, 0x0187, 0x0187, 0x0187, 0x0187, 0x0187, 0x0187, 0xE758, 0x0187, 0x0187, 0x0187,
	0x0187, 0x0187, 0xE758, 0x0187, 0xE758, 0xE758, 0xE758, 0xE758, 0xE758, 0xE758, 0xE758, 0xE758, 0x0187, 0xE758, 0x0187, 0x0187,
	0x0187, 0xE758, 0x0187, 0xE758, 0xE758, 0xE758, 0xE758, 0xE758, 0xE758, 0xE758, 0xE758, 0xE758, 0xE758, 0x0187, 0xE758, 0x0187,
	0x0187, 0xE758, 0x0187, 0xE758, 0xE758, 0xE758, 0xE758, 0xFBAE, 0xFBAE, 0xE758, 0xE758, 0xE758, 0xE758, 0x0187, 0xE758, 0x0187,
	0x0187, 0xE758, 0x0187, 0xE758, 0xE758, 0xE758, 0xE758, 0xFBAE, 0xFBAE, 0xE758, 0xE758, 0xE758, 0xE758, 0x0187, 0xE758, 0x0187,
	0x0187, 0xE758, 0x0187, 0xE758, 0xE758, 0xFBAE, 0xFBAE, 0xFBAE, 0xFBAE, 0xFBAE, 0xFBAE, 0xE758, 0xE758, 0x0187, 0xE758, 0x0187,
	0x0187, 0xE758, 0x0187, 0xE758, 0xE758, 0xFBAE, 0xFBAE, 0xFBAE, 0xFBAE, 0xFBAE, 0xFBAE, 0xE758, 0xE758, 0x0187, 0xE758, 0x0187,
	0x0187, 0xE758, 0x0187, 0xE758, 0xE758, 0xE758, 0xE758, 0xFBAE, 0xFBAE, 0xE758, 0xE758, 0xE758, 0xE758, 0x0187, 0xE758, 0x0187,
	0x0187, 0xE758, 0x0187, 0xE758, 0xE758, 0xE758, 0xE758, 0xFBAE, 0xFBAE, 0xE758, 0xE758, 0xE758, 0xE758, 0x0187, 0xE758, 0x0187,
	0x0187, 0xE758, 0x0187, 0xE758, 0xE758, 0xE758, 0xE758, 0xE758, 0xE758, 0xE758, 0xE758, 0xE758, 0xE758, 0x0187, 0xE758, 0x0187,
	0x0187, 0xE758, 0x0187, 0xFBAE, 0xE758, 0xE758, 0xE758, 0xE758, 0xE758, 0xE758, 0xE758, 0xE758, 0xFBAE, 0x0187, 0xE758, 0x0187,
	0x0187, 0x0187, 0xE758, 0x0187, 0xFBAE, 0xFBAE, 0xFBAE, 0xFBAE, 0xFBAE, 0xFBAE, 0xFBAE, 0xFBAE, 0x0187, 0xE758, 0x0187, 0x0187,
	0x0187, 0x0187, 0x0187, 0xE758, 0x0187, 0x0187, 0x0187, 0x0187, 0x0187, 0x0187, 0x0187, 0x0187, 0xE758, 0x0187, 0x0187, 0x0187,
	0x0187, 0x0187, 0x0187, 0x0187, 0xE758, 0xE758, 0xE758, 0xE758, 0xE758, 0xE758, 0xE758, 0xE758, 0x0187, 0x0187, 0x0187, 0x0187,
};
// 'Med Kit 2', 16x16px
const uint16_t epd_bitmap_Items_All_10 [] PROGMEM = {
	0x0187, 0x0187, 0x0187, 0x0187, 0x0187, 0x0187, 0x0187, 0x0187, 0x0187, 0x0187, 0x0187, 0x0187, 0x0187, 0x0187, 0x0187, 0x0187,
	0x0187, 0x0187, 0x0187, 0x0187, 0xE758, 0xE758, 0xE758, 0xE758, 0xE758, 0xE758, 0xE758, 0xE758, 0x0187, 0x0187, 0x0187, 0x0187,
	0x0187, 0x0187, 0x0187, 0xE758, 0x0187, 0x0187, 0x0187, 0x0187, 0x0187, 0x0187, 0x0187, 0x0187, 0xE758, 0x0187, 0x0187, 0x0187,
	0x0187, 0x0187, 0xE758, 0x0187, 0xFE72, 0xFE72, 0xFE72, 0xFE72, 0xFE72, 0xFE72, 0xFE72, 0xFE72, 0x0187, 0xE758, 0x0187, 0x0187,
	0x0187, 0xE758, 0x0187, 0xFE72, 0xFE72, 0x0187, 0x0187, 0x0187, 0x0187, 0x0187, 0x0187, 0xFE72, 0xFE72, 0x0187, 0xE758, 0x0187,
	0x0187, 0xE758, 0x0187, 0xFE72, 0x0187, 0x0187, 0x0187, 0xE758, 0xE758, 0x0187, 0x0187, 0x0187, 0xFE72, 0x0187, 0xE758, 0x0187,
	0x0187, 0xE758, 0x0187, 0xFE72, 0x0187, 0x0187, 0x0187, 0xE758, 0xE758, 0x0187, 0x0187, 0x0187, 0xFE72, 0x0187, 0xE758, 0x0187,
	0x0187, 0xE758, 0x0187, 0xFE72, 0x0187, 0xE758, 0xE758, 0xE758, 0xE758, 0xE758, 0xE758, 0x0187, 0xFE72, 0x0187, 0xE758, 0x0187,
	0x0187, 0xE758, 0x0187, 0xFE72, 0x0187, 0xE758, 0xE758, 0xE758, 0xE758, 0xE758, 0xE758, 0x0187, 0xFE72, 0x0187, 0xE758, 0x0187,
	0x0187, 0xE758, 0x0187, 0xFE72, 0x0187, 0x0187, 0x0187, 0xE758, 0xE758, 0x0187, 0x0187, 0x0187, 0xFE72, 0x0187, 0xE758, 0x0187,
	0x0187, 0xE758, 0x0187, 0xFE72, 0x0187, 0x0187, 0x0187, 0xE758, 0xE758, 0x0187, 0x0187, 0x0187, 0xFE72, 0x0187, 0xE758, 0x0187,
	0x0187, 0xE758, 0x0187, 0xFE72, 0xFE72, 0x0187, 0x0187, 0x0187, 0x0187, 0x0187, 0x0187, 0xFE72, 0xFE72, 0x0187, 0xE758, 0x0187,
	0x0187, 0xE758, 0x0187, 0xFBAE, 0xFE72, 0xFE72, 0xFE72, 0xFE72, 0xFE72, 0xFE72, 0xFE72, 0xFE72, 0xFBAE, 0x0187, 0xE758, 0x0187,
	0x0187, 0x0187, 0xE758, 0x0187, 0xFBAE, 0xFBAE, 0xFBAE, 0xFBAE, 0xFBAE, 0xFBAE, 0xFBAE, 0xFBAE, 0x0187, 0xE758, 0x0187, 0x0187,
	0x0187, 0x0187, 0x0187, 0xE758, 0x0187, 0x0187, 0x0187, 0x0187, 0x0187, 0x0187, 0x0187, 0x0187, 0xE758, 0x0187, 0x0187, 0x0187,
	0x0187, 0x0187, 0x0187, 0x0187, 0xE758, 0xE758, 0xE758, 0xE758, 0xE758, 0xE758, 0xE758, 0xE758, 0x0187, 0x0187, 0x0187, 0x0187,
};
// 'Med Kit 3', 16x16px
const uint16_t epd_bitmap_Items_All_11 [] PROGMEM = {
	0x0187, 0x0187, 0x0187, 0x0187, 0xE758, 0x0187, 0x0187, 0xE758, 0xE758, 0x0187, 0x0187, 0xE758, 0x0187, 0x0187, 0x0187, 0x0187,
	0x0187, 0x0187, 0x0187, 0x0187, 0x0187, 0x0187, 0x0187, 0xE758, 0xE758, 0x0187, 0x0187, 0x0187, 0x0187, 0x0187, 0x0187, 0x0187,
	0x0187, 0xE758, 0x0187, 0x0187, 0x0187, 0xE758, 0xE758, 0xE758, 0xE758, 0xE758, 0xE758, 0x0187, 0x0187, 0x0187, 0xE758, 0x0187,
	0x0187, 0x0187, 0xE758, 0x0187, 0x0187, 0xE758, 0xE758, 0xE758, 0xE758, 0xE758, 0xE758, 0x0187, 0x0187, 0xE758, 0x0187, 0x0187,
	0x0187, 0x0187, 0x0187, 0xE758, 0x0187, 0x0187, 0x0187, 0xE758, 0xE758, 0x0187, 0x0187, 0x0187, 0xE758, 0x0187, 0x0187, 0x0187,
	0x0187, 0x0187, 0x0187, 0x0187, 0x0187, 0x0187, 0x0187, 0xE758, 0xE758, 0x0187, 0x0187, 0x0187, 0x0187, 0x0187, 0x0187, 0x0187,
	0x0187, 0xE758, 0x0187, 0x0187, 0x0187, 0x0187, 0x0187, 0x0187, 0x0187, 0x0187, 0x0187, 0x0187, 0x0187, 0x0187, 0xE758, 0x0187,
	0x0187, 0x0187, 0xE758, 0x0187, 0x0187, 0xE758, 0xE758, 0xE758, 0xE758, 0xE758, 0xE758, 0x0187, 0x0187, 0xE758, 0x0187, 0x0187,
	0x0187, 0x0187, 0x0187, 0x0187, 0xE758, 0x0187, 0x0187, 0x0187, 0x0187, 0x0187, 0x0187, 0xE758, 0x0187, 0x0187, 0x0187, 0x0187,
	0x0187, 0x0187, 0x0187, 0xE758, 0x0187, 0xFE72, 0xFE72, 0xFE72, 0xFE72, 0xFE72, 0xFE72, 0x0187, 0xE758, 0x0187, 0x0187, 0x0187,
	0x0187, 0x0187, 0xE758, 0x0187, 0xFE72, 0x0187, 0x0187, 0x0187, 0x0187, 0x0187, 0x0187, 0xFE72, 0x0187, 0xE758, 0x0187, 0x0187,
	0x0187, 0xE758, 0x0187, 0xFE72, 0x0187, 0x0187, 0x0187, 0x0187, 0x0187, 0x0187, 0x0187, 0x0187, 0xFE72, 0x0187, 0xE758, 0x0187,
	0x0187, 0xE758, 0x0187, 0xFE72, 0xFE72, 0xFE72, 0xFE72, 0xFE72, 0xFE72, 0xFE72, 0xFE72, 0xFE72, 0xFE72, 0x0187, 0xE758, 0x0187,
	0x0187, 0xE758, 0x0187, 0xFBAE, 0xFBAE, 0xFBAE, 0xFBAE, 0xFBAE, 0xFBAE, 0xFBAE, 0xFBAE, 0xFBAE, 0xFBAE, 0x0187, 0xE758, 0x0187,
	0x0187, 0x0187, 0xE758, 0x0187, 0x0187, 0x0187, 0x0187, 0x0187, 0x0187, 0x0187, 0x0187, 0x0187, 0x0187, 0xE758, 0x0187, 0x0187,
	0x0187, 0x0187, 0x0187, 0xE758, 0xE758, 0xE758, 0xE758, 0xE758, 0xE758, 0xE758, 0xE758, 0xE758, 0xE758, 0x0187, 0x0187, 0x0187,
};
// 'Tasty Cake 1', 16x16px
const uint16_t epd_bitmap_Items_All_12 [] PROGMEM = {
	0x0187, 0x0187, 0x0187, 0x0187, 0x0187, 0x0187, 0x0187, 0x0187, 0x0187, 0x0187, 0x0187, 0x0187, 0x0187, 0x0187, 0x0187, 0x0187,
	0x0187, 0x0187, 0x0187, 0x0187, 0x0187, 0x0187, 0xE758, 0xE758, 0xE758, 0x0187, 0x0187, 0x0187, 0x0187, 0x0187, 0x0187, 0x0187,
	0x0187, 0x0187, 0x0187, 0x0187, 0x0187, 0xE758, 0x0187, 0x0187, 0x0187, 0xE758, 0xE758, 0xE758, 0x0187, 0x0187, 0x0187, 0x0187,
	0x0187, 0x0187, 0x0187, 0x0187, 0xE758, 0x0187, 0xE758, 0xE758, 0xFE72, 0x0187, 0x0187, 0x0187, 0xE758, 0x0187, 0x0187, 0x0187,
	0x0187, 0x0187, 0x0187, 0x0187, 0xE758, 0x0187, 0xFBAE, 0xFE72, 0xFE72, 0xE758, 0xE758, 0xFE72, 0x0187, 0xE758, 0x0187, 0x0187,
	0x0187, 0x0187, 0x0187, 0xE758, 0x0187, 0xFBAE, 0xE758, 0xFBAE, 0xFE72, 0xFE72, 0xFE72, 0xE758, 0xFE72, 0x0187, 0xE758, 0x0187,
	0x0187, 0x0187, 0x0187, 0xE758, 0x0187, 0xFBAE, 0xFBAE, 0xFBAE, 0xFE72, 0xFE72, 0xFE72, 0xFE72, 0xFE72, 0x0187, 0xE758, 0x0187,
	0x0187, 0x0187, 0xE758, 0x0187, 0xFE72, 0xFBAE, 0xFBAE, 0xFE72, 0xFE72, 0xFE72, 0xFE72, 0xE758, 0xFE72, 0x0187, 0xE758, 0x0187,
	0x0187, 0x0187, 0xE758, 0x0187, 0xFE72, 0xFE72, 0xFE72, 0xFE72, 0xFE72, 0xE758, 0xE758, 0xE758, 0xFE72, 0x0187, 0xE758, 0x0187,
	0x0187, 0xE758, 0x0187, 0xFE72, 0xFE72, 0xFE72, 0xFE72, 0xE758, 0xE758, 0xE758, 0xE758, 0xE758, 0xFE72, 0x0187, 0xE758, 0x0187,
	0x0187, 0xE758, 0x0187, 0xFE72, 0xFE72, 0xE758, 0xE758, 0xE758, 0xE758, 0xE758, 0xE758, 0xFE72, 0x0187, 0xE758, 0x0187, 0x0187,
	0x0187, 0xE758, 0x0187, 0xE758, 0xE758, 0xE758, 0xE758, 0xE758, 0xE758, 0xFE72, 0x0187, 0x0187, 0xE758, 0x0187, 0x0187, 0x0187,
	0x0187, 0x0187, 0xE758, 0x0187, 0xE758, 0xE758, 0xE758, 0xFE72, 0x0187, 0x0187, 0xE758, 0xE758, 0x0187, 0x0187, 0x0187, 0x0187,
	0x0187, 0x0187, 0xE758, 0x0187, 0xE758, 0xFE72, 0x0187, 0x0187, 0xE758, 0xE758, 0x0187, 0x0187, 0x0187, 0x0187, 0x0187, 0x0187,
	0x0187, 0x0187, 0x0187, 0xE758, 0x0187, 0x0187, 0xE758, 0xE758, 0x0187, 0x0187, 0x0187, 0x0187, 0x0187, 0x0187, 0x0187, 0x0187,
	0x0187, 0x0187, 0x0187, 0x0187, 0xE758, 0xE758, 0x0187, 0x0187, 0x0187, 0x0187, 0x0187, 0x0187, 0x0187, 0x0187, 0x0187, 0x0187,
};
// 'Tasty Cake 2', 16x16px
const uint16_t epd_bitmap_Items_All_13 [] PROGMEM = {
	0x0187, 0x0187, 0x0187, 0x0187, 0x0187, 0x0187, 0x0187, 0x0187, 0x0187, 0x0187, 0x0187, 0x0187, 0x0187, 0x0187, 0x0187, 0x0187,
	0x0187, 0x0187, 0x0187, 0x0187, 0x0187, 0x0187, 0xE758, 0xE758, 0xE758, 0x0187, 0x0187, 0x0187, 0x0187, 0x0187, 0x0187, 0x0187,
	0x0187, 0x0187, 0x0187, 0x0187, 0x0187, 0xE758, 0x0187, 0x0187, 0x0187, 0xE758, 0xE758, 0xE758, 0x0187, 0x0187, 0x0187, 0x0187,
	0x0187, 0x0187, 0x0187, 0x0187, 0xE758, 0x0187, 0xE758, 0xE758, 0xFE72, 0x0187, 0x0187, 0x0187, 0xE758, 0x0187, 0x0187, 0x0187,
	0x0187, 0x0187, 0x0187, 0x0187, 0xE758, 0x0187, 0xFBAE, 0xFE72, 0xFE72, 0xE758, 0xE758, 0xFE72, 0x0187, 0xE758, 0x0187, 0x0187,
	0x0187, 0x0187, 0x0187, 0xE758, 0x0187, 0xFBAE, 0xE758, 0xFBAE, 0xFE72, 0xFE72, 0xFE72, 0xE758, 0xFE72, 0x0187, 0xE758, 0x0187,
	0x0187, 0x0187, 0x0187, 0xE758, 0x0187, 0xFBAE, 0xFBAE, 0xFBAE, 0xFE72, 0xFE72, 0xFE72, 0xFE72, 0xFE72, 0x0187, 0xE758, 0x0187,
	0x0187, 0x0187, 0xE758, 0x0187, 0xFE72, 0xFBAE, 0xFBAE, 0xFE72, 0xFE72, 0xFE72, 0xFE72, 0xE758, 0xFE72, 0x0187, 0xE758, 0x0187,
	0x0187, 0x0187, 0xE758, 0x0187, 0xE758, 0xFE72, 0xFE72, 0xFE72, 0xFE72, 0xE758, 0xE758, 0xE758, 0xFE72, 0x0187, 0xE758, 0x0187,
	0x0187, 0x0187, 0xE758, 0x0187, 0xFE72, 0xE758, 0xFE72, 0xE758, 0xE758, 0xE758, 0xE758, 0xE758, 0xFE72, 0x0187, 0xE758, 0x0187,
	0x0187, 0x0187, 0x0187, 0xE758, 0x0187, 0xFE72, 0xE758, 0xE758, 0xE758, 0xE758, 0xE758, 0xFE72, 0x0187, 0xE758, 0x0187, 0x0187,
	0x0187, 0x0187, 0x0187, 0x0187, 0xE758, 0x0187, 0xE758, 0xE758, 0xE758, 0xFE72, 0x0187, 0x0187, 0xE758, 0x0187, 0x0187, 0x0187,
	0x0187, 0x0187, 0x0187, 0x0187, 0xE758, 0x0187, 0xFE72, 0xFE72, 0x0187, 0x0187, 0xE758, 0xE758, 0x0187, 0x0187, 0x0187, 0x0187,
	0x0187, 0x0187, 0x0187, 0x0187, 0x0187, 0xE758, 0x0187, 0x0187, 0xE758, 0xE758, 0x0187, 0x0187, 0x0187, 0x0187, 0x0187, 0x0187,
	0x0187, 0x0187, 0x0187, 0x0187, 0x0187, 0x0187, 0xE758, 0xE758, 0x0187, 0x0187, 0x0187, 0x0187, 0x0187, 0x0187, 0x0187, 0x0187,
	0x0187, 0x0187, 0x0187, 0x0187, 0x0187, 0x0187, 0x0187, 0x0187, 0x0187, 0x0187, 0x0187, 0x0187, 0x0187, 0x0187, 0x0187, 0x0187,
};
// 'Tasty Cake 3', 16x16px
const uint16_t epd_bitmap_Items_All_14 [] PROGMEM = {
	0x0187, 0x0187, 0x0187, 0x0187, 0x0187, 0x0187, 0x0187, 0x0187, 0x0187, 0x0187, 0x0187, 0x0187, 0x0187, 0x0187, 0x0187, 0x0187,
	0x0187, 0x0187, 0x0187, 0x0187, 0x0187, 0x0187, 0xE758, 0xE758, 0xE758, 0x0187, 0x0187, 0x0187, 0x0187, 0x0187, 0x0187, 0x0187,
	0x0187, 0x0187, 0x0187, 0x0187, 0x0187, 0xE758, 0x0187, 0x0187, 0x0187, 0xE758, 0xE758, 0xE758, 0x0187, 0x0187, 0x0187, 0x0187,
	0x0187, 0x0187, 0x0187, 0x0187, 0xE758, 0x0187, 0xE758, 0xE758, 0xFE72, 0x0187, 0x0187, 0x0187, 0xE758, 0x0187, 0x0187, 0x0187,
	0x0187, 0x0187, 0x0187, 0x0187, 0xE758, 0x0187, 0xFE72, 0xFE72, 0xFE72, 0xE758, 0xE758, 0xFE72, 0x0187, 0xE758, 0x0187, 0x0187,
	0x0187, 0x0187, 0x0187, 0x0187, 0xE758, 0x0187, 0xFE72, 0xFE72, 0xFE72, 0xFE72, 0xFE72, 0xE758, 0xFE72, 0x0187, 0xE758, 0x0187,
	0x0187, 0x0187, 0x0187, 0x0187, 0x0187, 0xE758, 0x0187, 0xE758, 0xFE72, 0xFE72, 0xFE72, 0xFE72, 0xFE72, 0x0187, 0xE758, 0x0187,
	0x0187, 0x0187, 0x0187, 0x0187, 0xE758, 0x0187, 0xFE72, 0xE758, 0xE758, 0xFE72, 0xFE72, 0xE758, 0xFE72, 0x0187, 0xE758, 0x0187,
	0x0187, 0x0187, 0x0187, 0x0187, 0x0187, 0xE758, 0x0187, 0xFE72, 0xE758, 0xE758, 0xE758, 0xE758, 0xFE72, 0x0187, 0xE758, 0x0187,
	0x0187, 0x0187, 0x0187, 0x0187, 0x0187, 0xE758, 0x0187, 0xFE72, 0xE758, 0xE758, 0xE758, 0xE758, 0xFE72, 0x0187, 0xE758, 0x0187,
	0x0187, 0x0187, 0x0187, 0x0187, 0x0187, 0x0187, 0xE758, 0x0187, 0xFE72, 0xE758, 0xE758, 0xFE72, 0x0187, 0xE758, 0x0187, 0x0187,
	0x0187, 0x0187, 0x0187, 0x0187, 0x0187, 0x0187, 0x0187, 0xE758, 0x0187, 0xFE72, 0x0187, 0x0187, 0xE758, 0x0187, 0x0187, 0x0187,
	0x0187, 0x0187, 0x0187, 0x0187, 0x0187, 0x0187, 0x0187, 0x0187, 0xE758, 0x0187, 0xE758, 0xE758, 0x0187, 0x0187, 0x0187, 0x0187,
	0x0187, 0x0187, 0x0187, 0x0187, 0x0187, 0x0187, 0x0187, 0x0187, 0x0187, 0xE758, 0x0187, 0x0187, 0x0187, 0x0187, 0x0187, 0x0187,
	0x0187, 0x0187, 0x0187, 0x0187, 0x0187, 0x0187, 0x0187, 0x0187, 0x0187, 0x0187, 0x0187, 0x0187, 0x0187, 0x0187, 0x0187, 0x0187,
	0x0187, 0x0187, 0x0187, 0x0187, 0x0187, 0x0187, 0x0187, 0x0187, 0x0187, 0x0187, 0x0187, 0x0187, 0x0187, 0x0187, 0x0187, 0x0187,
};
// 'Scry Glass 1', 16x16px
const uint16_t epd_bitmap_Items_All_15 [] PROGMEM = {
	0x0187, 0x0187, 0x0187, 0x0187, 0xE758, 0xE758, 0xE758, 0xE758, 0xE758, 0x0187, 0x0187, 0x0187, 0x0187, 0x0187, 0x0187, 0x0187,
	0x0187, 0x0187, 0xE758, 0xE758, 0x0187, 0x0187, 0x0187, 0x0187, 0x0187, 0xE758, 0xE758, 0x0187, 0x0187, 0x0187, 0x0187, 0x0187,
	0x0187, 0xE758, 0x0187, 0x0187, 0xFBAE, 0xFE72, 0xFE72, 0xFE72, 0xFE72, 0x0187, 0x0187, 0xE758, 0x0187, 0x0187, 0x0187, 0x0187,
	0x0187, 0xE758, 0x0187, 0xFBAE, 0xFE72, 0x0187, 0x0187, 0x0187, 0xFBAE, 0xFE72, 0x0187, 0xE758, 0x0187, 0x0187, 0x0187, 0x0187,
	0xE758, 0x0187, 0xFBAE, 0xFE72, 0x0187, 0xE758, 0xE758, 0x0187, 0x0187, 0xFBAE, 0xFE72, 0x0187, 0xE758, 0x0187, 0x0187, 0x0187,
	0xE758, 0x0187, 0xFBAE, 0x0187, 0xE758, 0x0187, 0x0187, 0x0187, 0x0187, 0x0187, 0xFE72, 0x0187, 0xE758, 0x0187, 0x0187, 0x0187,
	0xE758, 0x0187, 0xFBAE, 0x0187, 0x0187, 0x0187, 0x0187, 0x0187, 0x0187, 0x0187, 0xFE72, 0x0187, 0xE758, 0x0187, 0x0187, 0x0187,
	0xE758, 0x0187, 0xFBAE, 0x0187, 0x0187, 0x0187, 0x0187, 0x0187, 0x0187, 0x0187, 0xFE72, 0x0187, 0xE758, 0x0187, 0x0187, 0x0187,
	0xE758, 0x0187, 0xFBAE, 0xFE72, 0x0187, 0x0187, 0x0187, 0x0187, 0x0187, 0xFE72, 0x0187, 0xE758, 0x0187, 0x0187, 0x0187, 0x0187,
	0x0187, 0xE758, 0x0187, 0xFBAE, 0xFE72, 0x0187, 0x0187, 0x0187, 0xFBAE, 0xFBAE, 0xFE72, 0x0187, 0xE758, 0x0187, 0x0187, 0x0187,
	0x0187, 0xE758, 0x0187, 0x0187, 0xFBAE, 0xFBAE, 0xFBAE, 0xFBAE, 0x0187, 0xFBAE, 0xFBAE, 0xFE72, 0x0187, 0xE758, 0x0187, 0x0187,
	0x0187, 0x0187, 0xE758, 0xE758, 0x0187, 0x0187, 0x0187, 0x0187, 0xE758, 0x0187, 0xFBAE, 0xFBAE, 0xFE72, 0x0187, 0xE758, 0x0187,
	0x0187, 0x0187, 0x0187, 0x0187, 0xE758, 0xE758, 0xE758, 0xE758, 0x0187, 0xE758, 0x0187, 0xFBAE, 0xFBAE, 0xFE72, 0x0187, 0xE758,
	0x0187, 0x0187, 0x0187, 0x0187, 0x0187, 0x0187, 0x0187, 0x0187, 0x0187, 0x0187, 0xE758, 0x0187, 0xFBAE, 0xFE72, 0x0187, 0xE758,
	0x0187, 0x0187, 0x0187, 0x0187, 0x0187, 0x0187, 0x0187, 0x0187, 0x0187, 0x0187, 0x0187, 0xE758, 0x0187, 0x0187, 0xE758, 0x0187,
	0x0187, 0x0187, 0x0187, 0x0187, 0x0187, 0x0187, 0x0187, 0x0187, 0x0187, 0x0187, 0x0187, 0x0187, 0xE758, 0xE758, 0x0187, 0x0187,
};
// 'Scry Glass 2', 16x16px
const uint16_t epd_bitmap_Items_All_16 [] PROGMEM = {
	0x0187, 0x0187, 0x0187, 0x0187, 0x0187, 0xE758, 0xE758, 0xE758, 0xE758, 0xE758, 0xE758, 0x0187, 0x0187, 0x0187, 0x0187, 0x0187,
	0x0187, 0x0187, 0x0187, 0xE758, 0xE758, 0x0187, 0x0187, 0x0187, 0x0187, 0x0187, 0x0187, 0xE758, 0xE758, 0x0187, 0x0187, 0x0187,
	0x0187, 0x0187, 0xE758, 0x0187, 0x0187, 0xFBAE, 0xFE72, 0xFE72, 0xFE72, 0xFE72, 0xFBAE, 0x0187, 0x0187, 0xE758, 0x0187, 0x0187,
	0x0187, 0x0187, 0xE758, 0x0187, 0xFBAE, 0xFE72, 0x0187, 0x0187, 0x0187, 0x0187, 0xFE72, 0xFBAE, 0x0187, 0xE758, 0x0187, 0x0187,
	0x0187, 0xE758, 0x0187, 0xFBAE, 0xFE72, 0x0187, 0x0187, 0xE758, 0xE758, 0x0187, 0x0187, 0xFE72, 0xFBAE, 0x0187, 0xE758, 0x0187,
	0x0187, 0xE758, 0x0187, 0xFBAE, 0xFE72, 0x0187, 0x0187, 0x0187, 0x0187, 0x0187, 0x0187, 0xFE72, 0xFBAE, 0x0187, 0xE758, 0x0187,
	0x0187, 0xE758, 0x0187, 0xFBAE, 0xFE72, 0x0187, 0x0187, 0x0187, 0x0187, 0x0187, 0x0187, 0xFE72, 0xFBAE, 0x0187, 0xE758, 0x0187,
	0x0187, 0xE758, 0x0187, 0xFBAE, 0xFE72, 0x0187, 0x0187, 0x0187, 0x0187, 0x0187, 0x0187, 0xFE72, 0xFBAE, 0x0187, 0xE758, 0x0187,
	0x0187, 0x0187, 0xE758, 0x0187, 0xFBAE, 0xFE72, 0x0187, 0x0187, 0x0187, 0x0187, 0xFE72, 0xFBAE, 0x0187, 0xE758, 0x0187, 0x0187,
	0x0187, 0x0187, 0xE758, 0x0187, 0x0187, 0xFBAE, 0xFE72, 0xFE72, 0xFE72, 0xFE72, 0xFBAE, 0x0187, 0x0187, 0xE758, 0x0187, 0x0187,
	0x0187, 0x0187, 0x0187, 0xE758, 0xE758, 0x0187, 0x0187, 0xFE72, 0xFBAE, 0x0187, 0x0187, 0xE758, 0xE758, 0x0187, 0x0187, 0x0187,
	0x0187, 0x0187, 0x0187, 0x0187, 0x0187, 0xE758, 0x0187, 0xFE72, 0xFBAE, 0x0187, 0xE758, 0x0187, 0x0187, 0x0187, 0x0187, 0x0187,
	0x0187, 0x0187, 0x0187, 0x0187, 0x0187, 0xE758, 0x0187, 0xFE72, 0xFBAE, 0x0187, 0xE758, 0x0187, 0x0187, 0x0187, 0x0187, 0x0187,
	0x0187, 0x0187, 0x0187, 0x0187, 0x0187, 0xE758, 0x0187, 0xFE72, 0xFBAE, 0x0187, 0xE758, 0x0187, 0x0187, 0x0187, 0x0187, 0x0187,
	0x0187, 0x0187, 0x0187, 0x0187, 0x0187, 0x0187, 0xE758, 0x0187, 0x0187, 0xE758, 0x0187, 0x0187, 0x0187, 0x0187, 0x0187, 0x0187,
	0x0187, 0x0187, 0x0187, 0x0187, 0x0187, 0x0187, 0x0187, 0xE758, 0xE758, 0x0187, 0x0187, 0x0187, 0x0187, 0x0187, 0x0187, 0x0187,
};
// 'Scry Glass 3', 16x16px
const uint16_t epd_bitmap_Items_All_17 [] PROGMEM = {
	0x0187, 0x0187, 0x0187, 0x0187, 0x0187, 0x0187, 0x0187, 0xE758, 0xE758, 0xE758, 0xE758, 0xE758, 0x0187, 0x0187, 0x0187, 0x0187,
	0x0187, 0x0187, 0x0187, 0x0187, 0x0187, 0xE758, 0xE758, 0x0187, 0x0187, 0x0187, 0x0187, 0x0187, 0xE758, 0xE758, 0x0187, 0x0187,
	0x0187, 0x0187, 0x0187, 0x0187, 0xE758, 0x0187, 0x0187, 0xFE72, 0xFE72, 0xFE72, 0xFE72, 0xFBAE, 0x0187, 0x0187, 0xE758, 0x0187,
	0x0187, 0x0187, 0x0187, 0x0187, 0xE758, 0x0187, 0xFE72, 0xFBAE, 0x0187, 0x0187, 0x0187, 0xFE72, 0xFBAE, 0x0187, 0xE758, 0x0187,
	0x0187, 0x0187, 0x0187, 0xE758, 0x0187, 0xFE72, 0xFBAE, 0x0187, 0xE758, 0xE758, 0x0187, 0x0187, 0xFE72, 0xFBAE, 0x0187, 0xE758,
	0x0187, 0x0187, 0x0187, 0xE758, 0x0187, 0xFE72, 0x0187, 0xE758, 0x0187, 0x0187, 0x0187, 0x0187, 0x0187, 0xFBAE, 0x0187, 0xE758,
	0x0187, 0x0187, 0x0187, 0xE758, 0x0187, 0xFE72, 0x0187, 0x0187, 0x0187, 0x0187, 0x0187, 0x0187, 0x0187, 0xFBAE, 0x0187, 0xE758,
	0x0187, 0x0187, 0x0187, 0xE758, 0x0187, 0xFE72, 0x0187, 0x0187, 0x0187, 0x0187, 0x0187, 0x0187, 0x0187, 0xFBAE, 0x0187, 0xE758,
	0x0187, 0x0187, 0x0187, 0x0187, 0xE758, 0x0187, 0xFE72, 0x0187, 0x0187, 0x0187, 0x0187, 0x0187, 0xFE72, 0xFBAE, 0x0187, 0xE758,
	0x0187, 0x0187, 0x0187, 0xE758, 0x0187, 0xFE72, 0xFBAE, 0xFBAE, 0x0187, 0x0187, 0x0187, 0xFE72, 0xFBAE, 0x0187, 0xE758, 0x0187,
	0x0187, 0x0187, 0xE758, 0x0187, 0xFE72, 0xFBAE, 0xFBAE, 0x0187, 0xFBAE, 0xFBAE, 0xFBAE, 0xFBAE, 0x0187, 0x0187, 0xE758, 0x0187,
	0x0187, 0xE758, 0x0187, 0xFE72, 0xFBAE, 0xFBAE, 0x0187, 0xE758, 0x0187, 0x0187, 0x0187, 0x0187, 0xE758, 0xE758, 0x0187, 0x0187,
	0xE758, 0x0187, 0xFE72, 0xFBAE, 0xFBAE, 0x0187, 0xE758, 0x0187, 0xE758, 0xE758, 0xE758, 0xE758, 0x0187, 0x0187, 0x0187, 0x0187,
	0xE758, 0x0187, 0xFE72, 0xFBAE, 0x0187, 0xE758, 0x0187, 0x0187, 0x0187, 0x0187, 0x0187, 0x0187, 0x0187, 0x0187, 0x0187, 0x0187,
	0x0187, 0xE758, 0x0187, 0x0187, 0xE758, 0x0187, 0x0187, 0x0187, 0x0187, 0x0187, 0x0187, 0x0187, 0x0187, 0x0187, 0x0187, 0x0187,
	0x0187, 0x0187, 0xE758, 0xE758, 0x0187, 0x0187, 0x0187, 0x0187, 0x0187, 0x0187, 0x0187, 0x0187, 0x0187, 0x0187, 0x0187, 0x0187,
};
// 'Floop Map 1', 16x16px
const uint16_t epd_bitmap_Items_All_18 [] PROGMEM = {
	0x0187, 0x0187, 0x0187, 0x0187, 0x0187, 0xE758, 0xE758, 0xE758, 0x0187, 0x0187, 0x0187, 0xE758, 0xE758, 0x0187, 0x0187, 0x0187,
	0x0187, 0x0187, 0x0187, 0xE758, 0xE758, 0x0187, 0x0187, 0x0187, 0xE758, 0xE758, 0xE758, 0x0187, 0x0187, 0xE758, 0x0187, 0x0187,
	0x0187, 0x0187, 0xE758, 0x0187, 0x0187, 0xE758, 0xE758, 0xE758, 0x0187, 0x0187, 0x0187, 0xE758, 0xE758, 0x0187, 0xE758, 0x0187,
	0x0187, 0xE758, 0x0187, 0xE758, 0xE758, 0xE758, 0xE758, 0xE758, 0xE758, 0xE758, 0xE758, 0xE758, 0xE758, 0xE758, 0x0187, 0xE758,
	0xE758, 0x0187, 0xE758, 0xE758, 0xE758, 0xE758, 0xE758, 0xE758, 0xE758, 0xE758, 0xFBAE, 0xE758, 0xFBAE, 0xE758, 0x0187, 0xE758,
	0xE758, 0x0187, 0xE758, 0xE758, 0xE758, 0xE758, 0xFE72, 0xE758, 0xE758, 0xE758, 0xE758, 0xFBAE, 0xE758, 0xE758, 0x0187, 0xE758,
	0xE758, 0x0187, 0xE758, 0xE758, 0xE758, 0xE758, 0xE758, 0xE758, 0xE758, 0xE758, 0xFBAE, 0xE758, 0xFBAE, 0xE758, 0x0187, 0xE758,
	0xE758, 0x0187, 0xE758, 0xE758, 0xFE72, 0xE758, 0xE758, 0xE758, 0xFE72, 0xE758, 0xE758, 0xE758, 0xE758, 0xE758, 0x0187, 0xE758,
	0xE758, 0x0187, 0xE758, 0xE758, 0xE758, 0xE758, 0xE758, 0xE758, 0xE758, 0xE758, 0xE758, 0xFE72, 0xE758, 0xE758, 0x0187, 0xE758,
	0xE758, 0x0187, 0xE758, 0xE758, 0xFE72, 0xE758, 0xE758, 0xE758, 0xE758, 0xFE72, 0xE758, 0xE758, 0xE758, 0xE758, 0x0187, 0xE758,
	0xE758, 0x0187, 0xE758, 0xE758, 0xE758, 0xE758, 0xE758, 0xE758, 0xE758, 0xE758, 0xE758, 0xE758, 0xE758, 0xE758, 0x0187, 0xE758,
	0xE758, 0x0187, 0xE758, 0xFBAE, 0xE758, 0xE758, 0xE758, 0xE758, 0xE758, 0xE758, 0xE758, 0xE758, 0xE758, 0xFBAE, 0x0187, 0xE758,
	0xE758, 0x0187, 0xE758, 0xE758, 0xE758, 0xFBAE, 0xFBAE, 0xFBAE, 0xE758, 0xE758, 0xE758, 0xFBAE, 0xFBAE, 0x0187, 0x0187, 0xE758,
	0xE758, 0x0187, 0xFBAE, 0xFBAE, 0xFBAE, 0x0187, 0x0187, 0x0187, 0xFBAE, 0xFBAE, 0xFBAE, 0x0187, 0x0187, 0x0187, 0xE758, 0x0187,
	0x0187, 0xE758, 0x0187, 0x0187, 0x0187, 0xE758, 0xE758, 0xE758, 0x0187, 0x0187, 0x0187, 0xE758, 0xE758, 0xE758, 0x0187, 0x0187,
	0x0187, 0x0187, 0xE758, 0xE758, 0xE758, 0x0187, 0x0187, 0x0187, 0xE758, 0xE758, 0xE758, 0x0187, 0x0187, 0x0187, 0x0187, 0x0187,
};
// 'Floop Map 2', 16x16px
const uint16_t epd_bitmap_Items_All_19 [] PROGMEM = {
	0x0187, 0x0187, 0xE758, 0xE758, 0xE758, 0x0187, 0x0187, 0x0187, 0xE758, 0xE758, 0xE758, 0x0187, 0x0187, 0x0187, 0x0187, 0x0187,
	0x0187, 0xE758, 0x0187, 0x0187, 0x0187, 0xE758, 0xE758, 0xE758, 0x0187, 0x0187, 0x0187, 0xE758, 0xE758, 0x0187, 0x0187, 0x0187,
	0xE758, 0x0187, 0xE758, 0xE758, 0xE758, 0x0187, 0x0187, 0x0187, 0xE758, 0xE758, 0xE758, 0x0187, 0x0187, 0xE758, 0x0187, 0x0187,
	0xE758, 0x0187, 0xE758, 0xE758, 0xE758, 0xE758, 0xE758, 0xE758, 0xE758, 0xE758, 0xE758, 0xE758, 0xE758, 0x0187, 0xE758, 0x0187,
	0xE758, 0x0187, 0xE758, 0xE758, 0xE758, 0xE758, 0xE758, 0xE758, 0xE758, 0xE758, 0xE758, 0xE758, 0xE758, 0xE758, 0x0187, 0xE758,
	0xE758, 0x0187, 0xE758, 0xE758, 0xE758, 0xE758, 0xFBAE, 0xE758, 0xE758, 0xE758, 0xFBAE, 0xE758, 0xFBAE, 0xE758, 0x0187, 0xE758,
	0xE758, 0x0187, 0xE758, 0xE758, 0xFE72, 0xE758, 0xE758, 0xE758, 0xE758, 0xE758, 0xE758, 0xFBAE, 0xE758, 0xE758, 0x0187, 0xE758,
	0xE758, 0x0187, 0xE758, 0xE758, 0xE758, 0xE758, 0xE758, 0xE758, 0xE758, 0xE758, 0xFBAE, 0xE758, 0xFBAE, 0xE758, 0x0187, 0xE758,
	0xE758, 0x0187, 0xE758, 0xE758, 0xFE72, 0xE758, 0xE758, 0xE758, 0xFE72, 0xE758, 0xE758, 0xE758, 0xE758, 0xE758, 0x0187, 0xE758,
	0xE758, 0x0187, 0xE758, 0xE758, 0xE758, 0xE758, 0xE758, 0xE758, 0xE758, 0xE758, 0xE758, 0xFE72, 0xE758, 0xE758, 0x0187, 0xE758,
	0xE758, 0x0187, 0xE758, 0xFE72, 0xE758, 0xE758, 0xE758, 0xE758, 0xE758, 0xFE72, 0xE758, 0xE758, 0xE758, 0xE758, 0x0187, 0xE758,
	0xE758, 0x0187, 0xE758, 0xE758, 0xE758, 0xE758, 0xE758, 0xE758, 0xE758, 0xE758, 0xE758, 0xE758, 0xE758, 0xE758, 0x0187, 0xE758,
	0xE758, 0x0187, 0xFBAE, 0xFBAE, 0xFBAE, 0xE758, 0xE758, 0xE758, 0xFBAE, 0xFBAE, 0xFBAE, 0xE758, 0xE758, 0xFBAE, 0x0187, 0xE758,
	0xE758, 0xE758, 0x0187, 0x0187, 0x0187, 0xFBAE, 0xFBAE, 0xFBAE, 0x0187, 0x0187, 0x0187, 0xFBAE, 0xFBAE, 0x0187, 0x0187, 0xE758,
	0x0187, 0x0187, 0xE758, 0xE758, 0xE758, 0x0187, 0x0187, 0x0187, 0xE758, 0xE758, 0xE758, 0x0187, 0x0187, 0x0187, 0xE758, 0x0187,
	0x0187, 0x0187, 0x0187, 0x0187, 0x0187, 0xE758, 0xE758, 0xE758, 0x0187, 0x0187, 0x0187, 0xE758, 0xE758, 0xE758, 0x0187, 0x0187,
};
// 'Floop Map 3', 16x16px
const uint16_t epd_bitmap_Items_All_20 [] PROGMEM = {
	0x0187, 0x0187, 0x0187, 0x0187, 0x0187, 0xE758, 0xE758, 0xE758, 0x0187, 0x0187, 0x0187, 0xE758, 0xE758, 0x0187, 0x0187, 0x0187,
	0x0187, 0x0187, 0x0187, 0xE758, 0xE758, 0x0187, 0x0187, 0x0187, 0xE758, 0xE758, 0xE758, 0x0187, 0x0187, 0xE758, 0x0187, 0x0187,
	0x0187, 0x0187, 0xE758, 0x0187, 0x0187, 0xE758, 0xE758, 0xE758, 0x0187, 0x0187, 0x0187, 0xE758, 0xE758, 0x0187, 0xE758, 0x0187,
	0x0187, 0xE758, 0x0187, 0xE758, 0xE758, 0xE758, 0xE758, 0xE758, 0xE758, 0xE758, 0xE758, 0xE758, 0xE758, 0xE758, 0x0187, 0xE758,
	0xE758, 0x0187, 0xE758, 0xE758, 0xE758, 0xE758, 0xE758, 0xE758, 0xE758, 0xE758, 0xFBAE, 0xE758, 0xFBAE, 0xE758, 0x0187, 0xE758,
	0xE758, 0x0187, 0xE758, 0xE758, 0xE758, 0xE758, 0xFE72, 0xE758, 0xE758, 0xE758, 0xE758, 0xFBAE, 0xE758, 0xE758, 0x0187, 0xE758,
	0xE758, 0x0187, 0xE758, 0xE758, 0xE758, 0xE758, 0xE758, 0xE758, 0xE758, 0xE758, 0xFBAE, 0xE758, 0xFBAE, 0xE758, 0x0187, 0xE758,
	0xE758, 0x0187, 0xE758, 0xE758, 0xFE72, 0xE758, 0xE758, 0xE758, 0xFE72, 0xE758, 0xE758, 0xE758, 0xE758, 0xE758, 0x0187, 0xE758,
	0xE758, 0x0187, 0xE758, 0xE758, 0xE758, 0xE758, 0xE758, 0xE758, 0xE758, 0xE758, 0xE758, 0xFBAE, 0xE758, 0xE758, 0x0187, 0xE758,
	0xE758, 0x0187, 0xE758, 0xE758, 0xFE72, 0xE758, 0xE758, 0xE758, 0xE758, 0xFE72, 0xE758, 0xE758, 0xE758, 0xE758, 0x0187, 0xE758,
	0xE758, 0x0187, 0xE758, 0xE758, 0xE758, 0xE758, 0xE758, 0xE758, 0xE758, 0xE758, 0xE758, 0xE758, 0xE758, 0xE758, 0x0187, 0xE758,
	0xE758, 0x0187, 0xE758, 0xFE72, 0xE758, 0xE758, 0xE758, 0xE758, 0xE758, 0xE758, 0xE758, 0xE758, 0xE758, 0xFBAE, 0x0187, 0xE758,
	0xE758, 0x0187, 0xE758, 0xE758, 0xE758, 0xFBAE, 0xFBAE, 0xFBAE, 0xE758, 0xE758, 0xE758, 0xFBAE, 0xFBAE, 0x0187, 0x0187, 0xE758,
	0xE758, 0x0187, 0xFBAE, 0xFBAE, 0xFBAE, 0x0187, 0x0187, 0x0187, 0xFBAE, 0xFBAE, 0xFBAE, 0x0187, 0x0187, 0x0187, 0xE758, 0x0187,
	0x0187, 0xE758, 0x0187, 0x0187, 0x0187, 0xE758, 0xE758, 0xE758, 0x0187, 0x0187, 0x0187, 0xE758, 0xE758, 0xE758, 0x0187, 0x0187,
	0x0187, 0x0187, 0xE758, 0xE758, 0xE758, 0x0187, 0x0187, 0x0187, 0xE758, 0xE758, 0xE758, 0x0187, 0x0187, 0x0187, 0x0187, 0x0187,
};
// 'Random Card 1', 16x16px
const uint16_t epd_bitmap_Items_All_21 [] PROGMEM = {
	0x0187, 0x0187, 0x0187, 0x0187, 0x0187, 0x0187, 0x0187, 0x0187, 0x0187, 0x0187, 0x0187, 0x0187, 0x0187, 0x0187, 0x0187, 0x0187,
	0x0187, 0x0187, 0x0187, 0xE758, 0xE758, 0xE758, 0xE758, 0xE758, 0xE758, 0xE758, 0xE758, 0xE758, 0xE758, 0x0187, 0x0187, 0x0187,
	0x0187, 0x0187, 0xE758, 0x0187, 0x0187, 0x0187, 0x0187, 0x0187, 0x0187, 0x0187, 0x0187, 0x0187, 0x0187, 0xE758, 0x0187, 0x0187,
	0x0187, 0xE758, 0x0187, 0xFE72, 0xFE72, 0xFE72, 0xFE72, 0xFE72, 0xFE72, 0xE758, 0xE758, 0xE758, 0xE758, 0x0187, 0xE758, 0x0187,
	0x0187, 0xE758, 0x0187, 0xFE72, 0x0187, 0x0187, 0x0187, 0x0187, 0x0187, 0x0187, 0x0187, 0x0187, 0xE758, 0x0187, 0xE758, 0x0187,
	0x0187, 0xE758, 0x0187, 0xFE72, 0x0187, 0x0187, 0x0187, 0x0187, 0x0187, 0x0187, 0x0187, 0x0187, 0xE758, 0x0187, 0xE758, 0x0187,
	0x0187, 0xE758, 0x0187, 0xFE72, 0x0187, 0x0187, 0x0187, 0xE758, 0xE758, 0x0187, 0x0187, 0x0187, 0xE758, 0x0187, 0xE758, 0x0187,
	0x0187, 0xE758, 0x0187, 0xFE72, 0x0187, 0x0187, 0xE758, 0xE758, 0xE758, 0xE758, 0x0187, 0x0187, 0xFE72, 0x0187, 0xE758, 0x0187,
	0x0187, 0xE758, 0x0187, 0xFE72, 0x0187, 0xE758, 0xE758, 0xE758, 0xE758, 0xE758, 0xE758, 0x0187, 0xFE72, 0x0187, 0xE758, 0x0187,
	0x0187, 0xE758, 0x0187, 0xFE72, 0x0187, 0x0187, 0x0187, 0xE758, 0xE758, 0x0187, 0x0187, 0x0187, 0xFE72, 0x0187, 0xE758, 0x0187,
	0x0187, 0xE758, 0x0187, 0xE758, 0x0187, 0x0187, 0x0187, 0xE758, 0xE758, 0x0187, 0x0187, 0x0187, 0xFE72, 0x0187, 0xE758, 0x0187,
	0x0187, 0xE758, 0x0187, 0xE758, 0x0187, 0x0187, 0x0187, 0x0187, 0x0187, 0x0187, 0x0187, 0x0187, 0xFE72, 0x0187, 0xE758, 0x0187,
	0x0187, 0xE758, 0x0187, 0xE758, 0x0187, 0x0187, 0x0187, 0x0187, 0x0187, 0x0187, 0x0187, 0x0187, 0xFE72, 0x0187, 0xE758, 0x0187,
	0x0187, 0xE758, 0x0187, 0xE758, 0xE758, 0xE758, 0xE758, 0xFE72, 0xFE72, 0xFE72, 0xFE72, 0xFE72, 0xFE72, 0x0187, 0xE758, 0x0187,
	0x0187, 0x0187, 0xE758, 0x0187, 0x0187, 0x0187, 0x0187, 0x0187, 0x0187, 0x0187, 0x0187, 0x0187, 0x0187, 0xE758, 0x0187, 0x0187,
	0x0187, 0x0187, 0x0187, 0xE758, 0xE758, 0xE758, 0xE758, 0xE758, 0xE758, 0xE758, 0xE758, 0xE758, 0xE758, 0x0187, 0x0187, 0x0187,
};
// 'Random Card 2', 16x16px
const uint16_t epd_bitmap_Items_All_22 [] PROGMEM = {
	0x0187, 0x0187, 0x0187, 0x0187, 0x0187, 0x0187, 0x0187, 0x0187, 0x0187, 0x0187, 0x0187, 0x0187, 0x0187, 0x0187, 0x0187, 0x0187,
	0x0187, 0x0187, 0x0187, 0xFE72, 0xFE72, 0xFE72, 0xFE72, 0xFE72, 0xFE72, 0xE758, 0xE758, 0xE758, 0xE758, 0x0187, 0x0187, 0x0187,
	0x0187, 0x0187, 0xFE72, 0x0187, 0x0187, 0x0187, 0x0187, 0x0187, 0x0187, 0x0187, 0x0187, 0x0187, 0x0187, 0xE758, 0x0187, 0x0187,
	0x0187, 0xFE72, 0x0187, 0x0187, 0x0187, 0x0187, 0x0187, 0x0187, 0x0187, 0x0187, 0x0187, 0x0187, 0x0187, 0x0187, 0xE758, 0x0187,
	0x0187, 0xFE72, 0x0187, 0x0187, 0x0187, 0x0187, 0x0187, 0x0187, 0x0187, 0x0187, 0x0187, 0x0187, 0x0187, 0x0187, 0xE758, 0x0187,
	0x0187, 0xFE72, 0x0187, 0x0187, 0x0187, 0x0187, 0x0187, 0x0187, 0x0187, 0x0187, 0x0187, 0x0187, 0x0187, 0x0187, 0xE758, 0x0187,
	0x0187, 0xFE72, 0x0187, 0x0187, 0x0187, 0x0187, 0x0187, 0xE758, 0xE758, 0x0187, 0x0187, 0x0187, 0x0187, 0x0187, 0xE758, 0x0187,
	0x0187, 0xFE72, 0x0187, 0x0187, 0x0187, 0x0187, 0xE758, 0xE758, 0xE758, 0xE758, 0x0187, 0x0187, 0x0187, 0x0187, 0xFE72, 0x0187,
	0x0187, 0xFE72, 0x0187, 0x0187, 0x0187, 0xE758, 0xE758, 0xE758, 0xE758, 0xE758, 0xE758, 0x0187, 0x0187, 0x0187, 0xFE72, 0x0187,
	0x0187, 0xFE72, 0x0187, 0x0187, 0x0187, 0x0187, 0x0187, 0xE758, 0xE758, 0x0187, 0x0187, 0x0187, 0x0187, 0x0187, 0xFE72, 0x0187,
	0x0187, 0xE758, 0x0187, 0x0187, 0x0187, 0x0187, 0x0187, 0xE758, 0xE758, 0x0187, 0x0187, 0x0187, 0x0187, 0x0187, 0xFE72, 0x0187,
	0x0187, 0xE758, 0x0187, 0x0187, 0x0187, 0x0187, 0x0187, 0x0187, 0x0187, 0x0187, 0x0187, 0x0187, 0x0187, 0x0187, 0xFE72, 0x0187,
	0x0187, 0xE758, 0x0187, 0x0187, 0x0187, 0x0187, 0x0187, 0x0187, 0x0187, 0x0187, 0x0187, 0x0187, 0x0187, 0x0187, 0xFE72, 0x0187,
	0x0187, 0xE758, 0x0187, 0x0187, 0x0187, 0x0187, 0x0187, 0x0187, 0x0187, 0x0187, 0x0187, 0x0187, 0x0187, 0x0187, 0xFE72, 0x0187,
	0x0187, 0x0187, 0xE758, 0x0187, 0x0187, 0x0187, 0x0187, 0x0187, 0x0187, 0x0187, 0x0187, 0x0187, 0x0187, 0xFE72, 0x0187, 0x0187,
	0x0187, 0x0187, 0x0187, 0xE758, 0xE758, 0xE758, 0xE758, 0xFE72, 0xFE72, 0xFE72, 0xFE72, 0xFE72, 0xFE72, 0x0187, 0x0187, 0x0187,
};
// 'Random Card 3', 16x16px
const uint16_t epd_bitmap_Items_All_23 [] PROGMEM = {
	0x0187, 0x0187, 0x0187, 0x0187, 0xFE72, 0xFE72, 0xFE72, 0xFE72, 0xFE72, 0xE758, 0xE758, 0xE758, 0x0187, 0x0187, 0x0187, 0x0187,
	0x0187, 0x0187, 0x0187, 0x0187, 0x0187, 0x0187, 0x0187, 0x0187, 0x0187, 0x0187, 0x0187, 0x0187, 0x0187, 0x0187, 0x0187, 0x0187,
	0x0187, 0x0187, 0x0187, 0x0187, 0x0187, 0x0187, 0x0187, 0x0187, 0x0187, 0x0187, 0x0187, 0x0187, 0x0187, 0x0187, 0x0187, 0x0187,
	0x0187, 0x0187, 0x0187, 0x0187, 0x0187, 0x0187, 0x0187, 0x0187, 0x0187, 0x0187, 0x0187, 0x0187, 0x0187, 0x0187, 0x0187, 0x0187,
	0x0187, 0x0187, 0x0187, 0x0187, 0x0187, 0x0187, 0x0187, 0xE758, 0xE758, 0x0187, 0x0187, 0x0187, 0x0187, 0x0187, 0x0187, 0x0187,
	0xFE72, 0x0187, 0x0187, 0x0187, 0x0187, 0x0187, 0xE758, 0xE758, 0xE758, 0xE758, 0x0187, 0x0187, 0x0187, 0x0187, 0x0187, 0xE758,
	0xFE72, 0x0187, 0x0187, 0x0187, 0x0187, 0xE758, 0xE758, 0xE758, 0xE758, 0xE758, 0xE758, 0x0187, 0x0187, 0x0187, 0x0187, 0xE758,
	0xFE72, 0x0187, 0x0187, 0x0187, 0x0187, 0x0187, 0x0187, 0xE758, 0xE758, 0x0187, 0x0187, 0x0187, 0x0187, 0x0187, 0x0187, 0xFE72,
	0xFE72, 0x0187, 0x0187, 0x0187, 0x0187, 0x0187, 0x0187, 0xE758, 0xE758, 0x0187, 0x0187, 0x0187, 0x0187, 0x0187, 0x0187, 0xFE72,
	0xFE72, 0x0187, 0x0187, 0x0187, 0x0187, 0x0187, 0x0187, 0x0187, 0x0187, 0x0187, 0x0187, 0x0187, 0x0187, 0x0187, 0x0187, 0xFE72,
	0xE758, 0x0187, 0x0187, 0x0187, 0x0187, 0x0187, 0x0187, 0x0187, 0x0187, 0x0187, 0x0187, 0x0187, 0x0187, 0x0187, 0x0187, 0xFE72,
	0xE758, 0x0187, 0x0187, 0x0187, 0x0187, 0x0187, 0x0187, 0x0187, 0x0187, 0x0187, 0x0187, 0x0187, 0x0187, 0x0187, 0x0187, 0xFE72,
	0x0187, 0x0187, 0x0187, 0x0187, 0x0187, 0x0187, 0x0187, 0x0187, 0x0187, 0x0187, 0x0187, 0x0187, 0x0187, 0x0187, 0x0187, 0x0187,
	0x0187, 0x0187, 0x0187, 0x0187, 0x0187, 0x0187, 0x0187, 0x0187, 0x0187, 0x0187, 0x0187, 0x0187, 0x0187, 0x0187, 0x0187, 0x0187,
	0x0187, 0x0187, 0x0187, 0x0187, 0x0187, 0x0187, 0x0187, 0x0187, 0x0187, 0x0187, 0x0187, 0x0187, 0x0187, 0x0187, 0x0187, 0x0187,
	0x0187, 0x0187, 0x0187, 0x0187, 0xE758, 0xE758, 0xE758, 0xFE72, 0xFE72, 0xFE72, 0xFE72, 0xFE72, 0x0187, 0x0187, 0x0187, 0x0187,
};
// 'Random Gear 1', 16x16px
const uint16_t epd_bitmap_Items_All_24 [] PROGMEM = {
	0x0187, 0x0187, 0x0187, 0x0187, 0x0187, 0xE758, 0xE758, 0xE758, 0xE758, 0xE758, 0xE758, 0x0187, 0x0187, 0x0187, 0x0187, 0x0187,
	0x0187, 0x0187, 0x0187, 0xE758, 0xE758, 0x0187, 0x0187, 0x0187, 0x0187, 0x0187, 0x0187, 0xE758, 0xE758, 0x0187, 0x0187, 0x0187,
	0x0187, 0x0187, 0xE758, 0x0187, 0x0187, 0xFE72, 0xFE72, 0xFE72, 0xE758, 0xE758, 0xE758, 0x0187, 0x0187, 0xE758, 0x0187, 0x0187,
	0x0187, 0xE758, 0x0187, 0xFE72, 0xFE72, 0x0187, 0x0187, 0x0187, 0x0187, 0x0187, 0x0187, 0xE758, 0xE758, 0x0187, 0xE758, 0x0187,
	0x0187, 0xE758, 0x0187, 0xFE72, 0x0187, 0x0187, 0x0187, 0x0187, 0x0187, 0x0187, 0x0187, 0x0187, 0xE758, 0x0187, 0xE758, 0x0187,
	0xE758, 0x0187, 0xFE72, 0x0187, 0x0187, 0x0187, 0x0187, 0xE758, 0xE758, 0x0187, 0x0187, 0x0187, 0x0187, 0xE758, 0x0187, 0xE758,
	0xE758, 0x0187, 0xFE72, 0x0187, 0x0187, 0x0187, 0xE758, 0xE758, 0xE758, 0xE758, 0x0187, 0x0187, 0x0187, 0xE758, 0x0187, 0xE758,
	0xE758, 0x0187, 0xFE72, 0x0187, 0x0187, 0xE758, 0xE758, 0xE758, 0xE758, 0xE758, 0xE758, 0x0187, 0x0187, 0xE758, 0x0187, 0xE758,
	0xE758, 0x0187, 0xE758, 0x0187, 0x0187, 0x0187, 0x0187, 0xE758, 0xE758, 0x0187, 0x0187, 0x0187, 0x0187, 0xFE72, 0x0187, 0xE758,
	0xE758, 0x0187, 0xE758, 0x0187, 0x0187, 0x0187, 0x0187, 0xE758, 0xE758, 0x0187, 0x0187, 0x0187, 0x0187, 0xFE72, 0x0187, 0xE758,
	0xE758, 0x0187, 0xE758, 0x0187, 0x0187, 0x0187, 0x0187, 0x0187, 0x0187, 0x0187, 0x0187, 0x0187, 0x0187, 0xFE72, 0x0187, 0xE758,
	0x0187, 0xE758, 0x0187, 0xE758, 0x0187, 0x0187, 0x0187, 0x0187, 0x0187, 0x0187, 0x0187, 0x0187, 0xFE72, 0x0187, 0xE758, 0x0187,
	0x0187, 0xE758, 0x0187, 0xE758, 0xE758, 0x0187, 0x0187, 0x0187, 0x0187, 0x0187, 0x0187, 0xFE72, 0xFE72, 0x0187, 0xE758, 0x0187,
	0x0187, 0x0187, 0xE758, 0x0187, 0x0187, 0xE758, 0xE758, 0xE758, 0xFE72, 0xFE72, 0xFE72, 0x0187, 0x0187, 0xE758, 0x0187, 0x0187,
	0x0187, 0x0187, 0x0187, 0xE758, 0xE758, 0x0187, 0x0187, 0x0187, 0x0187, 0x0187, 0x0187, 0xE758, 0xE758, 0x0187, 0x0187, 0x0187,
	0x0187, 0x0187, 0x0187, 0x0187, 0x0187, 0xE758, 0xE758, 0xE758, 0xE758, 0xE758, 0xE758, 0x0187, 0x0187, 0x0187, 0x0187, 0x0187,
};
// 'Random Gear 2', 16x16px
const uint16_t epd_bitmap_Items_All_25 [] PROGMEM = {
	0x0187, 0x0187, 0x0187, 0x0187, 0x0187, 0xFE72, 0xFE72, 0xFE72, 0xE758, 0xE758, 0xE758, 0x0187, 0x0187, 0x0187, 0x0187, 0x0187,
	0x0187, 0x0187, 0x0187, 0xFE72, 0xFE72, 0x0187, 0x0187, 0x0187, 0x0187, 0x0187, 0x0187, 0xE758, 0xE758, 0x0187, 0x0187, 0x0187,
	0x0187, 0x0187, 0xFE72, 0x0187, 0x0187, 0x0187, 0x0187, 0x0187, 0x0187, 0x0187, 0x0187, 0x0187, 0x0187, 0xE758, 0x0187, 0x0187,
	0x0187, 0xFE72, 0x0187, 0x0187, 0x0187, 0x0187, 0x0187, 0x0187, 0x0187, 0x0187, 0x0187, 0x0187, 0x0187, 0x0187, 0xE758, 0x0187,
	0x0187, 0xFE72, 0x0187, 0x0187, 0x0187, 0x0187, 0x0187, 0x0187, 0x0187, 0x0187, 0x0187, 0x0187, 0x0187, 0x0187, 0xE758, 0x0187,
	0xFE72, 0x0187, 0x0187, 0x0187, 0x0187, 0x0187, 0x0187, 0xE758, 0xE758, 0x0187, 0x0187, 0x0187, 0x0187, 0x0187, 0x0187, 0xE758,
	0xFE72, 0x0187, 0x0187, 0x0187, 0x0187, 0x0187, 0xE758, 0xE758, 0xE758, 0xE758, 0x0187, 0x0187, 0x0187, 0x0187, 0x0187, 0xE758,
	0xFE72, 0x0187, 0x0187, 0x0187, 0x0187, 0xE758, 0xE758, 0xE758, 0xE758, 0xE758, 0xE758, 0x0187, 0x0187, 0x0187, 0x0187, 0xE758,
	0xE758, 0x0187, 0x0187, 0x0187, 0x0187, 0x0187, 0x0187, 0xE758, 0xE758, 0x0187, 0x0187, 0x0187, 0x0187, 0x0187, 0x0187, 0xFE72,
	0xE758, 0x0187, 0x0187, 0x0187, 0x0187, 0x0187, 0x0187, 0xE758, 0xE758, 0x0187, 0x0187, 0x0187, 0x0187, 0x0187, 0x0187, 0xFE72,
	0xE758, 0x0187, 0x0187, 0x0187, 0x0187, 0x0187, 0x0187, 0x0187, 0x0187, 0x0187, 0x0187, 0x0187, 0x0187, 0x0187, 0x0187, 0xFE72,
	0x0187, 0xE758, 0x0187, 0x0187, 0x0187, 0x0187, 0x0187, 0x0187, 0x0187, 0x0187, 0x0187, 0x0187, 0x0187, 0x0187, 0xFE72, 0x0187,
	0x0187, 0xE758, 0x0187, 0x0187, 0x0187, 0x0187, 0x0187, 0x0187, 0x0187, 0x0187, 0x0187, 0x0187, 0x0187, 0x0187, 0xFE72, 0x0187,
	0x0187, 0x0187, 0xE758, 0x0187, 0x0187, 0x0187, 0x0187, 0x0187, 0x0187, 0x0187, 0x0187, 0x0187, 0x0187, 0xFE72, 0x0187, 0x0187,
	0x0187, 0x0187, 0x0187, 0xE758, 0xE758, 0x0187, 0x0187, 0x0187, 0x0187, 0x0187, 0x0187, 0xFE72, 0xFE72, 0x0187, 0x0187, 0x0187,
	0x0187, 0x0187, 0x0187, 0x0187, 0x0187, 0xE758, 0xE758, 0xE758, 0xFE72, 0xFE72, 0xFE72, 0x0187, 0x0187, 0x0187, 0x0187, 0x0187,
};
// 'Random Gear 3', 16x16px
const uint16_t epd_bitmap_Items_All_26 [] PROGMEM = {
	0x0187, 0x0187, 0x0187, 0xFE72, 0x0187, 0x0187, 0x0187, 0x0187, 0x0187, 0x0187, 0x0187, 0x0187, 0x0187, 0x0187, 0x0187, 0x0187,
	0x0187, 0x0187, 0xFE72, 0x0187, 0x0187, 0x0187, 0x0187, 0x0187, 0x0187, 0x0187, 0x0187, 0x0187, 0x0187, 0xE758, 0x0187, 0x0187,
	0x0187, 0xFE72, 0x0187, 0x0187, 0x0187, 0x0187, 0x0187, 0x0187, 0x0187, 0x0187, 0x0187, 0x0187, 0x0187, 0x0187, 0xE758, 0x0187,
	0x0187, 0x0187, 0x0187, 0x0187, 0x0187, 0x0187, 0x0187, 0x0187, 0x0187, 0x0187, 0x0187, 0x0187, 0x0187, 0x0187, 0x0187, 0xE758,
	0x0187, 0x0187, 0x0187, 0x0187, 0x0187, 0x0187, 0x0187, 0xE758, 0xE758, 0x0187, 0x0187, 0x0187, 0x0187, 0x0187, 0x0187, 0x0187,
	0x0187, 0x0187, 0x0187, 0x0187, 0x0187, 0x0187, 0xE758, 0xE758, 0xE758, 0xE758, 0x0187, 0x0187, 0x0187, 0x0187, 0x0187, 0x0187,
	0x0187, 0x0187, 0x0187, 0x0187, 0x0187, 0xE758, 0xE758, 0xE758, 0xE758, 0xE758, 0xE758, 0x0187, 0x0187, 0x0187, 0x0187, 0x0187,
	0x0187, 0x0187, 0x0187, 0x0187, 0x0187, 0x0187, 0x0187, 0xE758, 0xE758, 0x0187, 0x0187, 0x0187, 0x0187, 0x0187, 0x0187, 0x0187,
	0x0187, 0x0187, 0x0187, 0x0187, 0x0187, 0x0187, 0x0187, 0xE758, 0xE758, 0x0187, 0x0187, 0x0187, 0x0187, 0x0187, 0x0187, 0x0187,
	0x0187, 0x0187, 0x0187, 0x0187, 0x0187, 0x0187, 0x0187, 0x0187, 0x0187, 0x0187, 0x0187, 0x0187, 0x0187, 0x0187, 0x0187, 0x0187,
	0x0187, 0x0187, 0x0187, 0x0187, 0x0187, 0x0187, 0x0187, 0x0187, 0x0187, 0x0187, 0x0187, 0x0187, 0x0187, 0x0187, 0x0187, 0x0187,
	0x0187, 0x0187, 0x0187, 0x0187, 0x0187, 0x0187, 0x0187, 0x0187, 0x0187, 0x0187, 0x0187, 0x0187, 0x0187, 0x0187, 0x0187, 0x0187,
	0xE758, 0x0187, 0x0187, 0x0187, 0x0187, 0x0187, 0x0187, 0x0187, 0x0187, 0x0187, 0x0187, 0x0187, 0x0187, 0x0187, 0x0187, 0x0187,
	0x0187, 0xE758, 0x0187, 0x0187, 0x0187, 0x0187, 0x0187, 0x0187, 0x0187, 0x0187, 0x0187, 0x0187, 0x0187, 0x0187, 0xFE72, 0x0187,
	0x0187, 0x0187, 0xE758, 0x0187, 0x0187, 0x0187, 0x0187, 0x0187, 0x0187, 0x0187, 0x0187, 0x0187, 0x0187, 0xFE72, 0x0187, 0x0187,
	0x0187, 0x0187, 0x0187, 0x0187, 0x0187, 0x0187, 0x0187, 0x0187, 0x0187, 0x0187, 0x0187, 0x0187, 0xFE72, 0x0187, 0x0187, 0x0187,
};
// 'Random Gem 1', 16x16px
const uint16_t epd_bitmap_Items_All_27 [] PROGMEM = {
	0x0187, 0x0187, 0x0187, 0xE758, 0xE758, 0xE758, 0xE758, 0xE758, 0xE758, 0xE758, 0xE758, 0xE758, 0xE758, 0x0187, 0x0187, 0x0187,
	0x0187, 0x0187, 0xE758, 0x0187, 0x0187, 0x0187, 0x0187, 0x0187, 0x0187, 0x0187, 0x0187, 0x0187, 0x0187, 0xE758, 0x0187, 0x0187,
	0x0187, 0xE758, 0x0187, 0xFE72, 0xFE72, 0xFE72, 0xFE72, 0xFE72, 0xE758, 0xE758, 0xE758, 0xE758, 0xE758, 0x0187, 0xE758, 0x0187,
	0xE758, 0x0187, 0xE758, 0x0187, 0x0187, 0x0187, 0x0187, 0x0187, 0x0187, 0x0187, 0x0187, 0x0187, 0x0187, 0xFE72, 0x0187, 0xE758,
	0xE758, 0x0187, 0xE758, 0x0187, 0x0187, 0x0187, 0x0187, 0xE758, 0xE758, 0x0187, 0x0187, 0x0187, 0x0187, 0xFE72, 0x0187, 0xE758,
	0x0187, 0xE758, 0x0187, 0xE758, 0x0187, 0x0187, 0xE758, 0xE758, 0xE758, 0xE758, 0x0187, 0x0187, 0xFE72, 0x0187, 0xE758, 0x0187,
	0x0187, 0xE758, 0x0187, 0xE758, 0x0187, 0xE758, 0xE758, 0xE758, 0xE758, 0xE758, 0xE758, 0x0187, 0xFE72, 0x0187, 0xE758, 0x0187,
	0x0187, 0x0187, 0xE758, 0x0187, 0xE758, 0x0187, 0x0187, 0xE758, 0xE758, 0x0187, 0x0187, 0xFE72, 0x0187, 0xE758, 0x0187, 0x0187,
	0x0187, 0x0187, 0xE758, 0x0187, 0xE758, 0x0187, 0x0187, 0xE758, 0xE758, 0x0187, 0x0187, 0xFE72, 0x0187, 0xE758, 0x0187, 0x0187,
	0x0187, 0x0187, 0x0187, 0xE758, 0x0187, 0xE758, 0x0187, 0x0187, 0x0187, 0x0187, 0xFE72, 0x0187, 0xE758, 0x0187, 0x0187, 0x0187,
	0x0187, 0x0187, 0x0187, 0xE758, 0x0187, 0xE758, 0x0187, 0x0187, 0x0187, 0x0187, 0xFE72, 0x0187, 0xE758, 0x0187, 0x0187, 0x0187,
	0x0187, 0x0187, 0x0187, 0x0187, 0xE758, 0x0187, 0xE758, 0x0187, 0x0187, 0xFE72, 0x0187, 0xE758, 0x0187, 0x0187, 0x0187, 0x0187,
	0x0187, 0x0187, 0x0187, 0x0187, 0xE758, 0x0187, 0xE758, 0x0187, 0x0187, 0xFE72, 0x0187, 0xE758, 0x0187, 0x0187, 0x0187, 0x0187,
	0x0187, 0x0187, 0x0187, 0x0187, 0x0187, 0xE758, 0x0187, 0xE758, 0xFE72, 0x0187, 0xE758, 0x0187, 0x0187, 0x0187, 0x0187, 0x0187,
	0x0187, 0x0187, 0x0187, 0x0187, 0x0187, 0x0187, 0xE758, 0x0187, 0x0187, 0xE758, 0x0187, 0x0187, 0x0187, 0x0187, 0x0187, 0x0187,
	0x0187, 0x0187, 0x0187, 0x0187, 0x0187, 0x0187, 0x0187, 0xE758, 0xE758, 0x0187, 0x0187, 0x0187, 0x0187, 0x0187, 0x0187, 0x0187,
};
// 'Random Gem 2', 16x16px
const uint16_t epd_bitmap_Items_All_28 [] PROGMEM = {
	0x0187, 0x0187, 0x0187, 0xFE72, 0xFE72, 0xFE72, 0xFE72, 0xFE72, 0xE758, 0xE758, 0xE758, 0xE758, 0xE758, 0x0187, 0x0187, 0x0187,
	0x0187, 0x0187, 0xFE72, 0x0187, 0x0187, 0x0187, 0x0187, 0x0187, 0x0187, 0x0187, 0x0187, 0x0187, 0x0187, 0xE758, 0x0187, 0x0187,
	0x0187, 0xFE72, 0x0187, 0x0187, 0x0187, 0x0187, 0x0187, 0x0187, 0x0187, 0x0187, 0x0187, 0x0187, 0x0187, 0x0187, 0xE758, 0x0187,
	0xE758, 0x0187, 0x0187, 0x0187, 0x0187, 0x0187, 0x0187, 0x0187, 0x0187, 0x0187, 0x0187, 0x0187, 0x0187, 0x0187, 0x0187, 0xFE72,
	0xE758, 0x0187, 0x0187, 0x0187, 0x0187, 0x0187, 0x0187, 0xE758, 0xE758, 0x0187, 0x0187, 0x0187, 0x0187, 0x0187, 0x0187, 0xFE72,
	0x0187, 0xE758, 0x0187, 0x0187, 0x0187, 0x0187, 0xE758, 0xE758, 0xE758, 0xE758, 0x0187, 0x0187, 0x0187, 0x0187, 0xFE72, 0x0187,
	0x0187, 0xE758, 0x0187, 0x0187, 0x0187, 0xE758, 0xE758, 0xE758, 0xE758, 0xE758, 0xE758, 0x0187, 0x0187, 0x0187, 0xFE72, 0x0187,
	0x0187, 0x0187, 0xE758, 0x0187, 0x0187, 0x0187, 0x0187, 0xE758, 0xE758, 0x0187, 0x0187, 0x0187, 0x0187, 0xFE72, 0x0187, 0x0187,
	0x0187, 0x0187, 0xE758, 0x0187, 0x0187, 0x0187, 0x0187, 0xE758, 0xE758, 0x0187, 0x0187, 0x0187, 0x0187, 0xFE72, 0x0187, 0x0187,
	0x0187, 0x0187, 0x0187, 0xE758, 0x0187, 0x0187, 0x0187, 0x0187, 0x0187, 0x0187, 0x0187, 0x0187, 0xFE72, 0x0187, 0x0187, 0x0187,
	0x0187, 0x0187, 0x0187, 0xE758, 0x0187, 0x0187, 0x0187, 0x0187, 0x0187, 0x0187, 0x0187, 0x0187, 0xFE72, 0x0187, 0x0187, 0x0187,
	0x0187, 0x0187, 0x0187, 0x0187, 0xE758, 0x0187, 0x0187, 0x0187, 0x0187, 0x0187, 0x0187, 0xFE72, 0x0187, 0x0187, 0x0187, 0x0187,
	0x0187, 0x0187, 0x0187, 0x0187, 0xE758, 0x0187, 0x0187, 0x0187, 0x0187, 0x0187, 0x0187, 0xFE72, 0x0187, 0x0187, 0x0187, 0x0187,
	0x0187, 0x0187, 0x0187, 0x0187, 0x0187, 0xE758, 0x0187, 0x0187, 0x0187, 0x0187, 0xFE72, 0x0187, 0x0187, 0x0187, 0x0187, 0x0187,
	0x0187, 0x0187, 0x0187, 0x0187, 0x0187, 0x0187, 0xE758, 0x0187, 0x0187, 0xFE72, 0x0187, 0x0187, 0x0187, 0x0187, 0x0187, 0x0187,
	0x0187, 0x0187, 0x0187, 0x0187, 0x0187, 0x0187, 0x0187, 0xE758, 0xFE72, 0x0187, 0x0187, 0x0187, 0x0187, 0x0187, 0x0187, 0x0187,
};
// 'Random Gem 3', 16x16px
const uint16_t epd_bitmap_Items_All_29[] PROGMEM = {
	0x0187, 0x0187, 0x0187, 0xFE72, 0xFE72, 0xFE72, 0x0187, 0x0187, 0x0187, 0x0187, 0xE758, 0xE758, 0xE758, 0x0187, 0x0187, 0x0187,
	0x0187, 0x0187, 0x0187, 0x0187, 0x0187, 0x0187, 0x0187, 0x0187, 0x0187, 0x0187, 0x0187, 0x0187, 0x0187, 0x0187, 0x0187, 0x0187,
	0x0187, 0x0187, 0x0187, 0x0187, 0x0187, 0x0187, 0x0187, 0x0187, 0x0187, 0x0187, 0x0187, 0x0187, 0x0187, 0x0187, 0x0187, 0x0187,
	0x0187, 0x0187, 0x0187, 0x0187, 0x0187, 0x0187, 0x0187, 0xE758, 0xE758, 0x0187, 0x0187, 0x0187, 0x0187, 0x0187, 0x0187, 0x0187,
	0x0187, 0x0187, 0x0187, 0x0187, 0x0187, 0x0187, 0xE758, 0xE758, 0xE758, 0xE758, 0x0187, 0x0187, 0x0187, 0x0187, 0x0187, 0x0187,
	0x0187, 0x0187, 0x0187, 0x0187, 0x0187, 0xE758, 0xE758, 0xE758, 0xE758, 0xE758, 0xE758, 0x0187, 0x0187, 0x0187, 0x0187, 0x0187,
	0x0187, 0x0187, 0x0187, 0x0187, 0x0187, 0x0187, 0x0187, 0xE758, 0xE758, 0x0187, 0x0187, 0x0187, 0x0187, 0x0187, 0x0187, 0x0187,
	0xE758, 0x0187, 0x0187, 0x0187, 0x0187, 0x0187, 0x0187, 0xE758, 0xE758, 0x0187, 0x0187, 0x0187, 0x0187, 0x0187, 0x0187, 0xFE72,
	0xE758, 0x0187, 0x0187, 0x0187, 0x0187, 0x0187, 0x0187, 0x0187, 0x0187, 0x0187, 0x0187, 0x0187, 0x0187, 0x0187, 0x0187, 0xFE72,
	0x0187, 0xE758, 0x0187, 0x0187, 0x0187, 0x0187, 0x0187, 0x0187, 0x0187, 0x0187, 0x0187, 0x0187, 0x0187, 0x0187, 0xFE72, 0x0187,
	0x0187, 0xE758, 0x0187, 0x0187, 0x0187, 0x0187, 0x0187, 0x0187, 0x0187, 0x0187, 0x0187, 0x0187, 0x0187, 0x0187, 0xFE72, 0x0187,
	0x0187, 0x0187, 0xE758, 0x0187, 0x0187, 0x0187, 0x0187, 0x0187, 0x0187, 0x0187, 0x0187, 0x0187, 0x0187, 0xFE72, 0x0187, 0x0187,
	0x0187, 0x0187, 0xE758, 0x0187, 0x0187, 0x0187, 0x0187, 0x0187, 0x0187, 0x0187, 0x0187, 0x0187, 0x0187, 0xFE72, 0x0187, 0x0187,
	0x0187, 0x0187, 0x0187, 0xE758, 0x0187, 0x0187, 0x0187, 0x0187, 0x0187, 0x0187, 0x0187, 0x0187, 0xFE72, 0x0187, 0x0187, 0x0187,
	0x0187, 0x0187, 0x0187, 0x0187, 0x0187, 0x0187, 0x0187, 0x0187, 0x0187, 0x0187, 0x0187, 0x0187, 0x0187, 0x0187, 0x0187, 0x0187,
	0x0187, 0x0187, 0x0187, 0x0187, 0x0187, 0x0187, 0x0187, 0x0187, 0x0187, 0x0187, 0x0187, 0x0187, 0x0187, 0x0187, 0x0187, 0x0187,
};
// 'Blank Item', 16x16px
const uint16_t epd_bitmap_Blank_Item [] PROGMEM = {
	0x0187, 0x0187, 0x0187, 0x0187, 0x0187, 0x0187, 0x0187, 0x0187, 0x0187, 0x0187, 0x0187, 0x0187, 0x0187, 0x0187, 0x0187, 0x0187,
	0x0187, 0x0187, 0x0187, 0x0187, 0x0187, 0x0187, 0x0187, 0x0187, 0x0187, 0x0187, 0x0187, 0x0187, 0x0187, 0x0187, 0x0187, 0x0187,
	0x0187, 0x0187, 0x0187, 0x0187, 0x0187, 0x0187, 0x0187, 0x0187, 0x0187, 0x0187, 0x0187, 0x0187, 0x0187, 0x0187, 0x0187, 0x0187,
	0x0187, 0x0187, 0x0187, 0x0187, 0x0187, 0x0187, 0x0187, 0x0187, 0x0187, 0x0187, 0x0187, 0x0187, 0x0187, 0x0187, 0x0187, 0x0187,
	0x0187, 0x0187, 0x0187, 0x0187, 0x0187, 0x0187, 0x0187, 0x0187, 0x0187, 0x0187, 0x0187, 0x0187, 0x0187, 0x0187, 0x0187, 0x0187,
	0x0187, 0x0187, 0x0187, 0x0187, 0x0187, 0x0187, 0x0187, 0x0187, 0x0187, 0x0187, 0x0187, 0x0187, 0x0187, 0x0187, 0x0187, 0x0187,
	0x0187, 0x0187, 0x0187, 0x0187, 0x0187, 0x0187, 0x0187, 0x0187, 0x0187, 0x0187, 0x0187, 0x0187, 0x0187, 0x0187, 0x0187, 0x0187,
	0x0187, 0x0187, 0x0187, 0x0187, 0x0187, 0x0187, 0x0187, 0x0187, 0x0187, 0x0187, 0x0187, 0x0187, 0x0187, 0x0187, 0x0187, 0x0187,
	0x0187, 0x0187, 0x0187, 0x0187, 0x0187, 0x0187, 0x0187, 0x0187, 0x0187, 0x0187, 0x0187, 0x0187, 0x0187, 0x0187, 0x0187, 0x0187,
	0x0187, 0x0187, 0x0187, 0x0187, 0x0187, 0x0187, 0x0187, 0x0187, 0x0187, 0x0187, 0x0187, 0x0187, 0x0187, 0x0187, 0x0187, 0x0187,
	0x0187, 0x0187, 0x0187, 0x0187, 0x0187, 0x0187, 0x0187, 0x0187, 0x0187, 0x0187, 0x0187, 0x0187, 0x0187, 0x0187, 0x0187, 0x0187,
	0x0187, 0x0187, 0x0187, 0x0187, 0x0187, 0x0187, 0x0187, 0x0187, 0x0187, 0x0187, 0x0187, 0x0187, 0x0187, 0x0187, 0x0187, 0x0187,
	0x0187, 0x0187, 0x0187, 0x0187, 0x0187, 0x0187, 0x0187, 0x0187, 0x0187, 0x0187, 0x0187, 0x0187, 0x0187, 0x0187, 0x0187, 0x0187,
	0x0187, 0x0187, 0x0187, 0x0187, 0x0187, 0x0187, 0x0187, 0x0187, 0x0187, 0x0187, 0x0187, 0x0187, 0x0187, 0x0187, 0x0187, 0x0187,
	0x0187, 0x0187, 0x0187, 0x0187, 0x0187, 0x0187, 0x0187, 0x0187, 0x0187, 0x0187, 0x0187, 0x0187, 0x0187, 0x0187, 0x0187, 0x0187,
	0x0187, 0x0187, 0x0187, 0x0187, 0x0187, 0x0187, 0x0187, 0x0187, 0x0187, 0x0187, 0x0187, 0x0187, 0x0187, 0x0187, 0x0187, 0x0187,
};
// Array of all bitmaps for convenience. (Total bytes used to store images in PROGMEM = 69600)
const int items_LEN = 31;
const uint16_t* items[31] = {
	epd_bitmap_Items_All_00,
	epd_bitmap_Items_All_01,
	epd_bitmap_Items_All_02,
	epd_bitmap_Items_All_03,
	epd_bitmap_Items_All_04,
	epd_bitmap_Items_All_05,
	epd_bitmap_Items_All_06,
	epd_bitmap_Items_All_07,
	epd_bitmap_Items_All_08,
	epd_bitmap_Items_All_09,
	epd_bitmap_Items_All_10,
	epd_bitmap_Items_All_11,
	epd_bitmap_Items_All_12,
	epd_bitmap_Items_All_13,
	epd_bitmap_Items_All_14,
	epd_bitmap_Items_All_15,
	epd_bitmap_Items_All_16,
	epd_bitmap_Items_All_17,
	epd_bitmap_Items_All_18,
	epd_bitmap_Items_All_19,
	epd_bitmap_Items_All_20,
	epd_bitmap_Items_All_21,
	epd_bitmap_Items_All_22,
	epd_bitmap_Items_All_23,
	epd_bitmap_Items_All_24,
	epd_bitmap_Items_All_25,
	epd_bitmap_Items_All_26,
	epd_bitmap_Items_All_27,
	epd_bitmap_Items_All_28,
	epd_bitmap_Items_All_29,
  epd_bitmap_Blank_Item
};

#pragma endregion

#pragma region Gems
// None, 16x16px
const uint16_t epd_bitmap_Gems_All_00 [] PROGMEM = {
	0x0187, 0x0187, 0x0187, 0x0187, 0x0187, 0x0187, 0x0187, 0x0187, 0x0187, 0x0187, 0x0187, 0x0187, 0x0187, 0x0187, 0x0187, 0x0187,
	0x0187, 0x0187, 0x0187, 0x0187, 0x0187, 0x0187, 0x0187, 0x0187, 0x0187, 0x0187, 0x0187, 0x0187, 0x0187, 0x0187, 0x0187, 0x0187,
	0x0187, 0x0187, 0x0187, 0x0187, 0x0187, 0x0187, 0x0187, 0x0187, 0x0187, 0x0187, 0x0187, 0x0187, 0x0187, 0x0187, 0x0187, 0x0187,
	0x0187, 0x0187, 0x0187, 0xFBAE, 0xFBAE, 0x0187, 0x0187, 0x0187, 0x0187, 0x0187, 0x0187, 0xFBAE, 0xFBAE, 0x0187, 0x0187, 0x0187,
	0x0187, 0x0187, 0x0187, 0xFBAE, 0xFBAE, 0xFBAE, 0x0187, 0x0187, 0x0187, 0x0187, 0xFBAE, 0xFBAE, 0xFBAE, 0x0187, 0x0187, 0x0187,
	0x0187, 0x0187, 0x0187, 0x0187, 0xFBAE, 0xFBAE, 0xFBAE, 0x0187, 0x0187, 0xFBAE, 0xFBAE, 0xFBAE, 0x0187, 0x0187, 0x0187, 0x0187,
	0x0187, 0x0187, 0x0187, 0x0187, 0x0187, 0xFBAE, 0xFBAE, 0xFBAE, 0xFBAE, 0xFBAE, 0xFBAE, 0x0187, 0x0187, 0x0187, 0x0187, 0x0187,
	0x0187, 0x0187, 0x0187, 0x0187, 0x0187, 0x0187, 0xFBAE, 0xFBAE, 0xFBAE, 0xFBAE, 0x0187, 0x0187, 0x0187, 0x0187, 0x0187, 0x0187,
	0x0187, 0x0187, 0x0187, 0x0187, 0x0187, 0x0187, 0xFBAE, 0xFBAE, 0xFBAE, 0xFBAE, 0x0187, 0x0187, 0x0187, 0x0187, 0x0187, 0x0187,
	0x0187, 0x0187, 0x0187, 0x0187, 0x0187, 0xFBAE, 0xFBAE, 0xFBAE, 0xFBAE, 0xFBAE, 0xFBAE, 0x0187, 0x0187, 0x0187, 0x0187, 0x0187,
	0x0187, 0x0187, 0x0187, 0x0187, 0xFBAE, 0xFBAE, 0xFBAE, 0x0187, 0x0187, 0xFBAE, 0xFBAE, 0xFBAE, 0x0187, 0x0187, 0x0187, 0x0187,
	0x0187, 0x0187, 0x0187, 0xFBAE, 0xFBAE, 0xFBAE, 0x0187, 0x0187, 0x0187, 0x0187, 0xFBAE, 0xFBAE, 0xFBAE, 0x0187, 0x0187, 0x0187,
	0x0187, 0x0187, 0x0187, 0xFBAE, 0xFBAE, 0x0187, 0x0187, 0x0187, 0x0187, 0x0187, 0x0187, 0xFBAE, 0xFBAE, 0x0187, 0x0187, 0x0187,
	0x0187, 0x0187, 0x0187, 0x0187, 0x0187, 0x0187, 0x0187, 0x0187, 0x0187, 0x0187, 0x0187, 0x0187, 0x0187, 0x0187, 0x0187, 0x0187,
	0x0187, 0x0187, 0x0187, 0x0187, 0x0187, 0x0187, 0x0187, 0x0187, 0x0187, 0x0187, 0x0187, 0x0187, 0x0187, 0x0187, 0x0187, 0x0187,
	0x0187, 0x0187, 0x0187, 0x0187, 0x0187, 0x0187, 0x0187, 0x0187, 0x0187, 0x0187, 0x0187, 0x0187, 0x0187, 0x0187, 0x0187, 0x0187,
};
// ATK Gem, 16x16px
const uint16_t epd_bitmap_Gems_All_01 [] PROGMEM = {
	0x0187, 0x0187, 0x0187, 0x0187, 0x0187, 0x0187, 0x0187, 0x0187, 0x0187, 0x0187, 0x0187, 0x0187, 0x0187, 0x0187, 0x0187, 0x0187,
	0x0187, 0x0187, 0x0187, 0x0187, 0x0187, 0x0187, 0x0187, 0x0187, 0x0187, 0x0187, 0x0187, 0x0187, 0x0187, 0x0187, 0x0187, 0x0187,
	0x0187, 0x0187, 0x0187, 0x0187, 0x0187, 0x0187, 0x0187, 0xE758, 0xE758, 0x0187, 0x0187, 0x0187, 0x0187, 0x0187, 0x0187, 0x0187,
	0x0187, 0x0187, 0x0187, 0x0187, 0x0187, 0x0187, 0xE758, 0x0187, 0x0187, 0xE758, 0x0187, 0x0187, 0x0187, 0x0187, 0x0187, 0x0187,
	0x0187, 0x0187, 0x0187, 0x0187, 0x0187, 0xE758, 0x0187, 0xFBAE, 0xFE72, 0x0187, 0xE758, 0x0187, 0x0187, 0x0187, 0x0187, 0x0187,
	0x0187, 0x0187, 0x0187, 0x0187, 0xE758, 0x0187, 0xFBAE, 0xFBAE, 0xE758, 0xFE72, 0x0187, 0xE758, 0x0187, 0x0187, 0x0187, 0x0187,
	0x0187, 0x0187, 0x0187, 0xE758, 0x0187, 0xFBAE, 0xFBAE, 0xFBAE, 0xE758, 0xE758, 0xFE72, 0x0187, 0xE758, 0x0187, 0x0187, 0x0187,
	0x0187, 0x0187, 0xE758, 0x0187, 0xFBAE, 0xFBAE, 0xFBAE, 0xFBAE, 0xE758, 0xE758, 0xE758, 0xFE72, 0x0187, 0xE758, 0x0187, 0x0187,
	0x0187, 0x0187, 0xE758, 0x0187, 0xFBAE, 0xFE72, 0xFE72, 0xFE72, 0xFBAE, 0xFBAE, 0xFBAE, 0xFBAE, 0x0187, 0xE758, 0x0187, 0x0187,
	0x0187, 0x0187, 0x0187, 0xE758, 0x0187, 0xFBAE, 0xFE72, 0xFE72, 0xFBAE, 0xFBAE, 0xFBAE, 0x0187, 0xE758, 0x0187, 0x0187, 0x0187,
	0x0187, 0x0187, 0x0187, 0x0187, 0xE758, 0x0187, 0xFBAE, 0xFE72, 0xFBAE, 0xFBAE, 0x0187, 0xE758, 0x0187, 0x0187, 0x0187, 0x0187,
	0x0187, 0x0187, 0x0187, 0x0187, 0x0187, 0xE758, 0x0187, 0xFBAE, 0xFBAE, 0x0187, 0xE758, 0x0187, 0x0187, 0x0187, 0x0187, 0x0187,
	0x0187, 0x0187, 0x0187, 0x0187, 0x0187, 0x0187, 0xE758, 0x0187, 0x0187, 0xE758, 0x0187, 0x0187, 0x0187, 0x0187, 0x0187, 0x0187,
	0x0187, 0x0187, 0x0187, 0x0187, 0x0187, 0x0187, 0x0187, 0xE758, 0xE758, 0x0187, 0x0187, 0x0187, 0x0187, 0x0187, 0x0187, 0x0187,
	0x0187, 0x0187, 0x0187, 0x0187, 0x0187, 0x0187, 0x0187, 0x0187, 0x0187, 0x0187, 0x0187, 0x0187, 0x0187, 0x0187, 0x0187, 0x0187,
	0x0187, 0x0187, 0x0187, 0x0187, 0x0187, 0x0187, 0x0187, 0x0187, 0x0187, 0x0187, 0x0187, 0x0187, 0x0187, 0x0187, 0x0187, 0x0187,
};
// DEF Gem, 16x16px
const uint16_t epd_bitmap_Gems_All_02 [] PROGMEM = {
	0x0187, 0x0187, 0x0187, 0x0187, 0x0187, 0x0187, 0x0187, 0x0187, 0x0187, 0x0187, 0x0187, 0x0187, 0x0187, 0x0187, 0x0187, 0x0187,
	0x0187, 0x0187, 0x0187, 0x0187, 0x0187, 0x0187, 0x0187, 0x0187, 0x0187, 0x0187, 0x0187, 0x0187, 0x0187, 0x0187, 0x0187, 0x0187,
	0x0187, 0x0187, 0x0187, 0x0187, 0x0187, 0x0187, 0xE758, 0xE758, 0xE758, 0xE758, 0x0187, 0x0187, 0x0187, 0x0187, 0x0187, 0x0187,
	0x0187, 0x0187, 0x0187, 0x0187, 0xE758, 0xE758, 0x0187, 0x0187, 0x0187, 0x0187, 0xE758, 0xE758, 0x0187, 0x0187, 0x0187, 0x0187,
	0x0187, 0x0187, 0x0187, 0xE758, 0x0187, 0x0187, 0xFBAE, 0xFBAE, 0xFE72, 0xFE72, 0x0187, 0x0187, 0xE758, 0x0187, 0x0187, 0x0187,
	0x0187, 0x0187, 0x0187, 0xE758, 0x0187, 0xFBAE, 0xFBAE, 0xFE72, 0xE758, 0xE758, 0xFE72, 0x0187, 0xE758, 0x0187, 0x0187, 0x0187,
	0x0187, 0x0187, 0xE758, 0x0187, 0xFBAE, 0xFBAE, 0xFE72, 0xFBAE, 0xFE72, 0xE758, 0xE758, 0xFE72, 0x0187, 0xE758, 0x0187, 0x0187,
	0x0187, 0x0187, 0xE758, 0x0187, 0xFBAE, 0xFE72, 0xFBAE, 0xFE72, 0xE758, 0xFE72, 0xE758, 0xFE72, 0x0187, 0xE758, 0x0187, 0x0187,
	0x0187, 0x0187, 0xE758, 0x0187, 0xFBAE, 0xFE72, 0xFBAE, 0xE758, 0xFE72, 0xFBAE, 0xFE72, 0xFBAE, 0x0187, 0xE758, 0x0187, 0x0187,
	0x0187, 0x0187, 0xE758, 0x0187, 0xFBAE, 0xFBAE, 0xE758, 0xFBAE, 0xFBAE, 0xFE72, 0xFBAE, 0xFBAE, 0x0187, 0xE758, 0x0187, 0x0187,
	0x0187, 0x0187, 0x0187, 0xE758, 0x0187, 0xFBAE, 0xFBAE, 0xFE72, 0xFE72, 0xFBAE, 0xFBAE, 0x0187, 0xE758, 0x0187, 0x0187, 0x0187,
	0x0187, 0x0187, 0x0187, 0xE758, 0x0187, 0x0187, 0xFBAE, 0xFBAE, 0xFBAE, 0xFBAE, 0x0187, 0x0187, 0xE758, 0x0187, 0x0187, 0x0187,
	0x0187, 0x0187, 0x0187, 0x0187, 0xE758, 0xE758, 0x0187, 0x0187, 0x0187, 0x0187, 0xE758, 0xE758, 0x0187, 0x0187, 0x0187, 0x0187,
	0x0187, 0x0187, 0x0187, 0x0187, 0x0187, 0x0187, 0xE758, 0xE758, 0xE758, 0xE758, 0x0187, 0x0187, 0x0187, 0x0187, 0x0187, 0x0187,
	0x0187, 0x0187, 0x0187, 0x0187, 0x0187, 0x0187, 0x0187, 0x0187, 0x0187, 0x0187, 0x0187, 0x0187, 0x0187, 0x0187, 0x0187, 0x0187,
	0x0187, 0x0187, 0x0187, 0x0187, 0x0187, 0x0187, 0x0187, 0x0187, 0x0187, 0x0187, 0x0187, 0x0187, 0x0187, 0x0187, 0x0187, 0x0187,
};
// SPD Gem, 16x16px
const uint16_t epd_bitmap_Gems_All_03 [] PROGMEM = {
	0x0187, 0x0187, 0x0187, 0x0187, 0x0187, 0x0187, 0x0187, 0x0187, 0x0187, 0x0187, 0x0187, 0x0187, 0x0187, 0x0187, 0x0187, 0x0187,
	0x0187, 0x0187, 0x0187, 0x0187, 0x0187, 0x0187, 0x0187, 0x0187, 0x0187, 0x0187, 0x0187, 0x0187, 0x0187, 0x0187, 0x0187, 0x0187,
	0x0187, 0x0187, 0x0187, 0x0187, 0xE758, 0xE758, 0xE758, 0xE758, 0xE758, 0xE758, 0xE758, 0xE758, 0x0187, 0x0187, 0x0187, 0x0187,
	0x0187, 0x0187, 0x0187, 0xE758, 0x0187, 0x0187, 0x0187, 0x0187, 0x0187, 0x0187, 0x0187, 0x0187, 0xE758, 0x0187, 0x0187, 0x0187,
	0x0187, 0x0187, 0xE758, 0x0187, 0xE758, 0xFE72, 0xFE72, 0xFE72, 0xFE72, 0xFE72, 0xFE72, 0xE758, 0x0187, 0xE758, 0x0187, 0x0187,
	0x0187, 0x0187, 0xE758, 0x0187, 0xFBAE, 0xE758, 0xE758, 0xE758, 0xE758, 0xE758, 0xE758, 0xFE72, 0x0187, 0xE758, 0x0187, 0x0187,
	0x0187, 0x0187, 0x0187, 0xE758, 0x0187, 0xFBAE, 0xE758, 0xE758, 0xE758, 0xE758, 0xFE72, 0x0187, 0xE758, 0x0187, 0x0187, 0x0187,
	0x0187, 0x0187, 0x0187, 0xE758, 0x0187, 0xFBAE, 0xFBAE, 0xE758, 0xE758, 0xFE72, 0xFE72, 0x0187, 0xE758, 0x0187, 0x0187, 0x0187,
	0x0187, 0x0187, 0x0187, 0x0187, 0xE758, 0x0187, 0xFBAE, 0xFBAE, 0xFE72, 0xFE72, 0x0187, 0xE758, 0x0187, 0x0187, 0x0187, 0x0187,
	0x0187, 0x0187, 0x0187, 0x0187, 0xE758, 0x0187, 0xFBAE, 0xFBAE, 0xFE72, 0xFE72, 0x0187, 0xE758, 0x0187, 0x0187, 0x0187, 0x0187,
	0x0187, 0x0187, 0x0187, 0x0187, 0x0187, 0xE758, 0x0187, 0xFBAE, 0xFE72, 0x0187, 0xE758, 0x0187, 0x0187, 0x0187, 0x0187, 0x0187,
	0x0187, 0x0187, 0x0187, 0x0187, 0x0187, 0xE758, 0x0187, 0xFBAE, 0xFE72, 0x0187, 0xE758, 0x0187, 0x0187, 0x0187, 0x0187, 0x0187,
	0x0187, 0x0187, 0x0187, 0x0187, 0x0187, 0x0187, 0xE758, 0x0187, 0x0187, 0xE758, 0x0187, 0x0187, 0x0187, 0x0187, 0x0187, 0x0187,
	0x0187, 0x0187, 0x0187, 0x0187, 0x0187, 0x0187, 0x0187, 0xE758, 0xE758, 0x0187, 0x0187, 0x0187, 0x0187, 0x0187, 0x0187, 0x0187,
	0x0187, 0x0187, 0x0187, 0x0187, 0x0187, 0x0187, 0x0187, 0x0187, 0x0187, 0x0187, 0x0187, 0x0187, 0x0187, 0x0187, 0x0187, 0x0187,
	0x0187, 0x0187, 0x0187, 0x0187, 0x0187, 0x0187, 0x0187, 0x0187, 0x0187, 0x0187, 0x0187, 0x0187, 0x0187, 0x0187, 0x0187, 0x0187,
};
// HP Gem, 16x16px
const uint16_t epd_bitmap_Gems_All_04 [] PROGMEM = {
	0x0187, 0x0187, 0x0187, 0x0187, 0x0187, 0x0187, 0x0187, 0x0187, 0x0187, 0x0187, 0x0187, 0x0187, 0x0187, 0x0187, 0x0187, 0x0187,
	0x0187, 0x0187, 0x0187, 0x0187, 0x0187, 0xE758, 0xE758, 0xE758, 0xE758, 0xE758, 0xE758, 0x0187, 0x0187, 0x0187, 0x0187, 0x0187,
	0x0187, 0x0187, 0x0187, 0x0187, 0xE758, 0x0187, 0x0187, 0x0187, 0x0187, 0x0187, 0x0187, 0xE758, 0x0187, 0x0187, 0x0187, 0x0187,
	0x0187, 0x0187, 0x0187, 0xE758, 0x0187, 0xFBAE, 0xFE72, 0xE758, 0xE758, 0xE758, 0xE758, 0x0187, 0xE758, 0x0187, 0x0187, 0x0187,
	0x0187, 0x0187, 0xE758, 0x0187, 0xFBAE, 0xFE72, 0xFBAE, 0xFBAE, 0xFE72, 0xFE72, 0xE758, 0xE758, 0x0187, 0xE758, 0x0187, 0x0187,
	0x0187, 0x0187, 0xE758, 0x0187, 0xFBAE, 0xFBAE, 0xFE72, 0xFE72, 0xE758, 0xE758, 0xFE72, 0xE758, 0x0187, 0xE758, 0x0187, 0x0187,
	0x0187, 0x0187, 0xE758, 0x0187, 0xFBAE, 0xFBAE, 0xFE72, 0xFE72, 0xFE72, 0xE758, 0xFE72, 0xE758, 0x0187, 0xE758, 0x0187, 0x0187,
	0x0187, 0x0187, 0xE758, 0x0187, 0xFBAE, 0xFBAE, 0xFE72, 0xFE72, 0xFE72, 0xE758, 0xFE72, 0xE758, 0x0187, 0xE758, 0x0187, 0x0187,
	0x0187, 0x0187, 0xE758, 0x0187, 0xFBAE, 0xFBAE, 0xE758, 0xFE72, 0xFE72, 0xFE72, 0xFBAE, 0xE758, 0x0187, 0xE758, 0x0187, 0x0187,
	0x0187, 0x0187, 0xE758, 0x0187, 0xFBAE, 0xFBAE, 0xE758, 0xFE72, 0xFE72, 0xFE72, 0xFBAE, 0xE758, 0x0187, 0xE758, 0x0187, 0x0187,
	0x0187, 0x0187, 0xE758, 0x0187, 0xFBAE, 0xFBAE, 0xE758, 0xE758, 0xFE72, 0xFE72, 0xFBAE, 0xE758, 0x0187, 0xE758, 0x0187, 0x0187,
	0x0187, 0x0187, 0xE758, 0x0187, 0xFBAE, 0xFE72, 0xFBAE, 0xFBAE, 0xFBAE, 0xFBAE, 0xFE72, 0xFBAE, 0x0187, 0xE758, 0x0187, 0x0187,
	0x0187, 0x0187, 0x0187, 0xE758, 0x0187, 0xFBAE, 0xFBAE, 0xFBAE, 0xFBAE, 0xFBAE, 0xFBAE, 0x0187, 0xE758, 0x0187, 0x0187, 0x0187,
	0x0187, 0x0187, 0x0187, 0x0187, 0xE758, 0x0187, 0x0187, 0x0187, 0x0187, 0x0187, 0x0187, 0xE758, 0x0187, 0x0187, 0x0187, 0x0187,
	0x0187, 0x0187, 0x0187, 0x0187, 0x0187, 0xE758, 0xE758, 0xE758, 0xE758, 0xE758, 0xE758, 0x0187, 0x0187, 0x0187, 0x0187, 0x0187,
	0x0187, 0x0187, 0x0187, 0x0187, 0x0187, 0x0187, 0x0187, 0x0187, 0x0187, 0x0187, 0x0187, 0x0187, 0x0187, 0x0187, 0x0187, 0x0187,
};
// Pricey Gem, 16x16px
const uint16_t epd_bitmap_Gems_All_05 [] PROGMEM = {
	0x0187, 0x0187, 0x0187, 0x0187, 0x0187, 0x0187, 0x0187, 0x0187, 0x0187, 0x0187, 0x0187, 0x0187, 0x0187, 0x0187, 0x0187, 0x0187,
	0x0187, 0x0187, 0x0187, 0x0187, 0x0187, 0x0187, 0x0187, 0x0187, 0x0187, 0x0187, 0x0187, 0x0187, 0x0187, 0x0187, 0x0187, 0x0187,
	0x0187, 0x0187, 0x0187, 0x0187, 0x0187, 0x0187, 0x0187, 0x0187, 0x0187, 0x0187, 0x0187, 0x0187, 0x0187, 0x0187, 0x0187, 0x0187,
	0x0187, 0x0187, 0x0187, 0x0187, 0x0187, 0xE758, 0xE758, 0xE758, 0xE758, 0xE758, 0xE758, 0x0187, 0x0187, 0x0187, 0x0187, 0x0187,
	0x0187, 0x0187, 0x0187, 0x0187, 0xE758, 0x0187, 0x0187, 0x0187, 0x0187, 0x0187, 0x0187, 0xE758, 0x0187, 0x0187, 0x0187, 0x0187,
	0x0187, 0x0187, 0x0187, 0xE758, 0x0187, 0xFBAE, 0xFE72, 0xFE72, 0xFE72, 0xFE72, 0xFE72, 0x0187, 0xE758, 0x0187, 0x0187, 0x0187,
	0x0187, 0x0187, 0xE758, 0x0187, 0xFBAE, 0xFE72, 0xFBAE, 0xFBAE, 0xFBAE, 0xE758, 0xE758, 0xFE72, 0x0187, 0xE758, 0x0187, 0x0187,
	0x0187, 0xE758, 0x0187, 0xFBAE, 0xFE72, 0xFBAE, 0xFE72, 0xFE72, 0xFE72, 0xFE72, 0xFBAE, 0xE758, 0xFE72, 0x0187, 0xE758, 0x0187,
	0x0187, 0x0187, 0xE758, 0x0187, 0xFBAE, 0xFE72, 0xFBAE, 0xFBAE, 0xFBAE, 0xFBAE, 0xE758, 0xFBAE, 0x0187, 0xE758, 0x0187, 0x0187,
	0x0187, 0x0187, 0x0187, 0xE758, 0x0187, 0xFBAE, 0xFE72, 0xFBAE, 0xFBAE, 0xE758, 0xFBAE, 0x0187, 0xE758, 0x0187, 0x0187, 0x0187,
	0x0187, 0x0187, 0x0187, 0x0187, 0xE758, 0x0187, 0xFBAE, 0xFE72, 0xE758, 0xFBAE, 0x0187, 0xE758, 0x0187, 0x0187, 0x0187, 0x0187,
	0x0187, 0x0187, 0x0187, 0x0187, 0x0187, 0xE758, 0x0187, 0xFBAE, 0xFBAE, 0x0187, 0xE758, 0x0187, 0x0187, 0x0187, 0x0187, 0x0187,
	0x0187, 0x0187, 0x0187, 0x0187, 0x0187, 0x0187, 0xE758, 0x0187, 0x0187, 0xE758, 0x0187, 0x0187, 0x0187, 0x0187, 0x0187, 0x0187,
	0x0187, 0x0187, 0x0187, 0x0187, 0x0187, 0x0187, 0x0187, 0xE758, 0xE758, 0x0187, 0x0187, 0x0187, 0x0187, 0x0187, 0x0187, 0x0187,
	0x0187, 0x0187, 0x0187, 0x0187, 0x0187, 0x0187, 0x0187, 0x0187, 0x0187, 0x0187, 0x0187, 0x0187, 0x0187, 0x0187, 0x0187, 0x0187,
	0x0187, 0x0187, 0x0187, 0x0187, 0x0187, 0x0187, 0x0187, 0x0187, 0x0187, 0x0187, 0x0187, 0x0187, 0x0187, 0x0187, 0x0187, 0x0187,
};
// Rare Gem, 16x16px
const uint16_t epd_bitmap_Gems_All_06 [] PROGMEM = {
	0x0187, 0x0187, 0x0187, 0x0187, 0x0187, 0x0187, 0x0187, 0x0187, 0x0187, 0x0187, 0x0187, 0x0187, 0x0187, 0x0187, 0x0187, 0x0187,
	0x0187, 0x0187, 0x0187, 0x0187, 0x0187, 0x0187, 0x0187, 0xE758, 0xE758, 0x0187, 0x0187, 0x0187, 0x0187, 0x0187, 0x0187, 0x0187,
	0x0187, 0x0187, 0x0187, 0x0187, 0x0187, 0x0187, 0xE758, 0x0187, 0x0187, 0xE758, 0x0187, 0x0187, 0x0187, 0x0187, 0x0187, 0x0187,
	0x0187, 0x0187, 0x0187, 0x0187, 0x0187, 0xE758, 0x0187, 0xFE72, 0xFE72, 0x0187, 0xE758, 0x0187, 0x0187, 0x0187, 0x0187, 0x0187,
	0x0187, 0x0187, 0x0187, 0xE758, 0xE758, 0x0187, 0xFBAE, 0xE758, 0xE758, 0xFE72, 0x0187, 0xE758, 0xE758, 0x0187, 0x0187, 0x0187,
	0x0187, 0x0187, 0xE758, 0x0187, 0x0187, 0x0187, 0xFBAE, 0xE758, 0xE758, 0xFE72, 0x0187, 0x0187, 0x0187, 0xE758, 0x0187, 0x0187,
	0x0187, 0xE758, 0x0187, 0xFBAE, 0xFBAE, 0xFBAE, 0xFE72, 0xFBAE, 0xFBAE, 0xE758, 0xFE72, 0xFE72, 0xFE72, 0x0187, 0xE758, 0x0187,
	0x0187, 0xE758, 0x0187, 0xFBAE, 0xFE72, 0xFE72, 0xFE72, 0xFBAE, 0xFBAE, 0xE758, 0xE758, 0xE758, 0xFBAE, 0x0187, 0xE758, 0x0187,
	0x0187, 0x0187, 0xE758, 0x0187, 0xFBAE, 0xFE72, 0xFBAE, 0xFBAE, 0xFBAE, 0xFBAE, 0xE758, 0xFBAE, 0x0187, 0xE758, 0x0187, 0x0187,
	0x0187, 0x0187, 0x0187, 0xE758, 0x0187, 0xFBAE, 0xFE72, 0xFE72, 0xFE72, 0xE758, 0xFBAE, 0x0187, 0xE758, 0x0187, 0x0187, 0x0187,
	0x0187, 0x0187, 0xE758, 0x0187, 0xFBAE, 0xFE72, 0xFE72, 0xFBAE, 0xFBAE, 0xE758, 0xE758, 0xFBAE, 0x0187, 0xE758, 0x0187, 0x0187,
	0x0187, 0x0187, 0xE758, 0x0187, 0xFBAE, 0xFE72, 0xFBAE, 0x0187, 0x0187, 0xFBAE, 0xE758, 0xFBAE, 0x0187, 0xE758, 0x0187, 0x0187,
	0x0187, 0x0187, 0xE758, 0x0187, 0xFBAE, 0xFBAE, 0x0187, 0xE758, 0xE758, 0x0187, 0xFBAE, 0xFBAE, 0x0187, 0xE758, 0x0187, 0x0187,
	0x0187, 0x0187, 0x0187, 0xE758, 0x0187, 0x0187, 0xE758, 0x0187, 0x0187, 0xE758, 0x0187, 0x0187, 0xE758, 0x0187, 0x0187, 0x0187,
	0x0187, 0x0187, 0x0187, 0x0187, 0xE758, 0xE758, 0x0187, 0x0187, 0x0187, 0x0187, 0xE758, 0xE758, 0x0187, 0x0187, 0x0187, 0x0187,
	0x0187, 0x0187, 0x0187, 0x0187, 0x0187, 0x0187, 0x0187, 0x0187, 0x0187, 0x0187, 0x0187, 0x0187, 0x0187, 0x0187, 0x0187, 0x0187,
};
// Blood Gem, 16x16px
const uint16_t epd_bitmap_Gems_All_07 [] PROGMEM = {
	0x0187, 0x0187, 0x0187, 0x0187, 0x0187, 0x0187, 0x0187, 0x0187, 0x0187, 0x0187, 0x0187, 0x0187, 0x0187, 0x0187, 0x0187, 0x0187,
	0x0187, 0x0187, 0x0187, 0x0187, 0x0187, 0x0187, 0x0187, 0xE758, 0xE758, 0x0187, 0x0187, 0x0187, 0x0187, 0x0187, 0x0187, 0x0187,
	0x0187, 0x0187, 0x0187, 0x0187, 0x0187, 0x0187, 0xE758, 0x0187, 0x0187, 0xE758, 0x0187, 0x0187, 0x0187, 0x0187, 0x0187, 0x0187,
	0x0187, 0x0187, 0x0187, 0x0187, 0x0187, 0xE758, 0x0187, 0xFBAE, 0xFE72, 0x0187, 0xE758, 0x0187, 0x0187, 0x0187, 0x0187, 0x0187,
	0x0187, 0x0187, 0x0187, 0x0187, 0x0187, 0xE758, 0x0187, 0xFBAE, 0xFE72, 0x0187, 0xE758, 0x0187, 0x0187, 0x0187, 0x0187, 0x0187,
	0x0187, 0x0187, 0x0187, 0x0187, 0xE758, 0x0187, 0xFBAE, 0xFBAE, 0xE758, 0xFE72, 0x0187, 0xE758, 0x0187, 0x0187, 0x0187, 0x0187,
	0x0187, 0x0187, 0x0187, 0x0187, 0xE758, 0x0187, 0xFBAE, 0xFBAE, 0xE758, 0xFE72, 0x0187, 0xE758, 0x0187, 0x0187, 0x0187, 0x0187,
	0x0187, 0x0187, 0x0187, 0xE758, 0x0187, 0xFBAE, 0xFBAE, 0xFE72, 0xE758, 0xE758, 0xFE72, 0x0187, 0xE758, 0x0187, 0x0187, 0x0187,
	0x0187, 0x0187, 0xE758, 0x0187, 0xFBAE, 0xFBAE, 0xFE72, 0xFBAE, 0xFE72, 0xE758, 0xE758, 0xFE72, 0x0187, 0xE758, 0x0187, 0x0187,
	0x0187, 0x0187, 0xE758, 0x0187, 0xFBAE, 0xFE72, 0xFBAE, 0xFE72, 0xE758, 0xFE72, 0xE758, 0xFE72, 0x0187, 0xE758, 0x0187, 0x0187,
	0x0187, 0x0187, 0xE758, 0x0187, 0xFBAE, 0xFE72, 0xFE72, 0xFBAE, 0xFBAE, 0xE758, 0xFE72, 0xFBAE, 0x0187, 0xE758, 0x0187, 0x0187,
	0x0187, 0x0187, 0xE758, 0x0187, 0xFBAE, 0xFBAE, 0xFE72, 0xFE72, 0xFE72, 0xFE72, 0xFBAE, 0xFBAE, 0x0187, 0xE758, 0x0187, 0x0187,
	0x0187, 0x0187, 0x0187, 0xE758, 0x0187, 0xFBAE, 0xFBAE, 0xFBAE, 0xFBAE, 0xFBAE, 0xFBAE, 0x0187, 0xE758, 0x0187, 0x0187, 0x0187,
	0x0187, 0x0187, 0x0187, 0x0187, 0xE758, 0x0187, 0x0187, 0x0187, 0x0187, 0x0187, 0x0187, 0xE758, 0x0187, 0x0187, 0x0187, 0x0187,
	0x0187, 0x0187, 0x0187, 0x0187, 0x0187, 0xE758, 0xE758, 0xE758, 0xE758, 0xE758, 0xE758, 0x0187, 0x0187, 0x0187, 0x0187, 0x0187,
	0x0187, 0x0187, 0x0187, 0x0187, 0x0187, 0x0187, 0x0187, 0x0187, 0x0187, 0x0187, 0x0187, 0x0187, 0x0187, 0x0187, 0x0187, 0x0187,
};

// Armor Gem, 16x16px
const uint16_t epd_bitmap_Gems_All_08 [] PROGMEM = {
	0x0187, 0x0187, 0x0187, 0x0187, 0x0187, 0x0187, 0x0187, 0x0187, 0x0187, 0x0187, 0x0187, 0x0187, 0x0187, 0x0187, 0x0187, 0x0187,
	0x0187, 0x0187, 0x0187, 0x0187, 0x0187, 0x0187, 0x0187, 0xE758, 0xE758, 0x0187, 0x0187, 0x0187, 0x0187, 0x0187, 0x0187, 0x0187,
	0x0187, 0x0187, 0x0187, 0x0187, 0x0187, 0x0187, 0xE758, 0x0187, 0x0187, 0xE758, 0x0187, 0x0187, 0x0187, 0x0187, 0x0187, 0x0187,
	0x0187, 0x0187, 0x0187, 0xE758, 0xE758, 0xE758, 0x0187, 0xFE72, 0xFE72, 0x0187, 0xE758, 0xE758, 0xE758, 0x0187, 0x0187, 0x0187,
	0x0187, 0x0187, 0xE758, 0x0187, 0x0187, 0x0187, 0xFE72, 0xE758, 0xE758, 0xFE72, 0x0187, 0x0187, 0x0187, 0xE758, 0x0187, 0x0187,
	0x0187, 0xE758, 0x0187, 0xFE72, 0xFE72, 0xFE72, 0xE758, 0xFE72, 0xFE72, 0xE758, 0xFE72, 0xFE72, 0xFE72, 0x0187, 0xE758, 0x0187,
	0x0187, 0xE758, 0x0187, 0xFBAE, 0xE758, 0xE758, 0xFE72, 0xFBAE, 0xFBAE, 0xFE72, 0xE758, 0xE758, 0xFBAE, 0x0187, 0xE758, 0x0187,
	0x0187, 0x0187, 0xE758, 0x0187, 0xFBAE, 0xFE72, 0xFBAE, 0xFE72, 0xFE72, 0xFBAE, 0xFE72, 0xFBAE, 0x0187, 0xE758, 0x0187, 0x0187,
	0x0187, 0x0187, 0xE758, 0x0187, 0xFBAE, 0xFE72, 0xFBAE, 0xFE72, 0xE758, 0xFBAE, 0xFE72, 0xFBAE, 0x0187, 0xE758, 0x0187, 0x0187,
	0x0187, 0x0187, 0xE758, 0x0187, 0xFBAE, 0xFE72, 0xFBAE, 0xE758, 0xE758, 0xFBAE, 0xFE72, 0xFBAE, 0x0187, 0xE758, 0x0187, 0x0187,
	0x0187, 0x0187, 0x0187, 0xE758, 0x0187, 0xFBAE, 0xFE72, 0xFBAE, 0xFBAE, 0xFE72, 0xFBAE, 0x0187, 0xE758, 0x0187, 0x0187, 0x0187,
	0x0187, 0x0187, 0x0187, 0x0187, 0xE758, 0x0187, 0xFBAE, 0xFE72, 0xFE72, 0xFBAE, 0x0187, 0xE758, 0x0187, 0x0187, 0x0187, 0x0187,
	0x0187, 0x0187, 0x0187, 0x0187, 0x0187, 0xE758, 0x0187, 0xFBAE, 0xFBAE, 0x0187, 0xE758, 0x0187, 0x0187, 0x0187, 0x0187, 0x0187,
	0x0187, 0x0187, 0x0187, 0x0187, 0x0187, 0x0187, 0xE758, 0x0187, 0x0187, 0xE758, 0x0187, 0x0187, 0x0187, 0x0187, 0x0187, 0x0187,
	0x0187, 0x0187, 0x0187, 0x0187, 0x0187, 0x0187, 0x0187, 0xE758, 0xE758, 0x0187, 0x0187, 0x0187, 0x0187, 0x0187, 0x0187, 0x0187,
	0x0187, 0x0187, 0x0187, 0x0187, 0x0187, 0x0187, 0x0187, 0x0187, 0x0187, 0x0187, 0x0187, 0x0187, 0x0187, 0x0187, 0x0187, 0x0187,
};
// Swift Gem, 16x16px
const uint16_t epd_bitmap_Gems_All_09 [] PROGMEM = {
	0x0187, 0x0187, 0x0187, 0x0187, 0x0187, 0x0187, 0x0187, 0x0187, 0x0187, 0x0187, 0x0187, 0x0187, 0x0187, 0x0187, 0x0187, 0x0187,
	0x0187, 0x0187, 0x0187, 0x0187, 0x0187, 0x0187, 0x0187, 0xE758, 0xE758, 0x0187, 0x0187, 0x0187, 0x0187, 0x0187, 0x0187, 0x0187,
	0x0187, 0x0187, 0x0187, 0x0187, 0x0187, 0x0187, 0xE758, 0x0187, 0x0187, 0xE758, 0x0187, 0x0187, 0x0187, 0x0187, 0x0187, 0x0187,
	0x0187, 0x0187, 0x0187, 0x0187, 0x0187, 0xE758, 0x0187, 0xFBAE, 0xFE72, 0x0187, 0xE758, 0x0187, 0x0187, 0x0187, 0x0187, 0x0187,
	0x0187, 0x0187, 0x0187, 0x0187, 0x0187, 0xE758, 0x0187, 0xFBAE, 0xFE72, 0x0187, 0xE758, 0x0187, 0x0187, 0x0187, 0x0187, 0x0187,
	0x0187, 0x0187, 0x0187, 0x0187, 0xE758, 0x0187, 0xFBAE, 0xFBAE, 0xE758, 0xFE72, 0x0187, 0xE758, 0x0187, 0x0187, 0x0187, 0x0187,
	0x0187, 0x0187, 0x0187, 0x0187, 0xE758, 0x0187, 0xFBAE, 0xFBAE, 0xE758, 0xFE72, 0x0187, 0xE758, 0x0187, 0x0187, 0x0187, 0x0187,
	0x0187, 0x0187, 0x0187, 0xE758, 0x0187, 0xFBAE, 0xFBAE, 0xFBAE, 0xE758, 0xE758, 0xFE72, 0x0187, 0xE758, 0x0187, 0x0187, 0x0187,
	0x0187, 0x0187, 0x0187, 0xE758, 0x0187, 0xFBAE, 0xFBAE, 0xFE72, 0xFE72, 0xE758, 0xFE72, 0x0187, 0xE758, 0x0187, 0x0187, 0x0187,
	0x0187, 0x0187, 0xE758, 0x0187, 0xFBAE, 0xFBAE, 0xFE72, 0xFBAE, 0xFBAE, 0xFE72, 0xE758, 0xFE72, 0x0187, 0xE758, 0x0187, 0x0187,
	0x0187, 0x0187, 0xE758, 0x0187, 0xFBAE, 0xFE72, 0xFBAE, 0x0187, 0x0187, 0xFBAE, 0xFE72, 0xFE72, 0x0187, 0xE758, 0x0187, 0x0187,
	0x0187, 0xE758, 0x0187, 0xFBAE, 0xFE72, 0xFBAE, 0x0187, 0xE758, 0xE758, 0x0187, 0xFBAE, 0xFE72, 0xFE72, 0x0187, 0xE758, 0x0187,
	0x0187, 0xE758, 0x0187, 0xFBAE, 0xFBAE, 0x0187, 0xE758, 0x0187, 0x0187, 0xE758, 0x0187, 0xFBAE, 0xFBAE, 0x0187, 0xE758, 0x0187,
	0x0187, 0x0187, 0xE758, 0x0187, 0x0187, 0xE758, 0x0187, 0x0187, 0x0187, 0x0187, 0xE758, 0x0187, 0x0187, 0xE758, 0x0187, 0x0187,
	0x0187, 0x0187, 0x0187, 0xE758, 0xE758, 0x0187, 0x0187, 0x0187, 0x0187, 0x0187, 0x0187, 0xE758, 0xE758, 0x0187, 0x0187, 0x0187,
	0x0187, 0x0187, 0x0187, 0x0187, 0x0187, 0x0187, 0x0187, 0x0187, 0x0187, 0x0187, 0x0187, 0x0187, 0x0187, 0x0187, 0x0187, 0x0187,
};
// Vital Gem, 16x16px
const uint16_t epd_bitmap_Gems_All_10 [] PROGMEM = {
	0x0187, 0x0187, 0x0187, 0x0187, 0x0187, 0x0187, 0x0187, 0x0187, 0x0187, 0x0187, 0x0187, 0x0187, 0x0187, 0x0187, 0x0187, 0x0187,
	0x0187, 0x0187, 0x0187, 0x0187, 0x0187, 0x0187, 0x0187, 0x0187, 0x0187, 0x0187, 0x0187, 0x0187, 0x0187, 0x0187, 0x0187, 0x0187,
	0x0187, 0x0187, 0x0187, 0x0187, 0xE758, 0xE758, 0xE758, 0x0187, 0x0187, 0xE758, 0xE758, 0xE758, 0x0187, 0x0187, 0x0187, 0x0187,
	0x0187, 0x0187, 0x0187, 0xE758, 0x0187, 0x0187, 0x0187, 0xE758, 0xE758, 0x0187, 0x0187, 0x0187, 0xE758, 0x0187, 0x0187, 0x0187,
	0x0187, 0x0187, 0xE758, 0x0187, 0xFBAE, 0xFBAE, 0xFBAE, 0x0187, 0x0187, 0xFE72, 0xFE72, 0xFE72, 0x0187, 0xE758, 0x0187, 0x0187,
	0x0187, 0xE758, 0x0187, 0xFBAE, 0xFBAE, 0xFE72, 0xFE72, 0xFBAE, 0xFE72, 0xE758, 0xE758, 0xFE72, 0xFE72, 0x0187, 0xE758, 0x0187,
	0x0187, 0xE758, 0x0187, 0xFBAE, 0xFE72, 0xFE72, 0xFBAE, 0xFE72, 0xE758, 0xE758, 0xE758, 0xE758, 0xFE72, 0x0187, 0xE758, 0x0187,
	0x0187, 0xE758, 0x0187, 0xFBAE, 0xFE72, 0xFBAE, 0xFBAE, 0xFBAE, 0xFE72, 0xE758, 0xE758, 0xE758, 0xFE72, 0x0187, 0xE758, 0x0187,
	0x0187, 0xE758, 0x0187, 0xFBAE, 0xFE72, 0xFBAE, 0xFBAE, 0xFE72, 0xE758, 0xFE72, 0xFBAE, 0xFE72, 0xFBAE, 0x0187, 0xE758, 0x0187,
	0x0187, 0x0187, 0xE758, 0x0187, 0xFBAE, 0xFE72, 0xFBAE, 0xFBAE, 0xFE72, 0xFBAE, 0xFE72, 0xFBAE, 0x0187, 0xE758, 0x0187, 0x0187,
	0x0187, 0x0187, 0x0187, 0xE758, 0x0187, 0xFBAE, 0xFE72, 0xFBAE, 0xFBAE, 0xFE72, 0xFBAE, 0x0187, 0xE758, 0x0187, 0x0187, 0x0187,
	0x0187, 0x0187, 0x0187, 0x0187, 0xE758, 0x0187, 0xFBAE, 0xFE72, 0xFE72, 0xFBAE, 0x0187, 0xE758, 0x0187, 0x0187, 0x0187, 0x0187,
	0x0187, 0x0187, 0x0187, 0x0187, 0x0187, 0xE758, 0x0187, 0xFBAE, 0xFBAE, 0x0187, 0xE758, 0x0187, 0x0187, 0x0187, 0x0187, 0x0187,
	0x0187, 0x0187, 0x0187, 0x0187, 0x0187, 0x0187, 0xE758, 0x0187, 0x0187, 0xE758, 0x0187, 0x0187, 0x0187, 0x0187, 0x0187, 0x0187,
	0x0187, 0x0187, 0x0187, 0x0187, 0x0187, 0x0187, 0x0187, 0xE758, 0xE758, 0x0187, 0x0187, 0x0187, 0x0187, 0x0187, 0x0187, 0x0187,
	0x0187, 0x0187, 0x0187, 0x0187, 0x0187, 0x0187, 0x0187, 0x0187, 0x0187, 0x0187, 0x0187, 0x0187, 0x0187, 0x0187, 0x0187, 0x0187,
};

// Array of all bitmaps for convenience. (Total bytes used to store images in PROGMEM = 69600)
const int gems_LEN = 11;
const uint16_t* gems[11] = {
	epd_bitmap_Gems_All_00,
  epd_bitmap_Gems_All_01, 
	epd_bitmap_Gems_All_02,
	epd_bitmap_Gems_All_03,
	epd_bitmap_Gems_All_04,
	epd_bitmap_Gems_All_05,
	epd_bitmap_Gems_All_06,
	epd_bitmap_Gems_All_07,
	epd_bitmap_Gems_All_08,
	epd_bitmap_Gems_All_09,
	epd_bitmap_Gems_All_10
};

#pragma endregion

#pragma region UI 
//////////////////////////////////////////5x5 ICONS///////////////////////////////////////////
// 'Heart', 5x5px
const uint16_t epd_bitmap_Heart [] PROGMEM = {
	0x0000, 0xE758, 0x0000, 0xE758, 0x0000,
	0xE758, 0xE758, 0xE758, 0xE758, 0xE758,
	0xE758, 0xE758, 0xE758, 0xE758, 0xE758,
	0x0000, 0xE758, 0xE758, 0xE758, 0x0000,
	0x0000, 0x0000, 0xE758, 0x0000, 0x0000,
};
// 'LowHeart', 5x5px
const uint16_t epd_bitmap_LowHeart [] PROGMEM = {
	0x0000, 0xFE72, 0x0000, 0xFE72, 0x0000,
	0xFE72, 0xFE72, 0xFE72, 0xFE72, 0xFE72,
	0xFE72, 0xFE72, 0xFE72, 0xFE72, 0xFE72,
	0x0000, 0xFE72, 0xFE72, 0xFE72, 0x0000,
	0x0000, 0x0000, 0xFE72, 0x0000, 0x0000,
};
// 'Pin', 5x5px
const uint16_t epd_bitmap_Pin [] PROGMEM = {
	0x0000, 0xE758, 0xE758, 0xE758, 0x0000,
	0xE758, 0xE758, 0x0000, 0xE758, 0xE758,
	0xE758, 0xE758, 0xE758, 0xE758, 0xE758,
	0x0000, 0xE758, 0xE758, 0xE758, 0x0000,
	0x0000, 0x0000, 0xE758, 0x0000, 0x0000,
};
// 'Arrow', 5x5px
const uint16_t epd_bitmap_Arrow [] PROGMEM = {
	0x0000, 0x0000, 0x0000, 0x0000, 0x0000,
	0x0000, 0x0000, 0xE758, 0x0000, 0x0000,
	0x0000, 0xE758, 0xE758, 0xE758, 0x0000,
	0xE758, 0xE758, 0xE758, 0xE758, 0xE758,
	0x0000, 0x0000, 0x0000, 0x0000, 0x0000,
};
// 'ATK Boost', 5x5px
const uint16_t epd_bitmap_ATK_Boost [] PROGMEM = {
	0x0000, 0x0000, 0xE758, 0xE758, 0x0000,
	0x0000, 0xE758, 0x0000, 0x0000, 0xE758,
	0x0000, 0xE758, 0x0000, 0x0000, 0xE758,
	0x0000, 0xE758, 0xE758, 0xE758, 0xE758,
	0x0000, 0xE758, 0x0000, 0x0000, 0xE758,
};
// 'DEF Boost', 5x5px
const uint16_t epd_bitmap_DEF_Boost [] PROGMEM = {
	0x0000, 0xE758, 0xE758, 0xE758, 0x0000,
	0x0000, 0xE758, 0x0000, 0x0000, 0xE758,
	0x0000, 0xE758, 0x0000, 0x0000, 0xE758,
	0x0000, 0xE758, 0x0000, 0x0000, 0xE758,
	0x0000, 0xE758, 0xE758, 0xE758, 0x0000,
};
// 'SPD Boost', 5x5px
const uint16_t epd_bitmap_SPD_Boost [] PROGMEM = {
	0x0000, 0x0000, 0xE758, 0xE758, 0xE758,
	0x0000, 0xE758, 0x0000, 0x0000, 0x0000,
	0x0000, 0x0000, 0xE758, 0xE758, 0x0000,
	0x0000, 0x0000, 0x0000, 0x0000, 0xE758,
	0x0000, 0xE758, 0xE758, 0xE758, 0x0000,
};
// 'Reward Boost', 5x5px
const uint16_t epd_bitmap_Reward_Boost [] PROGMEM = {
	0x0000, 0xE758, 0xE758, 0xE758, 0x0000,
	0x0000, 0xE758, 0x0000, 0x0000, 0xE758,
	0x0000, 0xE758, 0x0000, 0x0000, 0xE758,
	0x0000, 0xE758, 0xE758, 0xE758, 0x0000,
	0x0000, 0xE758, 0x0000, 0x0000, 0xE758,
};
// 'C1Diamond', 5x5px
const uint16_t epd_bitmap_C1Diamond [] PROGMEM = {
	0x0000, 0x0000, 0xE758, 0x0000, 0x0000,
	0x0000, 0xE758, 0xE758, 0xE758, 0x0000,
	0xE758, 0xE758, 0xE758, 0xE758, 0xE758,
	0x0000, 0xE758, 0xE758, 0xE758, 0x0000,
	0x0000, 0x0000, 0xE758, 0x0000, 0x0000,
};
// 'C4Diamond', 5x5px
const uint16_t epd_bitmap_C4Diamond [] PROGMEM = {
	0x0000, 0x0000, 0x0187, 0x0000, 0x0000,
	0x0000, 0x0187, 0x0187, 0x0187, 0x0000,
	0x0187, 0x0187, 0x0187, 0x0187, 0x0187,
	0x0000, 0x0187, 0x0187, 0x0187, 0x0000,
	0x0000, 0x0000, 0x0187, 0x0000, 0x0000,
};
// 'Empty Item Slot', 5x5px
const uint16_t epd_bitmap_Empty_Item_Slot [] PROGMEM = {
	0xFE72, 0xFE72, 0x0187, 0xFE72, 0xFE72,
	0xFE72, 0x0187, 0x0187, 0x0187, 0xFE72,
	0x0187, 0x0187, 0x0187, 0x0187, 0x0187,
	0xFE72, 0x0187, 0x0187, 0x0187, 0xFE72,
	0xFE72, 0xFE72, 0x0187, 0xFE72, 0xFE72,
};
// 'Money', 5x5px
const uint16_t epd_bitmap_Money [] PROGMEM = {
	0x0000, 0x0000, 0xE758, 0x0000, 0x0000,
	0x0000, 0x0000, 0xE758, 0xE758, 0x0000,
	0xE758, 0xE758, 0x0000, 0xE758, 0xE758,
	0x0000, 0xE758, 0xE758, 0x0000, 0x0000,
	0x0000, 0x0000, 0xE758, 0x0000, 0x0000,
};
// 'Checkmark', 5x5px
const uint16_t epd_bitmap_Checkmark [] PROGMEM = {
	0x0000, 0x0000, 0x0000, 0x0000, 0x0000,
	0x0000, 0x0000, 0x0000, 0x0000, 0xE758,
	0x0000, 0x0000, 0x0000, 0xE758, 0x0000,
	0xE758, 0x0000, 0xE758, 0x0000, 0x0000,
	0x0000, 0xE758, 0x0000, 0x0000, 0x0000,
};
// 'DownArrow', 5x5px
const uint16_t epd_bitmap_DownArrow [] PROGMEM = {
	0x0000, 0x0000, 0x0000, 0x0000, 0x0000,
	0x0000, 0x0000, 0x0000, 0x0000, 0x0000,
	0xE758, 0xE758, 0xE758, 0xE758, 0xE758,
	0x0000, 0xE758, 0xE758, 0xE758, 0x0000,
	0x0000, 0x0000, 0xE758, 0x0000, 0x0000,
};
// 'C2Diamond', 5x5px
const uint16_t epd_bitmap_C2Diamond [] PROGMEM = {
	0x0000, 0x0000, 0xFE72, 0x0000, 0x0000,
	0x0000, 0xFE72, 0xFE72, 0xFE72, 0x0000,
	0xFE72, 0xFE72, 0xFE72, 0xFE72, 0xFE72,
	0x0000, 0xFE72, 0xFE72, 0xFE72, 0x0000,
	0x0000, 0x0000, 0xFE72, 0x0000, 0x0000,
};
// 'Priority', 5x5px
const uint16_t epd_bitmap_Priority [] PROGMEM = {
	0xfe72, 0xfe72, 0xfe72, 0xfe72, 0x0000,
	0xfe72, 0x0000, 0x0000, 0x0000, 0xfe72,
	0xfe72, 0x0000, 0x0000, 0x0000, 0xfe72,
	0xfe72, 0xfe72, 0xfe72, 0xfe72, 0x0000,
	0xfe72, 0x0000, 0x0000, 0x0000, 0x0000,
};
// 'Replace', 5x5px
const uint16_t epd_bitmap_Replace [] PROGMEM = {
	0xfbae, 0xfbae, 0xfbae, 0xfbae, 0x0000,
	0xfbae, 0x0000, 0x0000, 0x0000, 0xfbae,
	0xfbae, 0x0000, 0x0000, 0x0000, 0xfbae,
	0xfbae, 0xfbae, 0xfbae, 0xfbae, 0x0000,
	0xfbae, 0x0000, 0x0000, 0x0000, 0xfbae,
};
// Array of all bitmaps for convenience. (Total bytes used to store images in PROGMEM = 512)
const int smallIcons_LEN = 17;
const uint16_t* smallIcons[17] = {
	epd_bitmap_Heart,
	epd_bitmap_LowHeart,
	epd_bitmap_Pin,
	epd_bitmap_Arrow,
  epd_bitmap_ATK_Boost,
  epd_bitmap_DEF_Boost,
  epd_bitmap_SPD_Boost,
  epd_bitmap_Reward_Boost,
  epd_bitmap_C1Diamond,
	epd_bitmap_C4Diamond,
  epd_bitmap_Empty_Item_Slot,
  epd_bitmap_Money,
  epd_bitmap_Checkmark,
  epd_bitmap_DownArrow,
  epd_bitmap_C2Diamond,
	epd_bitmap_Priority,
	epd_bitmap_Replace
};

//////////////////////////////////////////BATTERY ICONS///////////////////////////////////////////
// 'Battery_Animation 1_0', 15x9px
const uint16_t epd_bitmap_Battery_Animation_1_0 [] PROGMEM = {
	0x0187, 0x0187, 0x0187, 0x0187, 0x0187, 0x0187, 0x0187, 0x0187, 0x0187, 0x0187, 0x0187, 0x0187, 0x0187, 0x0187, 0x0187,
	0x0187, 0x0187, 0xE758, 0xE758, 0xE758, 0xE758, 0x0187, 0xE758, 0x0187, 0xE758, 0xE758, 0xE758, 0x0187, 0x0187, 0x0187,
	0x0187, 0xE758, 0x0187, 0x0187, 0x0187, 0x0187, 0xE758, 0xE758, 0x0187, 0x0187, 0x0187, 0x0187, 0xE758, 0x0187, 0x0187,
	0x0187, 0xE758, 0x0187, 0x5f41, 0x5f41, 0xE758, 0xE758, 0x0187, 0x0187, 0x0187, 0x0187, 0x0187, 0xE758, 0xE758, 0x0187,
	0x0187, 0xE758, 0x0187, 0x5f41, 0xE758, 0xE758, 0xE758, 0xE758, 0xE758, 0xE758, 0x0187, 0x0187, 0xE758, 0xE758, 0x0187,
	0x0187, 0xE758, 0x0187, 0x5f41, 0x5f41, 0x0187, 0x0187, 0xE758, 0xE758, 0x0187, 0x0187, 0x0187, 0xE758, 0xE758, 0x0187,
	0x0187, 0xE758, 0x0187, 0x0187, 0x0187, 0x0187, 0xE758, 0xE758, 0x0187, 0x0187, 0x0187, 0x0187, 0xE758, 0x0187, 0x0187,
	0x0187, 0x0187, 0xE758, 0xE758, 0xE758, 0x0187, 0xE758, 0x0187, 0xE758, 0xE758, 0xE758, 0xE758, 0x0187, 0x0187, 0x0187,
	0x0187, 0x0187, 0x0187, 0x0187, 0x0187, 0x0187, 0x0187, 0x0187, 0x0187, 0x0187, 0x0187, 0x0187, 0x0187, 0x0187, 0x0187,
};
// 'Battery_Animation 1_1', 15x9px
const uint16_t epd_bitmap_Battery_Animation_1_1 [] PROGMEM = {
	0x0187, 0x0187, 0x0187, 0x0187, 0x0187, 0x0187, 0x0187, 0x0187, 0x0187, 0x0187, 0x0187, 0x0187, 0x0187, 0x0187, 0x0187,
	0x0187, 0x0187, 0xE758, 0xE758, 0xE758, 0xE758, 0x0187, 0xE758, 0x0187, 0xE758, 0xE758, 0xE758, 0x0187, 0x0187, 0x0187,
	0x0187, 0xE758, 0x0187, 0x0187, 0x0187, 0x0187, 0xE758, 0xE758, 0x0187, 0x0187, 0x0187, 0x0187, 0xE758, 0x0187, 0x0187,
	0x0187, 0xE758, 0x0187, 0x5f41, 0x5f41, 0xE758, 0xE758, 0x0187, 0x0187, 0x0187, 0x0187, 0x0187, 0xE758, 0xE758, 0x0187,
	0x0187, 0xE758, 0x0187, 0x5f41, 0xE758, 0xE758, 0xE758, 0xE758, 0xE758, 0xE758, 0x0187, 0x0187, 0xE758, 0xE758, 0x0187,
	0x0187, 0xE758, 0x0187, 0x5f41, 0x5f41, 0x5f41, 0x5f41, 0xE758, 0xE758, 0x0187, 0x0187, 0x0187, 0xE758, 0xE758, 0x0187,
	0x0187, 0xE758, 0x0187, 0x0187, 0x0187, 0x0187, 0xE758, 0xE758, 0x0187, 0x0187, 0x0187, 0x0187, 0xE758, 0x0187, 0x0187,
	0x0187, 0x0187, 0xE758, 0xE758, 0xE758, 0x0187, 0xE758, 0x0187, 0xE758, 0xE758, 0xE758, 0xE758, 0x0187, 0x0187, 0x0187,
	0x0187, 0x0187, 0x0187, 0x0187, 0x0187, 0x0187, 0x0187, 0x0187, 0x0187, 0x0187, 0x0187, 0x0187, 0x0187, 0x0187, 0x0187,
};
// 'Battery_Animation 1_2', 15x9px
const uint16_t epd_bitmap_Battery_Animation_1_2 [] PROGMEM = {
	0x0187, 0x0187, 0x0187, 0x0187, 0x0187, 0x0187, 0x0187, 0x0187, 0x0187, 0x0187, 0x0187, 0x0187, 0x0187, 0x0187, 0x0187,
	0x0187, 0x0187, 0xE758, 0xE758, 0xE758, 0xE758, 0x0187, 0xE758, 0x0187, 0xE758, 0xE758, 0xE758, 0x0187, 0x0187, 0x0187,
	0x0187, 0xE758, 0x0187, 0x0187, 0x0187, 0x0187, 0xE758, 0xE758, 0x0187, 0x0187, 0x0187, 0x0187, 0xE758, 0x0187, 0x0187,
	0x0187, 0xE758, 0x0187, 0x5f41, 0x5f41, 0xE758, 0xE758, 0x5f41, 0x5f41, 0x0187, 0x0187, 0x0187, 0xE758, 0xE758, 0x0187,
	0x0187, 0xE758, 0x0187, 0x5f41, 0xE758, 0xE758, 0xE758, 0xE758, 0xE758, 0xE758, 0x0187, 0x0187, 0xE758, 0xE758, 0x0187,
	0x0187, 0xE758, 0x0187, 0x5f41, 0x5f41, 0x5f41, 0x5f41, 0xE758, 0xE758, 0x0187, 0x0187, 0x0187, 0xE758, 0xE758, 0x0187,
	0x0187, 0xE758, 0x0187, 0x0187, 0x0187, 0x0187, 0xE758, 0xE758, 0x0187, 0x0187, 0x0187, 0x0187, 0xE758, 0x0187, 0x0187,
	0x0187, 0x0187, 0xE758, 0xE758, 0xE758, 0x0187, 0xE758, 0x0187, 0xE758, 0xE758, 0xE758, 0xE758, 0x0187, 0x0187, 0x0187,
	0x0187, 0x0187, 0x0187, 0x0187, 0x0187, 0x0187, 0x0187, 0x0187, 0x0187, 0x0187, 0x0187, 0x0187, 0x0187, 0x0187, 0x0187,
};
// 'Battery_Animation 1_3', 15x9px
const uint16_t epd_bitmap_Battery_Animation_1_3 [] PROGMEM = {
	0x0187, 0x0187, 0x0187, 0x0187, 0x0187, 0x0187, 0x0187, 0x0187, 0x0187, 0x0187, 0x0187, 0x0187, 0x0187, 0x0187, 0x0187,
	0x0187, 0x0187, 0xE758, 0xE758, 0xE758, 0xE758, 0x0187, 0xE758, 0x0187, 0xE758, 0xE758, 0xE758, 0x0187, 0x0187, 0x0187,
	0x0187, 0xE758, 0x0187, 0x0187, 0x0187, 0x0187, 0xE758, 0xE758, 0x0187, 0x0187, 0x0187, 0x0187, 0xE758, 0x0187, 0x0187,
	0x0187, 0xE758, 0x0187, 0x5f41, 0x5f41, 0xE758, 0xE758, 0x5f41, 0x5f41, 0x5f41, 0x5f41, 0x0187, 0xE758, 0xE758, 0x0187,
	0x0187, 0xE758, 0x0187, 0x5f41, 0xE758, 0xE758, 0xE758, 0xE758, 0xE758, 0xE758, 0x5f41, 0x0187, 0xE758, 0xE758, 0x0187,
	0x0187, 0xE758, 0x0187, 0x5f41, 0x5f41, 0x5f41, 0x5f41, 0xE758, 0xE758, 0x5f41, 0x5f41, 0x0187, 0xE758, 0xE758, 0x0187,
	0x0187, 0xE758, 0x0187, 0x0187, 0x0187, 0x0187, 0xE758, 0xE758, 0x0187, 0x0187, 0x0187, 0x0187, 0xE758, 0x0187, 0x0187,
	0x0187, 0x0187, 0xE758, 0xE758, 0xE758, 0x0187, 0xE758, 0x0187, 0xE758, 0xE758, 0xE758, 0xE758, 0x0187, 0x0187, 0x0187,
	0x0187, 0x0187, 0x0187, 0x0187, 0x0187, 0x0187, 0x0187, 0x0187, 0x0187, 0x0187, 0x0187, 0x0187, 0x0187, 0x0187, 0x0187,
};
// 'Battery_Animation 1_4', 15x9px
const uint16_t epd_bitmap_Battery_Animation_1_4 [] PROGMEM = {
	0x0187, 0x0187, 0x0187, 0x0187, 0x0187, 0x0187, 0x0187, 0x0187, 0x0187, 0x0187, 0x0187, 0x0187, 0x0187, 0x0187, 0x0187,
	0x0187, 0x0187, 0xf79b, 0xf79b, 0xf79b, 0xf79b, 0xf79b, 0xf79b, 0xf79b, 0xf79b, 0xf79b, 0xf79b, 0x0187, 0x0187, 0x0187,
	0x0187, 0xf79b, 0x0187, 0x0187, 0x0187, 0x0187, 0x0187, 0x0187, 0x0187, 0x0187, 0x0187, 0x0187, 0xf79b, 0x0187, 0x0187,
	0x0187, 0xf79b, 0x0187, 0xf0e4, 0xf0e4, 0x0187, 0x0187, 0x0187, 0x0187, 0x0187, 0x0187, 0x0187, 0xf79b, 0xf79b, 0x0187,
	0x0187, 0xf79b, 0x0187, 0xf0e4, 0xf0e4, 0x0187, 0x0187, 0x0187, 0x0187, 0x0187, 0x0187, 0x0187, 0xf79b, 0xf79b, 0x0187,
	0x0187, 0xf79b, 0x0187, 0xf0e4, 0xf0e4, 0x0187, 0x0187, 0x0187, 0x0187, 0x0187, 0x0187, 0x0187, 0xf79b, 0xf79b, 0x0187,
	0x0187, 0xf79b, 0x0187, 0x0187, 0x0187, 0x0187, 0x0187, 0x0187, 0x0187, 0x0187, 0x0187, 0x0187, 0xf79b, 0x0187, 0x0187,
	0x0187, 0x0187, 0xf79b, 0xf79b, 0xf79b, 0xf79b, 0xf79b, 0xf79b, 0xf79b, 0xf79b, 0xf79b, 0xf79b, 0x0187, 0x0187, 0x0187,
	0x0187, 0x0187, 0x0187, 0x0187, 0x0187, 0x0187, 0x0187, 0x0187, 0x0187, 0x0187, 0x0187, 0x0187, 0x0187, 0x0187, 0x0187,
};
// 'Battery_Animation 1_5', 15x9px
const uint16_t epd_bitmap_Battery_Animation_1_5 [] PROGMEM = {
	0x0187, 0x0187, 0x0187, 0x0187, 0x0187, 0x0187, 0x0187, 0x0187, 0x0187, 0x0187, 0x0187, 0x0187, 0x0187, 0x0187, 0x0187,
	0x0187, 0x0187, 0xE758, 0xE758, 0xE758, 0xE758, 0xE758, 0xE758, 0xE758, 0xE758, 0xE758, 0xE758, 0x0187, 0x0187, 0x0187,
	0x0187, 0xE758, 0x0187, 0x0187, 0x0187, 0x0187, 0x0187, 0x0187, 0x0187, 0x0187, 0x0187, 0x0187, 0xE758, 0x0187, 0x0187,
	0x0187, 0xE758, 0x0187, 0xf70d, 0xf70d, 0xf70d, 0xf70d, 0x0187, 0x0187, 0x0187, 0x0187, 0x0187, 0xE758, 0xE758, 0x0187,
	0x0187, 0xE758, 0x0187, 0xf70d, 0xf70d, 0xf70d, 0xf70d, 0x0187, 0x0187, 0x0187, 0x0187, 0x0187, 0xE758, 0xE758, 0x0187,
	0x0187, 0xE758, 0x0187, 0xf70d, 0xf70d, 0xf70d, 0xf70d, 0x0187, 0x0187, 0x0187, 0x0187, 0x0187, 0xE758, 0xE758, 0x0187,
	0x0187, 0xE758, 0x0187, 0x0187, 0x0187, 0x0187, 0x0187, 0x0187, 0x0187, 0x0187, 0x0187, 0x0187, 0xE758, 0x0187, 0x0187,
	0x0187, 0x0187, 0xE758, 0xE758, 0xE758, 0xE758, 0xE758, 0xE758, 0xE758, 0xE758, 0xE758, 0xE758, 0x0187, 0x0187, 0x0187,
	0x0187, 0x0187, 0x0187, 0x0187, 0x0187, 0x0187, 0x0187, 0x0187, 0x0187, 0x0187, 0x0187, 0x0187, 0x0187, 0x0187, 0x0187,
};
// 'Battery_Animation 1_6', 15x9px
const uint16_t epd_bitmap_Battery_Animation_1_6 [] PROGMEM = {
	0x0187, 0x0187, 0x0187, 0x0187, 0x0187, 0x0187, 0x0187, 0x0187, 0x0187, 0x0187, 0x0187, 0x0187, 0x0187, 0x0187, 0x0187,
	0x0187, 0x0187, 0xE758, 0xE758, 0xE758, 0xE758, 0xE758, 0xE758, 0xE758, 0xE758, 0xE758, 0xE758, 0x0187, 0x0187, 0x0187,
	0x0187, 0xE758, 0x0187, 0x0187, 0x0187, 0x0187, 0x0187, 0x0187, 0x0187, 0x0187, 0x0187, 0x0187, 0xE758, 0x0187, 0x0187,
	0x0187, 0xE758, 0x0187, 0x86c5, 0x86c5, 0x86c5, 0x86c5, 0x86c5, 0x86c5, 0x0187, 0x0187, 0x0187, 0xE758, 0xE758, 0x0187,
	0x0187, 0xE758, 0x0187, 0x86c5, 0x86c5, 0x86c5, 0x86c5, 0x86c5, 0x86c5, 0x0187, 0x0187, 0x0187, 0xE758, 0xE758, 0x0187,
	0x0187, 0xE758, 0x0187, 0x86c5, 0x86c5, 0x86c5, 0x86c5, 0x86c5, 0x86c5, 0x0187, 0x0187, 0x0187, 0xE758, 0xE758, 0x0187,
	0x0187, 0xE758, 0x0187, 0x0187, 0x0187, 0x0187, 0x0187, 0x0187, 0x0187, 0x0187, 0x0187, 0x0187, 0xE758, 0x0187, 0x0187,
	0x0187, 0x0187, 0xE758, 0xE758, 0xE758, 0xE758, 0xE758, 0xE758, 0xE758, 0xE758, 0xE758, 0xE758, 0x0187, 0x0187, 0x0187,
	0x0187, 0x0187, 0x0187, 0x0187, 0x0187, 0x0187, 0x0187, 0x0187, 0x0187, 0x0187, 0x0187, 0x0187, 0x0187, 0x0187, 0x0187,
};
// 'Battery_Animation 1_7', 15x9px
const uint16_t epd_bitmap_Battery_Animation_1_7 [] PROGMEM = {
	0x0187, 0x0187, 0x0187, 0x0187, 0x0187, 0x0187, 0x0187, 0x0187, 0x0187, 0x0187, 0x0187, 0x0187, 0x0187, 0x0187, 0x0187,
	0x0187, 0x0187, 0xE758, 0xE758, 0xE758, 0xE758, 0xE758, 0xE758, 0xE758, 0xE758, 0xE758, 0xE758, 0x0187, 0x0187, 0x0187,
	0x0187, 0xE758, 0x0187, 0x0187, 0x0187, 0x0187, 0x0187, 0x0187, 0x0187, 0x0187, 0x0187, 0x0187, 0xE758, 0x0187, 0x0187,
	0x0187, 0xE758, 0x0187, 0x5f41, 0x5f41, 0x5f41, 0x5f41, 0x5f41, 0x5f41, 0x5f41, 0x5f41, 0x0187, 0xE758, 0xE758, 0x0187,
	0x0187, 0xE758, 0x0187, 0x5f41, 0x5f41, 0x5f41, 0x5f41, 0x5f41, 0x5f41, 0x5f41, 0x5f41, 0x0187, 0xE758, 0xE758, 0x0187,
	0x0187, 0xE758, 0x0187, 0x5f41, 0x5f41, 0x5f41, 0x5f41, 0x5f41, 0x5f41, 0x5f41, 0x5f41, 0x0187, 0xE758, 0xE758, 0x0187,
	0x0187, 0xE758, 0x0187, 0x0187, 0x0187, 0x0187, 0x0187, 0x0187, 0x0187, 0x0187, 0x0187, 0x0187, 0xE758, 0x0187, 0x0187,
	0x0187, 0x0187, 0xE758, 0xE758, 0xE758, 0xE758, 0xE758, 0xE758, 0xE758, 0xE758, 0xE758, 0xE758, 0x0187, 0x0187, 0x0187,
	0x0187, 0x0187, 0x0187, 0x0187, 0x0187, 0x0187, 0x0187, 0x0187, 0x0187, 0x0187, 0x0187, 0x0187, 0x0187, 0x0187, 0x0187,
};

// Array of all bitmaps for convenience. (Total bytes used to store images in PROGMEM = 9856)
const int Battery_LEN = 8;
const uint16_t* Battery[8] = {
	epd_bitmap_Battery_Animation_1_0,
	epd_bitmap_Battery_Animation_1_1,
	epd_bitmap_Battery_Animation_1_2,
	epd_bitmap_Battery_Animation_1_3,
	epd_bitmap_Battery_Animation_1_4,
	epd_bitmap_Battery_Animation_1_5,
	epd_bitmap_Battery_Animation_1_6,
	epd_bitmap_Battery_Animation_1_7
};

//////////////////////////////////////////OPTIONS MENU///////////////////////////////////////////
// 'Pause', 16x16px
const uint16_t epd_bitmap_Options_All_0 [] PROGMEM = {
	0x0000, 0x0000, 0x0000, 0x0000, 0x0000, 0x0000, 0x0000, 0x0000, 0x0000, 0x0000, 0x0000, 0x0000, 0x0000, 0x0000, 0x0000, 0x0000,
	0x0000, 0x0000, 0x0000, 0x0000, 0x0000, 0x0000, 0x0000, 0x0000, 0x0000, 0x0000, 0x0000, 0x0000, 0x0000, 0x0000, 0x0000, 0x0000,
	0x0000, 0x0000, 0xE758, 0xE758, 0xE758, 0xE758, 0x0000, 0x0000, 0x0000, 0x0000, 0xE758, 0xE758, 0xE758, 0xE758, 0x0000, 0x0000,
	0x0000, 0x0000, 0xE758, 0xE758, 0xE758, 0xE758, 0x0000, 0x0000, 0x0000, 0x0000, 0xE758, 0xE758, 0xE758, 0xE758, 0x0000, 0x0000,
	0x0000, 0x0000, 0xE758, 0xE758, 0xE758, 0xE758, 0x0000, 0x0000, 0x0000, 0x0000, 0xE758, 0xE758, 0xE758, 0xE758, 0x0000, 0x0000,
	0x0000, 0x0000, 0xE758, 0xE758, 0xE758, 0xE758, 0x0000, 0x0000, 0x0000, 0x0000, 0xE758, 0xE758, 0xE758, 0xE758, 0x0000, 0x0000,
	0x0000, 0x0000, 0xE758, 0xE758, 0xE758, 0xE758, 0x0000, 0x0000, 0x0000, 0x0000, 0xE758, 0xE758, 0xE758, 0xE758, 0x0000, 0x0000,
	0x0000, 0x0000, 0xE758, 0xE758, 0xE758, 0xE758, 0x0000, 0x0000, 0x0000, 0x0000, 0xE758, 0xE758, 0xE758, 0xE758, 0x0000, 0x0000,
	0x0000, 0x0000, 0xE758, 0xE758, 0xE758, 0xE758, 0x0000, 0x0000, 0x0000, 0x0000, 0xE758, 0xE758, 0xE758, 0xE758, 0x0000, 0x0000,
	0x0000, 0x0000, 0xE758, 0xE758, 0xE758, 0xE758, 0x0000, 0x0000, 0x0000, 0x0000, 0xE758, 0xE758, 0xE758, 0xE758, 0x0000, 0x0000,
	0x0000, 0x0000, 0xE758, 0xE758, 0xE758, 0xE758, 0x0000, 0x0000, 0x0000, 0x0000, 0xE758, 0xE758, 0xE758, 0xE758, 0x0000, 0x0000,
	0x0000, 0x0000, 0xE758, 0xE758, 0xE758, 0xE758, 0x0000, 0x0000, 0x0000, 0x0000, 0xE758, 0xE758, 0xE758, 0xE758, 0x0000, 0x0000,
	0x0000, 0x0000, 0xE758, 0xE758, 0xE758, 0xE758, 0x0000, 0x0000, 0x0000, 0x0000, 0xE758, 0xE758, 0xE758, 0xE758, 0x0000, 0x0000,
	0x0000, 0x0000, 0xE758, 0xE758, 0xE758, 0xE758, 0x0000, 0x0000, 0x0000, 0x0000, 0xE758, 0xE758, 0xE758, 0xE758, 0x0000, 0x0000,
	0x0000, 0x0000, 0x0000, 0x0000, 0x0000, 0x0000, 0x0000, 0x0000, 0x0000, 0x0000, 0x0000, 0x0000, 0x0000, 0x0000, 0x0000, 0x0000,
	0x0000, 0x0000, 0x0000, 0x0000, 0x0000, 0x0000, 0x0000, 0x0000, 0x0000, 0x0000, 0x0000, 0x0000, 0x0000, 0x0000, 0x0000, 0x0000,
};
// 'Backlight', 16x16px
const uint16_t epd_bitmap_Options_All_1 [] PROGMEM = {
	0x0000, 0x0000, 0x0000, 0x0000, 0x0000, 0x0000, 0x0000, 0x0000, 0x0000, 0x0000, 0x0000, 0x0000, 0x0000, 0x0000, 0x0000, 0x0000,
	0x0000, 0x0000, 0x0000, 0x0000, 0x0000, 0x0000, 0x0000, 0x0000, 0x0000, 0x0000, 0x0000, 0x0000, 0x0000, 0x0000, 0x0000, 0x0000,
	0x0000, 0x0000, 0x0000, 0x0000, 0x0000, 0x0000, 0x0000, 0xE758, 0x0000, 0x0000, 0x0000, 0x0000, 0x0000, 0x0000, 0x0000, 0x0000,
	0x0000, 0x0000, 0x0000, 0x0000, 0x0000, 0x0000, 0x0000, 0xE758, 0x0000, 0x0000, 0x0000, 0x0000, 0x0000, 0x0000, 0x0000, 0x0000,
	0x0000, 0xE758, 0x0000, 0x0000, 0x0000, 0x0000, 0x0000, 0xE758, 0x0000, 0x0000, 0x0000, 0x0000, 0x0000, 0xE758, 0x0000, 0x0000,
	0x0000, 0x0000, 0xE758, 0x0000, 0x0000, 0x0000, 0x0000, 0xE758, 0x0000, 0x0000, 0x0000, 0x0000, 0xE758, 0x0000, 0x0000, 0x0000,
	0x0000, 0x0000, 0x0000, 0xE758, 0x0000, 0x0000, 0x0000, 0xE758, 0x0000, 0x0000, 0x0000, 0xE758, 0x0000, 0x0000, 0x0000, 0x0000,
	0x0000, 0x0000, 0x0000, 0x0000, 0xE758, 0x0000, 0x0000, 0xE758, 0x0000, 0x0000, 0xE758, 0x0000, 0x0000, 0x0000, 0x0000, 0x0000,
	0x0000, 0x0000, 0x0000, 0x0000, 0x0000, 0x0000, 0x0000, 0x0000, 0x0000, 0x0000, 0x0000, 0x0000, 0x0000, 0x0000, 0x0000, 0x0000,
	0x0000, 0x0000, 0x0000, 0x0000, 0xE758, 0xE758, 0xE758, 0xE758, 0xE758, 0xE758, 0xE758, 0x0000, 0x0000, 0x0000, 0x0000, 0x0000,
	0x0000, 0x0000, 0x0000, 0xE758, 0xE758, 0xE758, 0xE758, 0xE758, 0xE758, 0xE758, 0xE758, 0xE758, 0x0000, 0x0000, 0x0000, 0x0000,
	0x0000, 0x0000, 0xE758, 0xE758, 0xE758, 0xE758, 0xE758, 0xE758, 0xE758, 0xE758, 0xE758, 0xE758, 0xE758, 0x0000, 0x0000, 0x0000,
	0x0000, 0xE758, 0xE758, 0xE758, 0xE758, 0xE758, 0xE758, 0xE758, 0xE758, 0xE758, 0xE758, 0xE758, 0xE758, 0xE758, 0x0000, 0x0000,
	0x0000, 0x0000, 0x0000, 0x0000, 0x0000, 0x0000, 0x0000, 0x0000, 0x0000, 0x0000, 0x0000, 0x0000, 0x0000, 0x0000, 0x0000, 0x0000,
	0x0000, 0x0000, 0x0000, 0x0000, 0x0000, 0x0000, 0x0000, 0x0000, 0x0000, 0x0000, 0x0000, 0x0000, 0x0000, 0x0000, 0x0000, 0x0000,
	0x0000, 0x0000, 0x0000, 0x0000, 0x0000, 0x0000, 0x0000, 0x0000, 0x0000, 0x0000, 0x0000, 0x0000, 0x0000, 0x0000, 0x0000, 0x0000,
};
// 'LED', 16x16px
const uint16_t epd_bitmap_Options_All_2 [] PROGMEM = {
	0x0000, 0x0000, 0x0000, 0x0000, 0x0000, 0x0000, 0x0000, 0x0000, 0x0000, 0x0000, 0x0000, 0x0000, 0x0000, 0x0000, 0x0000, 0x0000,
	0x0000, 0x0000, 0x0000, 0x0000, 0x0000, 0x0000, 0x0000, 0x0000, 0x0000, 0x0000, 0x0000, 0x0000, 0x0000, 0x0000, 0x0000, 0x0000,
	0x0000, 0x0000, 0x0000, 0x0000, 0x0000, 0x0000, 0x0000, 0x0000, 0x0000, 0x0000, 0x0000, 0x0000, 0x0000, 0x0000, 0x0000, 0x0000,
	0x0000, 0x0000, 0x0000, 0x0000, 0x0000, 0x0000, 0x0000, 0x0000, 0x0000, 0x0000, 0x0000, 0x0000, 0x0000, 0xE758, 0x0000, 0x0000,
	0x0000, 0x0000, 0x0000, 0x0000, 0x0000, 0xE758, 0x0000, 0x0000, 0x0000, 0x0000, 0x0000, 0x0000, 0xE758, 0x0000, 0x0000, 0x0000,
	0x0000, 0x0000, 0x0000, 0x0000, 0x0000, 0xE758, 0xE758, 0xE758, 0xE758, 0xE758, 0xE758, 0x0000, 0x0000, 0x0000, 0x0000, 0x0000,
	0xE758, 0xE758, 0xE758, 0xE758, 0xE758, 0xE758, 0xE758, 0xE758, 0xE758, 0xE758, 0xE758, 0xE758, 0x0000, 0x0000, 0x0000, 0x0000,
	0x0000, 0x0000, 0x0000, 0x0000, 0x0000, 0xE758, 0xE758, 0xE758, 0xE758, 0xE758, 0x0000, 0xE758, 0xE758, 0x0000, 0x0000, 0x0000,
	0x0000, 0x0000, 0x0000, 0x0000, 0x0000, 0xE758, 0xE758, 0xE758, 0xE758, 0xE758, 0xE758, 0x0000, 0xE758, 0x0000, 0xE758, 0xE758,
	0x0000, 0x0000, 0x0000, 0x0000, 0x0000, 0xE758, 0xE758, 0xE758, 0xE758, 0xE758, 0xE758, 0xE758, 0xE758, 0x0000, 0x0000, 0x0000,
	0xE758, 0xE758, 0xE758, 0xE758, 0xE758, 0xE758, 0xE758, 0xE758, 0xE758, 0xE758, 0xE758, 0xE758, 0x0000, 0x0000, 0x0000, 0x0000,
	0x0000, 0x0000, 0x0000, 0x0000, 0x0000, 0xE758, 0xE758, 0xE758, 0xE758, 0xE758, 0xE758, 0x0000, 0x0000, 0x0000, 0x0000, 0x0000,
	0x0000, 0x0000, 0x0000, 0x0000, 0x0000, 0xE758, 0x0000, 0x0000, 0x0000, 0x0000, 0x0000, 0x0000, 0xE758, 0x0000, 0x0000, 0x0000,
	0x0000, 0x0000, 0x0000, 0x0000, 0x0000, 0x0000, 0x0000, 0x0000, 0x0000, 0x0000, 0x0000, 0x0000, 0x0000, 0xE758, 0x0000, 0x0000,
	0x0000, 0x0000, 0x0000, 0x0000, 0x0000, 0x0000, 0x0000, 0x0000, 0x0000, 0x0000, 0x0000, 0x0000, 0x0000, 0x0000, 0x0000, 0x0000,
	0x0000, 0x0000, 0x0000, 0x0000, 0x0000, 0x0000, 0x0000, 0x0000, 0x0000, 0x0000, 0x0000, 0x0000, 0x0000, 0x0000, 0x0000, 0x0000,
};
// 'Clock', 16x16px
const uint16_t epd_bitmap_Options_All_3 [] PROGMEM = {
	0x0000, 0x0000, 0x0000, 0x0000, 0x0000, 0xE758, 0xE758, 0xE758, 0xE758, 0xE758, 0xE758, 0x0000, 0x0000, 0x0000, 0x0000, 0x0000,
	0x0000, 0x0000, 0x0000, 0xE758, 0xE758, 0xE758, 0xE758, 0xE758, 0xE758, 0xE758, 0xE758, 0xE758, 0xE758, 0x0000, 0x0000, 0x0000,
	0x0000, 0x0000, 0xE758, 0xE758, 0xE758, 0x0000, 0x0000, 0x0000, 0x0000, 0x0000, 0x0000, 0xE758, 0xE758, 0xE758, 0x0000, 0x0000,
	0x0000, 0xE758, 0xE758, 0xE758, 0x0000, 0x0000, 0x0000, 0xE758, 0xE758, 0x0000, 0x0000, 0x0000, 0xE758, 0xE758, 0xE758, 0x0000,
	0x0000, 0xE758, 0xE758, 0x0000, 0x0000, 0x0000, 0x0000, 0xE758, 0xE758, 0x0000, 0x0000, 0x0000, 0x0000, 0xE758, 0xE758, 0x0000,
	0xE758, 0xE758, 0x0000, 0x0000, 0x0000, 0x0000, 0x0000, 0xE758, 0xE758, 0x0000, 0x0000, 0x0000, 0x0000, 0x0000, 0xE758, 0xE758,
	0xE758, 0xE758, 0x0000, 0x0000, 0x0000, 0x0000, 0x0000, 0xE758, 0xE758, 0x0000, 0x0000, 0x0000, 0x0000, 0x0000, 0xE758, 0xE758,
	0xE758, 0xE758, 0x0000, 0x0000, 0x0000, 0x0000, 0x0000, 0xE758, 0xE758, 0xE758, 0xE758, 0xE758, 0x0000, 0x0000, 0xE758, 0xE758,
	0xE758, 0xE758, 0x0000, 0x0000, 0x0000, 0x0000, 0x0000, 0xE758, 0xE758, 0xE758, 0xE758, 0xE758, 0x0000, 0x0000, 0xE758, 0xE758,
	0xE758, 0xE758, 0x0000, 0x0000, 0x0000, 0x0000, 0x0000, 0x0000, 0x0000, 0x0000, 0x0000, 0x0000, 0x0000, 0x0000, 0xE758, 0xE758,
	0xE758, 0xE758, 0x0000, 0x0000, 0x0000, 0x0000, 0x0000, 0x0000, 0x0000, 0x0000, 0x0000, 0x0000, 0x0000, 0x0000, 0xE758, 0xE758,
	0x0000, 0xE758, 0xE758, 0x0000, 0x0000, 0x0000, 0x0000, 0x0000, 0x0000, 0x0000, 0x0000, 0x0000, 0x0000, 0xE758, 0xE758, 0x0000,
	0x0000, 0xE758, 0xE758, 0xE758, 0x0000, 0x0000, 0x0000, 0x0000, 0x0000, 0x0000, 0x0000, 0x0000, 0xE758, 0xE758, 0xE758, 0x0000,
	0x0000, 0x0000, 0xE758, 0xE758, 0xE758, 0x0000, 0x0000, 0x0000, 0x0000, 0x0000, 0x0000, 0xE758, 0xE758, 0xE758, 0x0000, 0x0000,
	0x0000, 0x0000, 0x0000, 0xE758, 0xE758, 0xE758, 0xE758, 0xE758, 0xE758, 0xE758, 0xE758, 0xE758, 0xE758, 0x0000, 0x0000, 0x0000,
	0x0000, 0x0000, 0x0000, 0x0000, 0x0000, 0xE758, 0xE758, 0xE758, 0xE758, 0xE758, 0xE758, 0x0000, 0x0000, 0x0000, 0x0000, 0x0000,
};
// 'Screen Unlock', 16x16px
const uint16_t epd_bitmap_Options_All_4 [] PROGMEM = {
	0x0000, 0x0000, 0x0000, 0x0000, 0x0000, 0x0000, 0x0000, 0x0000, 0x0000, 0x0000, 0x0000, 0x0000, 0x0000, 0x0000, 0x0000, 0x0000,
	0x0000, 0x0000, 0x0000, 0x0000, 0x0000, 0x0000, 0xE758, 0xE758, 0xE758, 0xE758, 0x0000, 0x0000, 0x0000, 0x0000, 0x0000, 0x0000,
	0x0000, 0x0000, 0x0000, 0x0000, 0x0000, 0xE758, 0xE758, 0xE758, 0xE758, 0xE758, 0xE758, 0x0000, 0x0000, 0x0000, 0x0000, 0x0000,
	0x0000, 0x0000, 0x0000, 0x0000, 0xE758, 0xE758, 0xE758, 0x0000, 0x0000, 0xE758, 0xE758, 0xE758, 0x0000, 0x0000, 0x0000, 0x0000,
	0x0000, 0x0000, 0x0000, 0x0000, 0xE758, 0xE758, 0x0000, 0x0000, 0x0000, 0x0000, 0xE758, 0xE758, 0x0000, 0x0000, 0x0000, 0x0000,
	0x0000, 0x0000, 0x0000, 0x0000, 0xE758, 0xE758, 0x0000, 0x0000, 0x0000, 0x0000, 0xE758, 0xE758, 0x0000, 0x0000, 0x0000, 0x0000,
	0x0000, 0x0000, 0x0000, 0x0000, 0xE758, 0xE758, 0x0000, 0x0000, 0x0000, 0x0000, 0x0000, 0x0000, 0x0000, 0x0000, 0x0000, 0x0000,
	0x0000, 0x0000, 0xE758, 0xE758, 0xE758, 0xE758, 0xE758, 0xE758, 0xE758, 0xE758, 0xE758, 0xE758, 0xE758, 0xE758, 0x0000, 0x0000,
	0x0000, 0x0000, 0xE758, 0xE758, 0xE758, 0xE758, 0xE758, 0x0000, 0x0000, 0xE758, 0xE758, 0xE758, 0xE758, 0xE758, 0x0000, 0x0000,
	0x0000, 0x0000, 0xE758, 0xE758, 0xE758, 0xE758, 0x0000, 0x0000, 0x0000, 0x0000, 0xE758, 0xE758, 0xE758, 0xE758, 0x0000, 0x0000,
	0x0000, 0x0000, 0xE758, 0xE758, 0xE758, 0xE758, 0x0000, 0x0000, 0x0000, 0x0000, 0xE758, 0xE758, 0xE758, 0xE758, 0x0000, 0x0000,
	0x0000, 0x0000, 0xE758, 0xE758, 0xE758, 0xE758, 0xE758, 0x0000, 0x0000, 0xE758, 0xE758, 0xE758, 0xE758, 0xE758, 0x0000, 0x0000,
	0x0000, 0x0000, 0xE758, 0xE758, 0xE758, 0xE758, 0xE758, 0x0000, 0x0000, 0xE758, 0xE758, 0xE758, 0xE758, 0xE758, 0x0000, 0x0000,
	0x0000, 0x0000, 0xE758, 0xE758, 0xE758, 0xE758, 0xE758, 0xE758, 0xE758, 0xE758, 0xE758, 0xE758, 0xE758, 0xE758, 0x0000, 0x0000,
	0x0000, 0x0000, 0x0000, 0xE758, 0xE758, 0xE758, 0xE758, 0xE758, 0xE758, 0xE758, 0xE758, 0xE758, 0xE758, 0x0000, 0x0000, 0x0000,
	0x0000, 0x0000, 0x0000, 0x0000, 0x0000, 0x0000, 0x0000, 0x0000, 0x0000, 0x0000, 0x0000, 0x0000, 0x0000, 0x0000, 0x0000, 0x0000,
};
// 'Power Off', 16x16px
const uint16_t epd_bitmap_Options_All_5 [] PROGMEM = {
	0x0000, 0x0000, 0x0000, 0x0000, 0x0000, 0x0000, 0x0000, 0x0000, 0x0000, 0x0000, 0x0000, 0x0000, 0x0000, 0x0000, 0x0000, 0x0000,
	0x0000, 0x0000, 0x0000, 0x0000, 0x0000, 0x0000, 0x0000, 0xE758, 0xE758, 0x0000, 0x0000, 0x0000, 0x0000, 0x0000, 0x0000, 0x0000,
	0x0000, 0x0000, 0x0000, 0x0000, 0x0000, 0x0000, 0x0000, 0xE758, 0xE758, 0x0000, 0x0000, 0x0000, 0x0000, 0x0000, 0x0000, 0x0000,
	0x0000, 0x0000, 0x0000, 0x0000, 0x0000, 0xE758, 0x0000, 0xE758, 0xE758, 0x0000, 0xE758, 0x0000, 0x0000, 0x0000, 0x0000, 0x0000,
	0x0000, 0x0000, 0x0000, 0x0000, 0xE758, 0xE758, 0x0000, 0xE758, 0xE758, 0x0000, 0xE758, 0xE758, 0x0000, 0x0000, 0x0000, 0x0000,
	0x0000, 0x0000, 0x0000, 0xE758, 0xE758, 0xE758, 0x0000, 0xE758, 0xE758, 0x0000, 0xE758, 0xE758, 0xE758, 0x0000, 0x0000, 0x0000,
	0x0000, 0x0000, 0xE758, 0xE758, 0xE758, 0x0000, 0x0000, 0xE758, 0xE758, 0x0000, 0x0000, 0xE758, 0xE758, 0xE758, 0x0000, 0x0000,
	0x0000, 0x0000, 0xE758, 0xE758, 0x0000, 0x0000, 0x0000, 0x0000, 0x0000, 0x0000, 0x0000, 0x0000, 0xE758, 0xE758, 0x0000, 0x0000,
	0x0000, 0x0000, 0xE758, 0xE758, 0x0000, 0x0000, 0x0000, 0x0000, 0x0000, 0x0000, 0x0000, 0x0000, 0xE758, 0xE758, 0x0000, 0x0000,
	0x0000, 0x0000, 0xE758, 0xE758, 0x0000, 0x0000, 0x0000, 0x0000, 0x0000, 0x0000, 0x0000, 0x0000, 0xE758, 0xE758, 0x0000, 0x0000,
	0x0000, 0x0000, 0xE758, 0xE758, 0x0000, 0x0000, 0x0000, 0x0000, 0x0000, 0x0000, 0x0000, 0x0000, 0xE758, 0xE758, 0x0000, 0x0000,
	0x0000, 0x0000, 0xE758, 0xE758, 0xE758, 0x0000, 0x0000, 0x0000, 0x0000, 0x0000, 0x0000, 0xE758, 0xE758, 0xE758, 0x0000, 0x0000,
	0x0000, 0x0000, 0x0000, 0xE758, 0xE758, 0xE758, 0x0000, 0x0000, 0x0000, 0x0000, 0xE758, 0xE758, 0xE758, 0x0000, 0x0000, 0x0000,
	0x0000, 0x0000, 0x0000, 0x0000, 0xE758, 0xE758, 0xE758, 0xE758, 0xE758, 0xE758, 0xE758, 0xE758, 0x0000, 0x0000, 0x0000, 0x0000,
	0x0000, 0x0000, 0x0000, 0x0000, 0x0000, 0xE758, 0xE758, 0xE758, 0xE758, 0xE758, 0xE758, 0x0000, 0x0000, 0x0000, 0x0000, 0x0000,
	0x0000, 0x0000, 0x0000, 0x0000, 0x0000, 0x0000, 0x0000, 0x0000, 0x0000, 0x0000, 0x0000, 0x0000, 0x0000, 0x0000, 0x0000, 0x0000,
};
// 'Factory Reset', 16x16px
const uint16_t epd_bitmap_Options_All_6 [] PROGMEM = {
	0x0000, 0x0000, 0x0000, 0x0000, 0x0000, 0x0000, 0x0000, 0x0000, 0x0000, 0x0000, 0x0000, 0x0000, 0x0000, 0x0000, 0x0000, 0x0000,
	0x0000, 0x0000, 0x0000, 0x0000, 0x0000, 0x0000, 0x0000, 0x0000, 0x0000, 0x0000, 0x0000, 0x0000, 0x0000, 0x0000, 0x0000, 0x0000,
	0x0000, 0x0000, 0x0000, 0xE758, 0x0000, 0x0000, 0x0000, 0x0000, 0x0000, 0x0000, 0x0000, 0x0000, 0xE758, 0x0000, 0x0000, 0x0000,
	0x0000, 0x0000, 0xE758, 0xE758, 0xE758, 0x0000, 0x0000, 0x0000, 0x0000, 0x0000, 0x0000, 0xE758, 0xE758, 0xE758, 0x0000, 0x0000,
	0x0000, 0x0000, 0x0000, 0xE758, 0xE758, 0xE758, 0x0000, 0x0000, 0x0000, 0x0000, 0xE758, 0xE758, 0xE758, 0x0000, 0x0000, 0x0000,
	0x0000, 0x0000, 0x0000, 0x0000, 0xE758, 0xE758, 0xE758, 0x0000, 0x0000, 0xE758, 0xE758, 0xE758, 0x0000, 0x0000, 0x0000, 0x0000,
	0x0000, 0x0000, 0x0000, 0x0000, 0x0000, 0xE758, 0xE758, 0xE758, 0xE758, 0xE758, 0xE758, 0x0000, 0x0000, 0x0000, 0x0000, 0x0000,
	0x0000, 0x0000, 0x0000, 0x0000, 0x0000, 0x0000, 0xE758, 0xE758, 0xE758, 0xE758, 0x0000, 0x0000, 0x0000, 0x0000, 0x0000, 0x0000,
	0x0000, 0x0000, 0x0000, 0x0000, 0x0000, 0x0000, 0xE758, 0xE758, 0xE758, 0xE758, 0x0000, 0x0000, 0x0000, 0x0000, 0x0000, 0x0000,
	0x0000, 0x0000, 0x0000, 0x0000, 0x0000, 0xE758, 0xE758, 0xE758, 0xE758, 0xE758, 0xE758, 0x0000, 0x0000, 0x0000, 0x0000, 0x0000,
	0x0000, 0x0000, 0x0000, 0x0000, 0xE758, 0xE758, 0xE758, 0x0000, 0x0000, 0xE758, 0xE758, 0xE758, 0x0000, 0x0000, 0x0000, 0x0000,
	0x0000, 0x0000, 0x0000, 0xE758, 0xE758, 0xE758, 0x0000, 0x0000, 0x0000, 0x0000, 0xE758, 0xE758, 0xE758, 0x0000, 0x0000, 0x0000,
	0x0000, 0x0000, 0xE758, 0xE758, 0xE758, 0x0000, 0x0000, 0x0000, 0x0000, 0x0000, 0x0000, 0xE758, 0xE758, 0xE758, 0x0000, 0x0000,
	0x0000, 0x0000, 0x0000, 0xE758, 0x0000, 0x0000, 0x0000, 0x0000, 0x0000, 0x0000, 0x0000, 0x0000, 0xE758, 0x0000, 0x0000, 0x0000,
	0x0000, 0x0000, 0x0000, 0x0000, 0x0000, 0x0000, 0x0000, 0x0000, 0x0000, 0x0000, 0x0000, 0x0000, 0x0000, 0x0000, 0x0000, 0x0000,
	0x0000, 0x0000, 0x0000, 0x0000, 0x0000, 0x0000, 0x0000, 0x0000, 0x0000, 0x0000, 0x0000, 0x0000, 0x0000, 0x0000, 0x0000, 0x0000,
};
// 'About', 16x16px
const uint16_t epd_bitmap_Options_All_7 [] PROGMEM = {
	0x0000, 0x0000, 0x0000, 0x0000, 0x0000, 0xE758, 0xE758, 0xE758, 0xE758, 0xE758, 0xE758, 0x0000, 0x0000, 0x0000, 0x0000, 0x0000,
	0x0000, 0x0000, 0x0000, 0xE758, 0xE758, 0xE758, 0xE758, 0xE758, 0xE758, 0xE758, 0xE758, 0xE758, 0xE758, 0x0000, 0x0000, 0x0000,
	0x0000, 0x0000, 0xE758, 0xE758, 0xE758, 0x0000, 0x0000, 0x0000, 0x0000, 0x0000, 0x0000, 0xE758, 0xE758, 0xE758, 0x0000, 0x0000,
	0x0000, 0xE758, 0xE758, 0xE758, 0x0000, 0x0000, 0x0000, 0xE758, 0xE758, 0x0000, 0x0000, 0x0000, 0xE758, 0xE758, 0xE758, 0x0000,
	0x0000, 0xE758, 0xE758, 0x0000, 0x0000, 0x0000, 0x0000, 0xE758, 0xE758, 0x0000, 0x0000, 0x0000, 0x0000, 0xE758, 0xE758, 0x0000,
	0xE758, 0xE758, 0x0000, 0x0000, 0x0000, 0x0000, 0x0000, 0xE758, 0xE758, 0x0000, 0x0000, 0x0000, 0x0000, 0x0000, 0xE758, 0xE758,
	0xE758, 0xE758, 0x0000, 0x0000, 0x0000, 0x0000, 0x0000, 0xE758, 0xE758, 0x0000, 0x0000, 0x0000, 0x0000, 0x0000, 0xE758, 0xE758,
	0xE758, 0xE758, 0x0000, 0x0000, 0x0000, 0x0000, 0x0000, 0xE758, 0xE758, 0x0000, 0x0000, 0x0000, 0x0000, 0x0000, 0xE758, 0xE758,
	0xE758, 0xE758, 0x0000, 0x0000, 0x0000, 0x0000, 0x0000, 0x0000, 0x0000, 0x0000, 0x0000, 0x0000, 0x0000, 0x0000, 0xE758, 0xE758,
	0xE758, 0xE758, 0x0000, 0x0000, 0x0000, 0x0000, 0x0000, 0x0000, 0x0000, 0x0000, 0x0000, 0x0000, 0x0000, 0x0000, 0xE758, 0xE758,
	0xE758, 0xE758, 0x0000, 0x0000, 0x0000, 0x0000, 0x0000, 0xE758, 0xE758, 0x0000, 0x0000, 0x0000, 0x0000, 0x0000, 0xE758, 0xE758,
	0x0000, 0xE758, 0xE758, 0x0000, 0x0000, 0x0000, 0x0000, 0xE758, 0xE758, 0x0000, 0x0000, 0x0000, 0x0000, 0xE758, 0xE758, 0x0000,
	0x0000, 0xE758, 0xE758, 0xE758, 0x0000, 0x0000, 0x0000, 0x0000, 0x0000, 0x0000, 0x0000, 0x0000, 0xE758, 0xE758, 0xE758, 0x0000,
	0x0000, 0x0000, 0xE758, 0xE758, 0xE758, 0x0000, 0x0000, 0x0000, 0x0000, 0x0000, 0x0000, 0xE758, 0xE758, 0xE758, 0x0000, 0x0000,
	0x0000, 0x0000, 0x0000, 0xE758, 0xE758, 0xE758, 0xE758, 0xE758, 0xE758, 0xE758, 0xE758, 0xE758, 0xE758, 0x0000, 0x0000, 0x0000,
	0x0000, 0x0000, 0x0000, 0x0000, 0x0000, 0xE758, 0xE758, 0xE758, 0xE758, 0xE758, 0xE758, 0x0000, 0x0000, 0x0000, 0x0000, 0x0000,
};
// 'Resume', 16x16px
const uint16_t epd_bitmap_Options_All_8 [] PROGMEM = {
	0x0000, 0x0000, 0x0000, 0x0000, 0x0000, 0x0000, 0x0000, 0x0000, 0x0000, 0x0000, 0x0000, 0x0000, 0x0000, 0x0000, 0x0000, 0x0000,
	0x0000, 0x0000, 0x0000, 0x0000, 0x0000, 0x0000, 0x0000, 0x0000, 0x0000, 0x0000, 0x0000, 0x0000, 0x0000, 0x0000, 0x0000, 0x0000,
	0x0000, 0x0000, 0xE758, 0xE758, 0x0000, 0x0000, 0x0000, 0x0000, 0x0000, 0x0000, 0x0000, 0x0000, 0x0000, 0x0000, 0x0000, 0x0000,
	0x0000, 0x0000, 0xE758, 0xE758, 0xE758, 0xE758, 0x0000, 0x0000, 0x0000, 0x0000, 0x0000, 0x0000, 0x0000, 0x0000, 0x0000, 0x0000,
	0x0000, 0x0000, 0xE758, 0xE758, 0xE758, 0xE758, 0xE758, 0xE758, 0x0000, 0x0000, 0x0000, 0x0000, 0x0000, 0x0000, 0x0000, 0x0000,
	0x0000, 0x0000, 0xE758, 0xE758, 0xE758, 0xE758, 0xE758, 0xE758, 0xE758, 0xE758, 0x0000, 0x0000, 0x0000, 0x0000, 0x0000, 0x0000,
	0x0000, 0x0000, 0xE758, 0xE758, 0xE758, 0xE758, 0xE758, 0xE758, 0xE758, 0xE758, 0xE758, 0xE758, 0x0000, 0x0000, 0x0000, 0x0000,
	0x0000, 0x0000, 0xE758, 0xE758, 0xE758, 0xE758, 0xE758, 0xE758, 0xE758, 0xE758, 0xE758, 0xE758, 0xE758, 0xE758, 0x0000, 0x0000,
	0x0000, 0x0000, 0xE758, 0xE758, 0xE758, 0xE758, 0xE758, 0xE758, 0xE758, 0xE758, 0xE758, 0xE758, 0xE758, 0xE758, 0x0000, 0x0000,
	0x0000, 0x0000, 0xE758, 0xE758, 0xE758, 0xE758, 0xE758, 0xE758, 0xE758, 0xE758, 0xE758, 0xE758, 0x0000, 0x0000, 0x0000, 0x0000,
	0x0000, 0x0000, 0xE758, 0xE758, 0xE758, 0xE758, 0xE758, 0xE758, 0xE758, 0xE758, 0x0000, 0x0000, 0x0000, 0x0000, 0x0000, 0x0000,
	0x0000, 0x0000, 0xE758, 0xE758, 0xE758, 0xE758, 0xE758, 0xE758, 0x0000, 0x0000, 0x0000, 0x0000, 0x0000, 0x0000, 0x0000, 0x0000,
	0x0000, 0x0000, 0xE758, 0xE758, 0xE758, 0xE758, 0x0000, 0x0000, 0x0000, 0x0000, 0x0000, 0x0000, 0x0000, 0x0000, 0x0000, 0x0000,
	0x0000, 0x0000, 0xE758, 0xE758, 0x0000, 0x0000, 0x0000, 0x0000, 0x0000, 0x0000, 0x0000, 0x0000, 0x0000, 0x0000, 0x0000, 0x0000,
	0x0000, 0x0000, 0x0000, 0x0000, 0x0000, 0x0000, 0x0000, 0x0000, 0x0000, 0x0000, 0x0000, 0x0000, 0x0000, 0x0000, 0x0000, 0x0000,
	0x0000, 0x0000, 0x0000, 0x0000, 0x0000, 0x0000, 0x0000, 0x0000, 0x0000, 0x0000, 0x0000, 0x0000, 0x0000, 0x0000, 0x0000, 0x0000,
};
// 'Factory Reset Confirm', 16x16px
const uint16_t epd_bitmap_Options_All_9 [] PROGMEM = {
	0x0000, 0x0000, 0x0000, 0x0000, 0x0000, 0x0000, 0x0000, 0x0000, 0x0000, 0x0000, 0x0000, 0x0000, 0x0000, 0x0000, 0x0000, 0x0000,
	0x0000, 0x0000, 0x0000, 0x0000, 0x0000, 0x0000, 0x0000, 0x0000, 0x0000, 0x0000, 0x0000, 0x0000, 0x0000, 0x0000, 0x0000, 0x0000,
	0x0000, 0x0000, 0x0000, 0xFBAE, 0x0000, 0x0000, 0x0000, 0x0000, 0x0000, 0x0000, 0x0000, 0x0000, 0xFBAE, 0x0000, 0x0000, 0x0000,
	0x0000, 0x0000, 0xFBAE, 0xFBAE, 0xFBAE, 0x0000, 0x0000, 0x0000, 0x0000, 0x0000, 0x0000, 0xFBAE, 0xFBAE, 0xFBAE, 0x0000, 0x0000,
	0x0000, 0x0000, 0x0000, 0xFBAE, 0xFBAE, 0xFBAE, 0x0000, 0x0000, 0x0000, 0x0000, 0xFBAE, 0xFBAE, 0xFBAE, 0x0000, 0x0000, 0x0000,
	0x0000, 0x0000, 0x0000, 0x0000, 0xFBAE, 0xFBAE, 0xFBAE, 0x0000, 0x0000, 0xFBAE, 0xFBAE, 0xFBAE, 0x0000, 0x0000, 0x0000, 0x0000,
	0x0000, 0x0000, 0x0000, 0x0000, 0x0000, 0xFBAE, 0xFBAE, 0xFBAE, 0xFBAE, 0xFBAE, 0xFBAE, 0x0000, 0x0000, 0x0000, 0x0000, 0x0000,
	0x0000, 0x0000, 0x0000, 0x0000, 0x0000, 0x0000, 0xFBAE, 0xFBAE, 0xFBAE, 0xFBAE, 0x0000, 0x0000, 0x0000, 0x0000, 0x0000, 0x0000,
	0x0000, 0x0000, 0x0000, 0x0000, 0x0000, 0x0000, 0xFBAE, 0xFBAE, 0xFBAE, 0xFBAE, 0x0000, 0x0000, 0x0000, 0x0000, 0x0000, 0x0000,
	0x0000, 0x0000, 0x0000, 0x0000, 0x0000, 0xFBAE, 0xFBAE, 0xFBAE, 0xFBAE, 0xFBAE, 0xFBAE, 0x0000, 0x0000, 0x0000, 0x0000, 0x0000,
	0x0000, 0x0000, 0x0000, 0x0000, 0xFBAE, 0xFBAE, 0xFBAE, 0x0000, 0x0000, 0xFBAE, 0xFBAE, 0xFBAE, 0x0000, 0x0000, 0x0000, 0x0000,
	0x0000, 0x0000, 0x0000, 0xFBAE, 0xFBAE, 0xFBAE, 0x0000, 0x0000, 0x0000, 0x0000, 0xFBAE, 0xFBAE, 0xFBAE, 0x0000, 0x0000, 0x0000,
	0x0000, 0x0000, 0xFBAE, 0xFBAE, 0xFBAE, 0x0000, 0x0000, 0x0000, 0x0000, 0x0000, 0x0000, 0xFBAE, 0xFBAE, 0xFBAE, 0x0000, 0x0000,
	0x0000, 0x0000, 0x0000, 0xFBAE, 0x0000, 0x0000, 0x0000, 0x0000, 0x0000, 0x0000, 0x0000, 0x0000, 0xFBAE, 0x0000, 0x0000, 0x0000,
	0x0000, 0x0000, 0x0000, 0x0000, 0x0000, 0x0000, 0x0000, 0x0000, 0x0000, 0x0000, 0x0000, 0x0000, 0x0000, 0x0000, 0x0000, 0x0000,
	0x0000, 0x0000, 0x0000, 0x0000, 0x0000, 0x0000, 0x0000, 0x0000, 0x0000, 0x0000, 0x0000, 0x0000, 0x0000, 0x0000, 0x0000, 0x0000,
};
// 'Backup', 16x16px
const uint16_t epd_bitmap_Options_All_10 [] PROGMEM = {
	0x0000, 0x0000, 0x0000, 0x0000, 0x0000, 0x0000, 0x0000, 0x0000, 0x0000, 0x0000, 0x0000, 0x0000, 0x0000, 0x0000, 0x0000, 0x0000,
	0x0000, 0x0000, 0x0000, 0x0000, 0x0000, 0x0000, 0x0000, 0x0000, 0x0000, 0x0000, 0x0000, 0x0000, 0x0000, 0x0000, 0x0000, 0x0000,
	0x0000, 0x0000, 0x0000, 0x0000, 0x0000, 0x0000, 0x0000, 0xE758, 0xE758, 0x0000, 0x0000, 0x0000, 0x0000, 0x0000, 0x0000, 0x0000,
	0x0000, 0x0000, 0x0000, 0x0000, 0x0000, 0x0000, 0xE758, 0xE758, 0xE758, 0xE758, 0x0000, 0x0000, 0x0000, 0x0000, 0x0000, 0x0000,
	0x0000, 0x0000, 0x0000, 0x0000, 0x0000, 0xE758, 0xE758, 0xE758, 0xE758, 0xE758, 0xE758, 0x0000, 0x0000, 0x0000, 0x0000, 0x0000,
	0x0000, 0x0000, 0x0000, 0x0000, 0xE758, 0xE758, 0xE758, 0xE758, 0xE758, 0xE758, 0xE758, 0xE758, 0x0000, 0x0000, 0x0000, 0x0000,
	0x0000, 0x0000, 0x0000, 0x0000, 0x0000, 0x0000, 0xE758, 0xE758, 0xE758, 0xE758, 0x0000, 0x0000, 0x0000, 0x0000, 0x0000, 0x0000,
	0x0000, 0x0000, 0x0000, 0x0000, 0x0000, 0x0000, 0xE758, 0xE758, 0xE758, 0xE758, 0x0000, 0x0000, 0x0000, 0x0000, 0x0000, 0x0000,
	0x0000, 0x0000, 0x0000, 0x0000, 0x0000, 0x0000, 0xE758, 0xE758, 0xE758, 0xE758, 0x0000, 0x0000, 0x0000, 0x0000, 0x0000, 0x0000,
	0x0000, 0xE758, 0xE758, 0x0000, 0x0000, 0x0000, 0xE758, 0xE758, 0xE758, 0xE758, 0x0000, 0x0000, 0x0000, 0xE758, 0xE758, 0x0000,
	0x0000, 0xE758, 0xE758, 0x0000, 0x0000, 0x0000, 0x0000, 0x0000, 0x0000, 0x0000, 0x0000, 0x0000, 0x0000, 0xE758, 0xE758, 0x0000,
	0x0000, 0xE758, 0xE758, 0x0000, 0x0000, 0x0000, 0x0000, 0x0000, 0x0000, 0x0000, 0x0000, 0x0000, 0x0000, 0xE758, 0xE758, 0x0000,
	0x0000, 0xE758, 0xE758, 0xE758, 0xE758, 0xE758, 0xE758, 0xE758, 0xE758, 0xE758, 0xE758, 0xE758, 0xE758, 0xE758, 0xE758, 0x0000,
	0x0000, 0xE758, 0xE758, 0xE758, 0xE758, 0xE758, 0xE758, 0xE758, 0xE758, 0xE758, 0xE758, 0xE758, 0xE758, 0xE758, 0xE758, 0x0000,
	0x0000, 0x0000, 0x0000, 0x0000, 0x0000, 0x0000, 0x0000, 0x0000, 0x0000, 0x0000, 0x0000, 0x0000, 0x0000, 0x0000, 0x0000, 0x0000,
	0x0000, 0x0000, 0x0000, 0x0000, 0x0000, 0x0000, 0x0000, 0x0000, 0x0000, 0x0000, 0x0000, 0x0000, 0x0000, 0x0000, 0x0000, 0x0000,
};
// 'Restore', 16x16px
const uint16_t epd_bitmap_Options_All_11 [] PROGMEM = {
	0x0000, 0x0000, 0x0000, 0x0000, 0x0000, 0x0000, 0x0000, 0x0000, 0x0000, 0x0000, 0x0000, 0x0000, 0x0000, 0x0000, 0x0000, 0x0000,
	0x0000, 0x0000, 0x0000, 0x0000, 0x0000, 0x0000, 0x0000, 0x0000, 0x0000, 0x0000, 0x0000, 0x0000, 0x0000, 0x0000, 0x0000, 0x0000,
	0x0000, 0x0000, 0x0000, 0x0000, 0x0000, 0x0000, 0xE758, 0xE758, 0xE758, 0xE758, 0x0000, 0x0000, 0x0000, 0x0000, 0x0000, 0x0000,
	0x0000, 0x0000, 0x0000, 0x0000, 0x0000, 0x0000, 0xE758, 0xE758, 0xE758, 0xE758, 0x0000, 0x0000, 0x0000, 0x0000, 0x0000, 0x0000,
	0x0000, 0x0000, 0x0000, 0x0000, 0x0000, 0x0000, 0xE758, 0xE758, 0xE758, 0xE758, 0x0000, 0x0000, 0x0000, 0x0000, 0x0000, 0x0000,
	0x0000, 0x0000, 0x0000, 0x0000, 0x0000, 0x0000, 0xE758, 0xE758, 0xE758, 0xE758, 0x0000, 0x0000, 0x0000, 0x0000, 0x0000, 0x0000,
	0x0000, 0x0000, 0x0000, 0x0000, 0xE758, 0xE758, 0xE758, 0xE758, 0xE758, 0xE758, 0xE758, 0xE758, 0x0000, 0x0000, 0x0000, 0x0000,
	0x0000, 0x0000, 0x0000, 0x0000, 0x0000, 0xE758, 0xE758, 0xE758, 0xE758, 0xE758, 0xE758, 0x0000, 0x0000, 0x0000, 0x0000, 0x0000,
	0x0000, 0x0000, 0x0000, 0x0000, 0x0000, 0x0000, 0xE758, 0xE758, 0xE758, 0xE758, 0x0000, 0x0000, 0x0000, 0x0000, 0x0000, 0x0000,
	0x0000, 0xE758, 0xE758, 0x0000, 0x0000, 0x0000, 0x0000, 0xE758, 0xE758, 0x0000, 0x0000, 0x0000, 0x0000, 0xE758, 0xE758, 0x0000,
	0x0000, 0xE758, 0xE758, 0x0000, 0x0000, 0x0000, 0x0000, 0x0000, 0x0000, 0x0000, 0x0000, 0x0000, 0x0000, 0xE758, 0xE758, 0x0000,
	0x0000, 0xE758, 0xE758, 0x0000, 0x0000, 0x0000, 0x0000, 0x0000, 0x0000, 0x0000, 0x0000, 0x0000, 0x0000, 0xE758, 0xE758, 0x0000,
	0x0000, 0xE758, 0xE758, 0xE758, 0xE758, 0xE758, 0xE758, 0xE758, 0xE758, 0xE758, 0xE758, 0xE758, 0xE758, 0xE758, 0xE758, 0x0000,
	0x0000, 0xE758, 0xE758, 0xE758, 0xE758, 0xE758, 0xE758, 0xE758, 0xE758, 0xE758, 0xE758, 0xE758, 0xE758, 0xE758, 0xE758, 0x0000,
	0x0000, 0x0000, 0x0000, 0x0000, 0x0000, 0x0000, 0x0000, 0x0000, 0x0000, 0x0000, 0x0000, 0x0000, 0x0000, 0x0000, 0x0000, 0x0000,
	0x0000, 0x0000, 0x0000, 0x0000, 0x0000, 0x0000, 0x0000, 0x0000, 0x0000, 0x0000, 0x0000, 0x0000, 0x0000, 0x0000, 0x0000, 0x0000,
};
// 'Backup Confirm', 16x16px
const uint16_t epd_bitmap_Options_All_12 [] PROGMEM = {
	0x0000, 0x0000, 0x0000, 0x0000, 0x0000, 0x0000, 0x0000, 0x0000, 0x0000, 0x0000, 0x0000, 0x0000, 0x0000, 0x0000, 0x0000, 0x0000,
	0x0000, 0x0000, 0x0000, 0x0000, 0x0000, 0x0000, 0x0000, 0x0000, 0x0000, 0x0000, 0x0000, 0x0000, 0x0000, 0x0000, 0x0000, 0x0000,
	0x0000, 0x0000, 0x0000, 0x0000, 0x0000, 0x0000, 0xFBAE, 0xFBAE, 0xFBAE, 0xFBAE, 0x0000, 0x0000, 0x0000, 0x0000, 0x0000, 0x0000,
	0x0000, 0x0000, 0x0000, 0x0000, 0x0000, 0x0000, 0xFBAE, 0xFBAE, 0xFBAE, 0xFBAE, 0x0000, 0x0000, 0x0000, 0x0000, 0x0000, 0x0000,
	0x0000, 0x0000, 0x0000, 0x0000, 0x0000, 0x0000, 0xFBAE, 0xFBAE, 0xFBAE, 0xFBAE, 0x0000, 0x0000, 0x0000, 0x0000, 0x0000, 0x0000,
	0x0000, 0x0000, 0x0000, 0x0000, 0x0000, 0x0000, 0xFBAE, 0xFBAE, 0xFBAE, 0xFBAE, 0x0000, 0x0000, 0x0000, 0x0000, 0x0000, 0x0000,
	0x0000, 0x0000, 0x0000, 0x0000, 0xFBAE, 0xFBAE, 0xFBAE, 0xFBAE, 0xFBAE, 0xFBAE, 0xFBAE, 0xFBAE, 0x0000, 0x0000, 0x0000, 0x0000,
	0x0000, 0x0000, 0x0000, 0x0000, 0x0000, 0xFBAE, 0xFBAE, 0xFBAE, 0xFBAE, 0xFBAE, 0xFBAE, 0x0000, 0x0000, 0x0000, 0x0000, 0x0000,
	0x0000, 0x0000, 0x0000, 0x0000, 0x0000, 0x0000, 0xFBAE, 0xFBAE, 0xFBAE, 0xFBAE, 0x0000, 0x0000, 0x0000, 0x0000, 0x0000, 0x0000,
	0x0000, 0xFBAE, 0xFBAE, 0x0000, 0x0000, 0x0000, 0x0000, 0xFBAE, 0xFBAE, 0x0000, 0x0000, 0x0000, 0x0000, 0xFBAE, 0xFBAE, 0x0000,
	0x0000, 0xFBAE, 0xFBAE, 0x0000, 0x0000, 0x0000, 0x0000, 0x0000, 0x0000, 0x0000, 0x0000, 0x0000, 0x0000, 0xFBAE, 0xFBAE, 0x0000,
	0x0000, 0xFBAE, 0xFBAE, 0x0000, 0x0000, 0x0000, 0x0000, 0x0000, 0x0000, 0x0000, 0x0000, 0x0000, 0x0000, 0xFBAE, 0xFBAE, 0x0000,
	0x0000, 0xFBAE, 0xFBAE, 0xFBAE, 0xFBAE, 0xFBAE, 0xFBAE, 0xFBAE, 0xFBAE, 0xFBAE, 0xFBAE, 0xFBAE, 0xFBAE, 0xFBAE, 0xFBAE, 0x0000,
	0x0000, 0xFBAE, 0xFBAE, 0xFBAE, 0xFBAE, 0xFBAE, 0xFBAE, 0xFBAE, 0xFBAE, 0xFBAE, 0xFBAE, 0xFBAE, 0xFBAE, 0xFBAE, 0xFBAE, 0x0000,
	0x0000, 0x0000, 0x0000, 0x0000, 0x0000, 0x0000, 0x0000, 0x0000, 0x0000, 0x0000, 0x0000, 0x0000, 0x0000, 0x0000, 0x0000, 0x0000,
	0x0000, 0x0000, 0x0000, 0x0000, 0x0000, 0x0000, 0x0000, 0x0000, 0x0000, 0x0000, 0x0000, 0x0000, 0x0000, 0x0000, 0x0000, 0x0000,
};
// 'Restore Confirm', 16x16px
const uint16_t epd_bitmap_Options_All_13 [] PROGMEM = {
	0x0000, 0x0000, 0x0000, 0x0000, 0x0000, 0x0000, 0x0000, 0x0000, 0x0000, 0x0000, 0x0000, 0x0000, 0x0000, 0x0000, 0x0000, 0x0000,
	0x0000, 0x0000, 0x0000, 0x0000, 0x0000, 0x0000, 0x0000, 0x0000, 0x0000, 0x0000, 0x0000, 0x0000, 0x0000, 0x0000, 0x0000, 0x0000,
	0x0000, 0x0000, 0x0000, 0x0000, 0x0000, 0x0000, 0x0000, 0xFBAE, 0xFBAE, 0x0000, 0x0000, 0x0000, 0x0000, 0x0000, 0x0000, 0x0000,
	0x0000, 0x0000, 0x0000, 0x0000, 0x0000, 0x0000, 0xFBAE, 0xFBAE, 0xFBAE, 0xFBAE, 0x0000, 0x0000, 0x0000, 0x0000, 0x0000, 0x0000,
	0x0000, 0x0000, 0x0000, 0x0000, 0x0000, 0xFBAE, 0xFBAE, 0xFBAE, 0xFBAE, 0xFBAE, 0xFBAE, 0x0000, 0x0000, 0x0000, 0x0000, 0x0000,
	0x0000, 0x0000, 0x0000, 0x0000, 0xFBAE, 0xFBAE, 0xFBAE, 0xFBAE, 0xFBAE, 0xFBAE, 0xFBAE, 0xFBAE, 0x0000, 0x0000, 0x0000, 0x0000,
	0x0000, 0x0000, 0x0000, 0x0000, 0x0000, 0x0000, 0xFBAE, 0xFBAE, 0xFBAE, 0xFBAE, 0x0000, 0x0000, 0x0000, 0x0000, 0x0000, 0x0000,
	0x0000, 0x0000, 0x0000, 0x0000, 0x0000, 0x0000, 0xFBAE, 0xFBAE, 0xFBAE, 0xFBAE, 0x0000, 0x0000, 0x0000, 0x0000, 0x0000, 0x0000,
	0x0000, 0x0000, 0x0000, 0x0000, 0x0000, 0x0000, 0xFBAE, 0xFBAE, 0xFBAE, 0xFBAE, 0x0000, 0x0000, 0x0000, 0x0000, 0x0000, 0x0000,
	0x0000, 0xFBAE, 0xFBAE, 0x0000, 0x0000, 0x0000, 0xFBAE, 0xFBAE, 0xFBAE, 0xFBAE, 0x0000, 0x0000, 0x0000, 0xFBAE, 0xFBAE, 0x0000,
	0x0000, 0xFBAE, 0xFBAE, 0x0000, 0x0000, 0x0000, 0x0000, 0x0000, 0x0000, 0x0000, 0x0000, 0x0000, 0x0000, 0xFBAE, 0xFBAE, 0x0000,
	0x0000, 0xFBAE, 0xFBAE, 0x0000, 0x0000, 0x0000, 0x0000, 0x0000, 0x0000, 0x0000, 0x0000, 0x0000, 0x0000, 0xFBAE, 0xFBAE, 0x0000,
	0x0000, 0xFBAE, 0xFBAE, 0xFBAE, 0xFBAE, 0xFBAE, 0xFBAE, 0xFBAE, 0xFBAE, 0xFBAE, 0xFBAE, 0xFBAE, 0xFBAE, 0xFBAE, 0xFBAE, 0x0000,
	0x0000, 0xFBAE, 0xFBAE, 0xFBAE, 0xFBAE, 0xFBAE, 0xFBAE, 0xFBAE, 0xFBAE, 0xFBAE, 0xFBAE, 0xFBAE, 0xFBAE, 0xFBAE, 0xFBAE, 0x0000,
	0x0000, 0x0000, 0x0000, 0x0000, 0x0000, 0x0000, 0x0000, 0x0000, 0x0000, 0x0000, 0x0000, 0x0000, 0x0000, 0x0000, 0x0000, 0x0000,
	0x0000, 0x0000, 0x0000, 0x0000, 0x0000, 0x0000, 0x0000, 0x0000, 0x0000, 0x0000, 0x0000, 0x0000, 0x0000, 0x0000, 0x0000, 0x0000,
};
// 'Screen Timeout', 16x16px
const uint16_t epd_bitmap_Options_All_14 [] PROGMEM = {
	0x0000, 0x0000, 0x0000, 0x0000, 0x0000, 0x0000, 0x0000, 0x0000, 0x0000, 0x0000, 0x0000, 0xe758, 0xe758, 0xe758, 0x0000, 0x0000,
	0x0000, 0x0000, 0x0000, 0x0000, 0x0000, 0x0000, 0x0000, 0x0000, 0x0000, 0x0000, 0xe758, 0x0000, 0x0000, 0x0000, 0xe758, 0x0000,
	0x0000, 0x0000, 0x0000, 0x0000, 0x0000, 0x0000, 0x0000, 0x0000, 0x0000, 0xe758, 0x0000, 0x0000, 0xe758, 0x0000, 0x0000, 0xe758,
	0x0000, 0x0000, 0x0000, 0x0000, 0x0000, 0x0000, 0x0000, 0x0000, 0x0000, 0xe758, 0x0000, 0x0000, 0xe758, 0xe758, 0x0000, 0xe758,
	0x0000, 0x0000, 0x0000, 0x0000, 0x0000, 0x0000, 0x0000, 0x0000, 0x0000, 0xe758, 0x0000, 0x0000, 0x0000, 0x0000, 0x0000, 0xe758,
	0x0000, 0x0000, 0x0000, 0x0000, 0x0000, 0x0000, 0x0000, 0x0000, 0x0000, 0x0000, 0xe758, 0x0000, 0x0000, 0x0000, 0xe758, 0x0000,
	0x0000, 0x0000, 0x0000, 0x0000, 0x0000, 0x0000, 0x0000, 0x0000, 0x0000, 0x0000, 0x0000, 0xe758, 0xe758, 0xe758, 0x0000, 0x0000,
	0x0000, 0x0000, 0x0000, 0x0000, 0x0000, 0x0000, 0x0000, 0x0000, 0x0000, 0x0000, 0x0000, 0x0000, 0x0000, 0x0000, 0x0000, 0x0000,
	0x0000, 0x0000, 0x0000, 0x0000, 0x0000, 0x0000, 0x0000, 0x0000, 0x0000, 0x0000, 0x0000, 0x0000, 0x0000, 0x0000, 0x0000, 0x0000,
	0x0000, 0x0000, 0x0000, 0x0000, 0xe758, 0xe758, 0xe758, 0xe758, 0xe758, 0xe758, 0xe758, 0x0000, 0x0000, 0x0000, 0x0000, 0x0000,
	0x0000, 0x0000, 0x0000, 0xe758, 0xe758, 0xe758, 0xe758, 0xe758, 0xe758, 0xe758, 0xe758, 0xe758, 0x0000, 0x0000, 0x0000, 0x0000,
	0x0000, 0x0000, 0xe758, 0xe758, 0xe758, 0xe758, 0xe758, 0xe758, 0xe758, 0xe758, 0xe758, 0xe758, 0xe758, 0x0000, 0x0000, 0x0000,
	0x0000, 0xe758, 0xe758, 0xe758, 0xe758, 0xe758, 0xe758, 0xe758, 0xe758, 0xe758, 0xe758, 0xe758, 0xe758, 0xe758, 0x0000, 0x0000,
	0x0000, 0x0000, 0x0000, 0x0000, 0x0000, 0x0000, 0x0000, 0x0000, 0x0000, 0x0000, 0x0000, 0x0000, 0x0000, 0x0000, 0x0000, 0x0000,
	0x0000, 0x0000, 0x0000, 0x0000, 0x0000, 0x0000, 0x0000, 0x0000, 0x0000, 0x0000, 0x0000, 0x0000, 0x0000, 0x0000, 0x0000, 0x0000,
	0x0000, 0x0000, 0x0000, 0x0000, 0x0000, 0x0000, 0x0000, 0x0000, 0x0000, 0x0000, 0x0000, 0x0000, 0x0000, 0x0000, 0x0000, 0x0000,
};
// 'LED Timeout', 16x16px
const uint16_t epd_bitmap_Options_All_15 [] PROGMEM = {
	0x0000, 0x0000, 0x0000, 0x0000, 0x0000, 0x0000, 0x0000, 0x0000, 0x0000, 0x0000, 0x0000, 0xe758, 0xe758, 0xe758, 0x0000, 0x0000,
	0x0000, 0x0000, 0x0000, 0x0000, 0x0000, 0x0000, 0x0000, 0x0000, 0x0000, 0x0000, 0xe758, 0x0000, 0x0000, 0x0000, 0xe758, 0x0000,
	0x0000, 0x0000, 0x0000, 0x0000, 0x0000, 0x0000, 0x0000, 0x0000, 0x0000, 0xe758, 0x0000, 0x0000, 0xe758, 0x0000, 0x0000, 0xe758,
	0x0000, 0x0000, 0x0000, 0x0000, 0x0000, 0x0000, 0x0000, 0x0000, 0x0000, 0xe758, 0x0000, 0x0000, 0xe758, 0xe758, 0x0000, 0xe758,
	0x0000, 0x0000, 0x0000, 0x0000, 0x0000, 0x0000, 0x0000, 0x0000, 0x0000, 0xe758, 0x0000, 0x0000, 0x0000, 0x0000, 0x0000, 0xe758,
	0x0000, 0x0000, 0x0000, 0x0000, 0x0000, 0x0000, 0x0000, 0x0000, 0x0000, 0x0000, 0xe758, 0x0000, 0x0000, 0x0000, 0xe758, 0x0000,
	0x0000, 0x0000, 0x0000, 0x0000, 0x0000, 0xe758, 0x0000, 0x0000, 0x0000, 0x0000, 0x0000, 0xe758, 0xe758, 0xe758, 0x0000, 0x0000,
	0x0000, 0x0000, 0x0000, 0x0000, 0x0000, 0xe758, 0xe758, 0xe758, 0xe758, 0xe758, 0xe758, 0x0000, 0x0000, 0x0000, 0x0000, 0x0000,
	0xe758, 0xe758, 0xe758, 0xe758, 0xe758, 0xe758, 0xe758, 0xe758, 0xe758, 0xe758, 0xe758, 0xe758, 0x0000, 0x0000, 0x0000, 0x0000,
	0x0000, 0x0000, 0x0000, 0x0000, 0x0000, 0xe758, 0xe758, 0xe758, 0xe758, 0xe758, 0x0000, 0xe758, 0xe758, 0x0000, 0x0000, 0x0000,
	0x0000, 0x0000, 0x0000, 0x0000, 0x0000, 0xe758, 0xe758, 0xe758, 0xe758, 0xe758, 0xe758, 0x0000, 0xe758, 0x0000, 0x0000, 0x0000,
	0x0000, 0x0000, 0x0000, 0x0000, 0x0000, 0xe758, 0xe758, 0xe758, 0xe758, 0xe758, 0xe758, 0xe758, 0xe758, 0x0000, 0x0000, 0x0000,
	0xe758, 0xe758, 0xe758, 0xe758, 0xe758, 0xe758, 0xe758, 0xe758, 0xe758, 0xe758, 0xe758, 0xe758, 0x0000, 0x0000, 0x0000, 0x0000,
	0x0000, 0x0000, 0x0000, 0x0000, 0x0000, 0xe758, 0xe758, 0xe758, 0xe758, 0xe758, 0xe758, 0x0000, 0x0000, 0x0000, 0x0000, 0x0000,
	0x0000, 0x0000, 0x0000, 0x0000, 0x0000, 0xe758, 0x0000, 0x0000, 0x0000, 0x0000, 0x0000, 0x0000, 0x0000, 0x0000, 0x0000, 0x0000,
	0x0000, 0x0000, 0x0000, 0x0000, 0x0000, 0x0000, 0x0000, 0x0000, 0x0000, 0x0000, 0x0000, 0x0000, 0x0000, 0x0000, 0x0000, 0x0000,
};

// Array of all bitmaps for convenience. (Total bytes used to store images in PROGMEM = 18560)
const int OptionsArray_LEN = 16;
const uint16_t* OptionsArray[16] = {
	epd_bitmap_Options_All_0,
	epd_bitmap_Options_All_1,
	epd_bitmap_Options_All_2,
	epd_bitmap_Options_All_3,
	epd_bitmap_Options_All_4,
	epd_bitmap_Options_All_5,
	epd_bitmap_Options_All_6,
	epd_bitmap_Options_All_7,
  epd_bitmap_Options_All_8,
  epd_bitmap_Options_All_9,
  epd_bitmap_Options_All_10,
  epd_bitmap_Options_All_11,
  epd_bitmap_Options_All_12,
  epd_bitmap_Options_All_13,
	epd_bitmap_Options_All_14,
	epd_bitmap_Options_All_15
};

// 'Ability Frame', 15x15px
const uint16_t epd_bitmap_Ability_Frame [] PROGMEM = {
	0xE758, 0xE758, 0xE758, 0x0187, 0x0187, 0x0187, 0x0187, 0x0187, 0x0187, 0x0187, 0x0187, 0x0187, 0x0187, 0x0187, 0x0187,
	0xE758, 0x0187, 0x0187, 0x0187, 0x0187, 0x0187, 0x0187, 0x0187, 0x0187, 0x0187, 0x0187, 0x0187, 0x0187, 0x0187, 0x0187,
	0xE758, 0x0187, 0x0187, 0x0187, 0x0187, 0x0187, 0x0187, 0x0187, 0x0187, 0x0187, 0x0187, 0x0187, 0x0187, 0x0187, 0x0187,
	0x0187, 0x0187, 0x0187, 0x0187, 0x0187, 0x0187, 0x0187, 0x0187, 0x0187, 0x0187, 0x0187, 0x0187, 0x0187, 0x0187, 0x0187,
	0x0187, 0x0187, 0x0187, 0x0187, 0x0187, 0x0187, 0x0187, 0x0187, 0x0187, 0x0187, 0x0187, 0x0187, 0x0187, 0x0187, 0x0187,
	0x0187, 0x0187, 0x0187, 0x0187, 0x0187, 0x0187, 0x0187, 0x0187, 0x0187, 0x0187, 0x0187, 0x0187, 0x0187, 0x0187, 0x0187,
	0x0187, 0x0187, 0x0187, 0x0187, 0x0187, 0x0187, 0x0187, 0x0187, 0x0187, 0x0187, 0x0187, 0x0187, 0x0187, 0x0187, 0x0187,
	0x0187, 0x0187, 0x0187, 0x0187, 0x0187, 0x0187, 0x0187, 0x0187, 0x0187, 0x0187, 0x0187, 0x0187, 0x0187, 0x0187, 0x0187,
	0x0187, 0x0187, 0x0187, 0x0187, 0x0187, 0x0187, 0x0187, 0x0187, 0x0187, 0x0187, 0x0187, 0x0187, 0x0187, 0x0187, 0x0187,
	0x0187, 0x0187, 0x0187, 0x0187, 0x0187, 0x0187, 0x0187, 0x0187, 0x0187, 0x0187, 0x0187, 0x0187, 0x0187, 0x0187, 0x0187,
	0x0187, 0x0187, 0x0187, 0x0187, 0x0187, 0x0187, 0x0187, 0x0187, 0x0187, 0x0187, 0x0187, 0x0187, 0x0187, 0x0187, 0x0187,
	0x0187, 0x0187, 0x0187, 0x0187, 0x0187, 0x0187, 0x0187, 0x0187, 0x0187, 0x0187, 0x0187, 0x0187, 0x0187, 0x0187, 0x0187,
	0x0187, 0x0187, 0x0187, 0x0187, 0x0187, 0x0187, 0x0187, 0x0187, 0x0187, 0x0187, 0x0187, 0x0187, 0x0187, 0x0187, 0xE758,
	0x0187, 0x0187, 0x0187, 0x0187, 0x0187, 0x0187, 0x0187, 0x0187, 0x0187, 0x0187, 0x0187, 0x0187, 0x0187, 0x0187, 0xE758,
	0x0187, 0x0187, 0x0187, 0x0187, 0x0187, 0x0187, 0x0187, 0x0187, 0x0187, 0x0187, 0x0187, 0x0187, 0xE758, 0xE758, 0xE758,
};
// Array of all bitmaps for convenience. (Total bytes used to store images in PROGMEM = 2320)
const int abilityFrame_LEN = 1;
const uint16_t* abilityFrame[1] = {
	epd_bitmap_Ability_Frame
};

// 'Equipment Frame', 15x15px
const uint16_t epd_bitmap_Equipment_Frame [] PROGMEM = {
	0x0000, 0xE758, 0xE758, 0xE758, 0x0000, 0x0000, 0x0000, 0x0000, 0x0000, 0x0000, 0x0000, 0xE758, 0xE758, 0xE758, 0x0000,
	0xE758, 0x0000, 0x0000, 0x0000, 0x0000, 0x0000, 0x0000, 0x0000, 0x0000, 0x0000, 0x0000, 0x0000, 0x0000, 0x0000, 0xE758,
	0xE758, 0x0000, 0x0000, 0x0000, 0x0000, 0x0000, 0x0000, 0x0000, 0x0000, 0x0000, 0x0000, 0x0000, 0x0000, 0x0000, 0xE758,
	0xE758, 0x0000, 0x0000, 0x0000, 0x0000, 0x0000, 0x0000, 0x0000, 0x0000, 0x0000, 0x0000, 0x0000, 0x0000, 0x0000, 0xE758,
	0x0000, 0x0000, 0x0000, 0x0000, 0x0000, 0x0000, 0x0000, 0x0000, 0x0000, 0x0000, 0x0000, 0x0000, 0x0000, 0x0000, 0x0000,
	0x0000, 0x0000, 0x0000, 0x0000, 0x0000, 0x0000, 0x0000, 0x0000, 0x0000, 0x0000, 0x0000, 0x0000, 0x0000, 0x0000, 0x0000,
	0x0000, 0x0000, 0x0000, 0x0000, 0x0000, 0x0000, 0x0000, 0x0000, 0x0000, 0x0000, 0x0000, 0x0000, 0x0000, 0x0000, 0x0000,
	0x0000, 0x0000, 0x0000, 0x0000, 0x0000, 0x0000, 0x0000, 0x0000, 0x0000, 0x0000, 0x0000, 0x0000, 0x0000, 0x0000, 0x0000,
	0x0000, 0x0000, 0x0000, 0x0000, 0x0000, 0x0000, 0x0000, 0x0000, 0x0000, 0x0000, 0x0000, 0x0000, 0x0000, 0x0000, 0x0000,
	0x0000, 0x0000, 0x0000, 0x0000, 0x0000, 0x0000, 0x0000, 0x0000, 0x0000, 0x0000, 0x0000, 0x0000, 0x0000, 0x0000, 0x0000,
	0x0000, 0x0000, 0x0000, 0x0000, 0x0000, 0x0000, 0x0000, 0x0000, 0x0000, 0x0000, 0x0000, 0x0000, 0x0000, 0x0000, 0x0000,
	0xE758, 0x0000, 0x0000, 0x0000, 0x0000, 0x0000, 0x0000, 0x0000, 0x0000, 0x0000, 0x0000, 0x0000, 0x0000, 0x0000, 0xE758,
	0xE758, 0x0000, 0x0000, 0x0000, 0x0000, 0x0000, 0x0000, 0x0000, 0x0000, 0x0000, 0x0000, 0x0000, 0x0000, 0x0000, 0xE758,
	0xE758, 0x0000, 0x0000, 0x0000, 0x0000, 0x0000, 0x0000, 0x0000, 0x0000, 0x0000, 0x0000, 0x0000, 0x0000, 0x0000, 0xE758,
	0x0000, 0xE758, 0xE758, 0xE758, 0x0000, 0x0000, 0x0000, 0x0000, 0x0000, 0x0000, 0x0000, 0xE758, 0xE758, 0xE758, 0x0000,
};
// 'Equipment Frame 2', 15x15px
const uint16_t epd_bitmap_Equipment_Frame_2 [] PROGMEM = {
	0x0000, 0xE758, 0xE758, 0xE758, 0x0000, 0x0000, 0x0000, 0x0000, 0x0000, 0x0000, 0x0000, 0xE758, 0xE758, 0xE758, 0x0000,
	0xE758, 0x0000, 0x0000, 0x0000, 0x0000, 0x0000, 0x0000, 0x0000, 0x0000, 0x0000, 0x0000, 0x0000, 0x0000, 0x0000, 0xE758,
	0xE758, 0x0000, 0x0000, 0x0000, 0xFE72, 0xFE72, 0xFE72, 0x0000, 0x0000, 0x0000, 0x0000, 0x0000, 0x0000, 0x0000, 0xE758,
	0xE758, 0x0000, 0x0000, 0x0000, 0x0000, 0xFE72, 0xFE72, 0xFE72, 0x0000, 0x0000, 0x0000, 0x0000, 0x0000, 0x0000, 0xE758,
	0x0000, 0x0000, 0x0000, 0x0000, 0x0000, 0x0000, 0xFE72, 0xE758, 0x0000, 0x0000, 0x0000, 0x0000, 0x0000, 0x0000, 0x0000,
	0x0000, 0x0000, 0x0000, 0x0000, 0xFBAE, 0xFBAE, 0xFBAE, 0xE758, 0xFBAE, 0xFBAE, 0xFBAE, 0x0000, 0x0000, 0x0000, 0x0000,
	0x0000, 0x0000, 0x0000, 0xFBAE, 0xFBAE, 0xFBAE, 0xFE72, 0xE758, 0xFE72, 0xFBAE, 0xE758, 0xFBAE, 0x0000, 0x0000, 0x0000,
	0x0000, 0x0000, 0xFBAE, 0xFBAE, 0xFBAE, 0xFBAE, 0xFBAE, 0xFE72, 0xFBAE, 0xFBAE, 0xE758, 0xE758, 0xFBAE, 0x0000, 0x0000,
	0x0000, 0x0000, 0xFBAE, 0xFBAE, 0xFBAE, 0xFBAE, 0xFBAE, 0xFBAE, 0xFBAE, 0xFBAE, 0xFBAE, 0xE758, 0xFBAE, 0x0000, 0x0000,
	0x0000, 0x0000, 0xFBAE, 0xFBAE, 0xFBAE, 0xFBAE, 0xFBAE, 0xFBAE, 0xFBAE, 0xFBAE, 0xFBAE, 0xFBAE, 0xFBAE, 0x0000, 0x0000,
	0x0000, 0x0000, 0xFBAE, 0xFBAE, 0xFBAE, 0xFBAE, 0xFBAE, 0xFBAE, 0xFBAE, 0xFBAE, 0xFBAE, 0xFBAE, 0xFE72, 0x0000, 0x0000,
	0xE758, 0x0000, 0x0000, 0xFE72, 0xFBAE, 0xFE72, 0xFE72, 0xFBAE, 0xFBAE, 0xFBAE, 0xFE72, 0xFE72, 0x0000, 0x0000, 0xE758,
	0xE758, 0x0000, 0x0000, 0x0000, 0xFE72, 0xFE72, 0xFE72, 0xFE72, 0xFE72, 0xFE72, 0xFE72, 0x0000, 0x0000, 0x0000, 0xE758,
	0xE758, 0x0000, 0x0000, 0x0000, 0x0000, 0x0000, 0x0000, 0x0000, 0x0000, 0x0000, 0x0000, 0x0000, 0x0000, 0x0000, 0xE758,
	0x0000, 0xE758, 0xE758, 0xE758, 0x0000, 0x0000, 0x0000, 0x0000, 0x0000, 0x0000, 0x0000, 0xE758, 0xE758, 0xE758, 0x0000,
};
// Array of all bitmaps for convenience. (Total bytes used to store images in PROGMEM = 1552)
const int equipmentFrame_LEN = 2;
const uint16_t* equipmentFrame[2] = {
	epd_bitmap_Equipment_Frame,
  epd_bitmap_Equipment_Frame_2
};

// 'Title', 240x135px
const uint16_t epd_bitmap_Title [] PROGMEM = {
	0x0187, 0x0187, 0x0187, 0x0187, 0x0187, 0x0187, 0x0187, 0x0187, 0x0187, 0x0187, 0x0187, 0x0187, 0x0187, 0x0187, 0x0187, 0x0187, 
	0x0187, 0x0187, 0x0187, 0x0187, 0x0187, 0x0187, 0x0187, 0x0187, 0x0187, 0x0187, 0x0187, 0x0187, 0x0187, 0x0187, 0x0187, 0x0187, 
	0x0187, 0x0187, 0x0187, 0x0187, 0x0187, 0x0187, 0x0187, 0x0187, 0x0187, 0x0187, 0x0187, 0x0187, 0x0187, 0x0187, 0x0187, 0x0187, 
	0x0187, 0x0187, 0x0187, 0x0187, 0x0187, 0x0187, 0x0187, 0x0187, 0x0187, 0x0187, 0x0187, 0x0187, 0x0187, 0x0187, 0x0187, 0x0187, 
	0x0187, 0x0187, 0x0187, 0x0187, 0x0187, 0x0187, 0x0187, 0x0187, 0x0187, 0x0187, 0x0187, 0x0187, 0x0187, 0x0187, 0x0187, 0x0187, 
	0x0187, 0x0187, 0x0187, 0x0187, 0x0187, 0x0187, 0x0187, 0x0187, 0x0187, 0x0187, 0x0187, 0x0187, 0x0187, 0x0187, 0x0187, 0x0187, 
	0x0187, 0x0187, 0x0187, 0x0187, 0x0187, 0x0187, 0x0187, 0x0187, 0x0187, 0x0187, 0x0187, 0x0187, 0x0187, 0x0187, 0x0187, 0x0187, 
	0x0187, 0x0187, 0x0187, 0x0187, 0x0187, 0x0187, 0x0187, 0x0187, 0x0187, 0x0187, 0x0187, 0x0187, 0x0187, 0x0187, 0x0187, 0x0187, 
	0x0187, 0x0187, 0x0187, 0x0187, 0x0187, 0x0187, 0x0187, 0x0187, 0x0187, 0x0187, 0x0187, 0x0187, 0x0187, 0x0187, 0x0187, 0x0187, 
	0x0187, 0x0187, 0x0187, 0x0187, 0x0187, 0x0187, 0x0187, 0x0187, 0x0187, 0x0187, 0x0187, 0x0187, 0x0187, 0x0187, 0x0187, 0x0187, 
	0x0187, 0x0187, 0x0187, 0x0187, 0x0187, 0x0187, 0x0187, 0x0187, 0x0187, 0x0187, 0x0187, 0x0187, 0x0187, 0x0187, 0x0187, 0x0187, 
	0x0187, 0x0187, 0x0187, 0x0187, 0x0187, 0x0187, 0x0187, 0x0187, 0x0187, 0x0187, 0x0187, 0x0187, 0x0187, 0x0187, 0x0187, 0x0187, 
	0x0187, 0x0187, 0x0187, 0x0187, 0x0187, 0x0187, 0x0187, 0x0187, 0x0187, 0x0187, 0x0187, 0x0187, 0x0187, 0x0187, 0x0187, 0x0187, 
	0x0187, 0x0187, 0x0187, 0x0187, 0x0187, 0x0187, 0x0187, 0x0187, 0x0187, 0x0187, 0x0187, 0x0187, 0x0187, 0x0187, 0x0187, 0x0187, 
	0x0187, 0x0187, 0x0187, 0x0187, 0x0187, 0x0187, 0x0187, 0x0187, 0x0187, 0x0187, 0x0187, 0x0187, 0x0187, 0x0187, 0x0187, 0x0187, 
	0x0187, 0x0187, 0x0187, 0x0187, 0x0187, 0x0187, 0x0187, 0x0187, 0x0187, 0x0187, 0x0187, 0x0187, 0x0187, 0x0187, 0x0187, 0x0187, 
	0x0187, 0x0187, 0x0187, 0x0187, 0x0187, 0x0187, 0x0187, 0x0187, 0x0187, 0x0187, 0x0187, 0x0187, 0x0187, 0x0187, 0x0187, 0x0187, 
	0x0187, 0x0187, 0x0187, 0x0187, 0x0187, 0x0187, 0x0187, 0x0187, 0x0187, 0x0187, 0x0187, 0x0187, 0x0187, 0x0187, 0x0187, 0x0187, 
	0x0187, 0x0187, 0x0187, 0x0187, 0x0187, 0x0187, 0x0187, 0x0187, 0x0187, 0x0187, 0x0187, 0x0187, 0x0187, 0x0187, 0x0187, 0x0187, 
	0x0187, 0x0187, 0x0187, 0x0187, 0x0187, 0x0187, 0x0187, 0x0187, 0x0187, 0x0187, 0x0187, 0x0187, 0x0187, 0x0187, 0x0187, 0x0187, 
	0x0187, 0x0187, 0x0187, 0x0187, 0x0187, 0x0187, 0x0187, 0x0187, 0x0187, 0x0187, 0x0187, 0x0187, 0x0187, 0x0187, 0x0187, 0x0187, 
	0x0187, 0x0187, 0x0187, 0x0187, 0x0187, 0x0187, 0x0187, 0x0187, 0x0187, 0x0187, 0x0187, 0x0187, 0x0187, 0x0187, 0x0187, 0x0187, 
	0x0187, 0x0187, 0x0187, 0x0187, 0x0187, 0x0187, 0x0187, 0x0187, 0x0187, 0x0187, 0x0187, 0x0187, 0x0187, 0x0187, 0x0187, 0x0187, 
	0x0187, 0x0187, 0x0187, 0x0187, 0x0187, 0x0187, 0x0187, 0x0187, 0x0187, 0x0187, 0x0187, 0x0187, 0x0187, 0x0187, 0x0187, 0x0187, 
	0x0187, 0x0187, 0x0187, 0x0187, 0x0187, 0x0187, 0x0187, 0x0187, 0x0187, 0x0187, 0x0187, 0x0187, 0x0187, 0x0187, 0x0187, 0x0187, 
	0x0187, 0x0187, 0x0187, 0x0187, 0x0187, 0x0187, 0x0187, 0x0187, 0x0187, 0x0187, 0x0187, 0x0187, 0x0187, 0x0187, 0x0187, 0x0187, 
	0x0187, 0x0187, 0x0187, 0x0187, 0x0187, 0x0187, 0x0187, 0x0187, 0x0187, 0x0187, 0x0187, 0x0187, 0x0187, 0x0187, 0x0187, 0x0187, 
	0x0187, 0x0187, 0x0187, 0x0187, 0x0187, 0x0187, 0x0187, 0x0187, 0x0187, 0x0187, 0x0187, 0x0187, 0x0187, 0x0187, 0x0187, 0x0187, 
	0x0187, 0x0187, 0x0187, 0x0187, 0x0187, 0x0187, 0x0187, 0x0187, 0x0187, 0x0187, 0x0187, 0x0187, 0x0187, 0x0187, 0x0187, 0x0187, 
	0x0187, 0x0187, 0x0187, 0x0187, 0x0187, 0x0187, 0x0187, 0x0187, 0x0187, 0x0187, 0x0187, 0x0187, 0x0187, 0x0187, 0x0187, 0x0187, 
	0x0187, 0x0187, 0x0187, 0x0187, 0x0187, 0x0187, 0x0187, 0x0187, 0x0187, 0x0187, 0x0187, 0x0187, 0x0187, 0x0187, 0x0187, 0x0187, 
	0x0187, 0x0187, 0x0187, 0x0187, 0x0187, 0x0187, 0x0187, 0x0187, 0x0187, 0x0187, 0x0187, 0x0187, 0x0187, 0x0187, 0x0187, 0x0187, 
	0x0187, 0x0187, 0x0187, 0x0187, 0x0187, 0x0187, 0x0187, 0x0187, 0x0187, 0x0187, 0x0187, 0x0187, 0x0187, 0x0187, 0x0187, 0x0187, 
	0x0187, 0x0187, 0x0187, 0x0187, 0x0187, 0x0187, 0x0187, 0x0187, 0x0187, 0x0187, 0x0187, 0x0187, 0x0187, 0x0187, 0x0187, 0x0187, 
	0x0187, 0x0187, 0x0187, 0x0187, 0x0187, 0x0187, 0x0187, 0x0187, 0x0187, 0x0187, 0x0187, 0x0187, 0x0187, 0x0187, 0x0187, 0x0187, 
	0x0187, 0x0187, 0x0187, 0x0187, 0x0187, 0x0187, 0x0187, 0x0187, 0x0187, 0x0187, 0x0187, 0x0187, 0x0187, 0x0187, 0x0187, 0x0187, 
	0x0187, 0x0187, 0x0187, 0x0187, 0x0187, 0x0187, 0x0187, 0x0187, 0x0187, 0x0187, 0x0187, 0x0187, 0x0187, 0x0187, 0x0187, 0x0187, 
	0x0187, 0x0187, 0x0187, 0x0187, 0x0187, 0x0187, 0x0187, 0x0187, 0x0187, 0x0187, 0x0187, 0x0187, 0x0187, 0x0187, 0x0187, 0x0187, 
	0x0187, 0x0187, 0x0187, 0x0187, 0x0187, 0x0187, 0x0187, 0x0187, 0x0187, 0x0187, 0x0187, 0x0187, 0x0187, 0x0187, 0x0187, 0x0187, 
	0x0187, 0x0187, 0x0187, 0x0187, 0x0187, 0x0187, 0x0187, 0x0187, 0x0187, 0x0187, 0x0187, 0x0187, 0x0187, 0x0187, 0x0187, 0x0187, 
	0x0187, 0x0187, 0x0187, 0x0187, 0x0187, 0x0187, 0x0187, 0x0187, 0x0187, 0x0187, 0x0187, 0x0187, 0x0187, 0x0187, 0x0187, 0x0187, 
	0x0187, 0x0187, 0x0187, 0x0187, 0x0187, 0x0187, 0x0187, 0x0187, 0x0187, 0x0187, 0x0187, 0x0187, 0x0187, 0x0187, 0x0187, 0x0187, 
	0x0187, 0x0187, 0x0187, 0x0187, 0x0187, 0x0187, 0x0187, 0x0187, 0x0187, 0x0187, 0x0187, 0x0187, 0x0187, 0x0187, 0x0187, 0x0187, 
	0x0187, 0x0187, 0x0187, 0x0187, 0x0187, 0x0187, 0x0187, 0x0187, 0x0187, 0x0187, 0x0187, 0x0187, 0x0187, 0x0187, 0x0187, 0x0187, 
	0x0187, 0x0187, 0x0187, 0x0187, 0x0187, 0x0187, 0x0187, 0x0187, 0x0187, 0x0187, 0x0187, 0x0187, 0x0187, 0x0187, 0x0187, 0x0187, 
	0x0187, 0x0187, 0x0187, 0x0187, 0x0187, 0x0187, 0x0187, 0x0187, 0x0187, 0x0187, 0x0187, 0x0187, 0x0187, 0x0187, 0x0187, 0x0187, 
	0x0187, 0x0187, 0x0187, 0x0187, 0x0187, 0x0187, 0x0187, 0x0187, 0x0187, 0x0187, 0x0187, 0x0187, 0x0187, 0x0187, 0x0187, 0x0187, 
	0x0187, 0x0187, 0x0187, 0x0187, 0x0187, 0x0187, 0x0187, 0x0187, 0x0187, 0x0187, 0x0187, 0x0187, 0x0187, 0x0187, 0x0187, 0x0187, 
	0x0187, 0x0187, 0x0187, 0x0187, 0x0187, 0x0187, 0x0187, 0x0187, 0x0187, 0x0187, 0x0187, 0x0187, 0x0187, 0x0187, 0x0187, 0x0187, 
	0x0187, 0x0187, 0x0187, 0x0187, 0x0187, 0x0187, 0x0187, 0x0187, 0x0187, 0x0187, 0x0187, 0x0187, 0x0187, 0x0187, 0x0187, 0x0187, 
	0x0187, 0x0187, 0x0187, 0x0187, 0x0187, 0x0187, 0x0187, 0x0187, 0x0187, 0x0187, 0x0187, 0x0187, 0x0187, 0x0187, 0x0187, 0x0187, 
	0x0187, 0x0187, 0x0187, 0x0187, 0x0187, 0x0187, 0x0187, 0x0187, 0x0187, 0x0187, 0x0187, 0x0187, 0x0187, 0x0187, 0x0187, 0x0187, 
	0x0187, 0x0187, 0x0187, 0x0187, 0x0187, 0x0187, 0x0187, 0x0187, 0x0187, 0x0187, 0x0187, 0x0187, 0x0187, 0x0187, 0x0187, 0x0187, 
	0x0187, 0x0187, 0x0187, 0x0187, 0x0187, 0x0187, 0x0187, 0x0187, 0x0187, 0x0187, 0x0187, 0x0187, 0x0187, 0x0187, 0x0187, 0x0187, 
	0x0187, 0x0187, 0x0187, 0x0187, 0x0187, 0x0187, 0x0187, 0x0187, 0x0187, 0x0187, 0x0187, 0x0187, 0x0187, 0x0187, 0x0187, 0x0187, 
	0x0187, 0x0187, 0x0187, 0x0187, 0x0187, 0x0187, 0x0187, 0x0187, 0x0187, 0x0187, 0x0187, 0x0187, 0x0187, 0x0187, 0x0187, 0x0187, 
	0x0187, 0x0187, 0x0187, 0x0187, 0x0187, 0x0187, 0x0187, 0x0187, 0x0187, 0x0187, 0x0187, 0x0187, 0x0187, 0x0187, 0x0187, 0x0187, 
	0x0187, 0x0187, 0x0187, 0x0187, 0x0187, 0x0187, 0x0187, 0x0187, 0x0187, 0x0187, 0x0187, 0x0187, 0x0187, 0x0187, 0x0187, 0x0187, 
	0x0187, 0x0187, 0x0187, 0x0187, 0x0187, 0x0187, 0x0187, 0x0187, 0x0187, 0x0187, 0x0187, 0x0187, 0x0187, 0x0187, 0x0187, 0x0187, 
	0x0187, 0x0187, 0x0187, 0x0187, 0x0187, 0x0187, 0x0187, 0x0187, 0x0187, 0x0187, 0x0187, 0x0187, 0x0187, 0x0187, 0x0187, 0x0187, 
	0x0187, 0x0187, 0x0187, 0x0187, 0x0187, 0x0187, 0x0187, 0x0187, 0x0187, 0x0187, 0x0187, 0x0187, 0x0187, 0x0187, 0x0187, 0x0187, 
	0x0187, 0x0187, 0x0187, 0x0187, 0x0187, 0x0187, 0x0187, 0x0187, 0x0187, 0x0187, 0x0187, 0x0187, 0x0187, 0x0187, 0x0187, 0x0187, 
	0x0187, 0x0187, 0x0187, 0x0187, 0x0187, 0x0187, 0x0187, 0x0187, 0x0187, 0x0187, 0x0187, 0x0187, 0x0187, 0x0187, 0x0187, 0x0187, 
	0x0187, 0x0187, 0x0187, 0x0187, 0x0187, 0x0187, 0x0187, 0x0187, 0x0187, 0x0187, 0x0187, 0x0187, 0x0187, 0x0187, 0x0187, 0x0187, 
	0x0187, 0x0187, 0x0187, 0x0187, 0x0187, 0x0187, 0x0187, 0x0187, 0x0187, 0x0187, 0x0187, 0x0187, 0x0187, 0x0187, 0x0187, 0x0187, 
	0x0187, 0x0187, 0x0187, 0x0187, 0x0187, 0x0187, 0x0187, 0x0187, 0x0187, 0x0187, 0x0187, 0x0187, 0x0187, 0x0187, 0x0187, 0x0187, 
	0x0187, 0x0187, 0x0187, 0x0187, 0x0187, 0x0187, 0x0187, 0x0187, 0x0187, 0x0187, 0x0187, 0x0187, 0x0187, 0x0187, 0x0187, 0x0187, 
	0x0187, 0x0187, 0x0187, 0x0187, 0x0187, 0x0187, 0x0187, 0x0187, 0x0187, 0x0187, 0x0187, 0x0187, 0x0187, 0x0187, 0x0187, 0x0187, 
	0x0187, 0x0187, 0x0187, 0x0187, 0x0187, 0x0187, 0x0187, 0x0187, 0x0187, 0x0187, 0x0187, 0x0187, 0x0187, 0x0187, 0x0187, 0x0187, 
	0x0187, 0x0187, 0x0187, 0x0187, 0x0187, 0x0187, 0x0187, 0x0187, 0x0187, 0x0187, 0x0187, 0x0187, 0x0187, 0x0187, 0x0187, 0x0187, 
	0x0187, 0x0187, 0x0187, 0x0187, 0x0187, 0x0187, 0x0187, 0x0187, 0x0187, 0x0187, 0x0187, 0x0187, 0x0187, 0x0187, 0x0187, 0x0187, 
	0x0187, 0x0187, 0x0187, 0x0187, 0x0187, 0x0187, 0x0187, 0x0187, 0x0187, 0x0187, 0x0187, 0x0187, 0x0187, 0x0187, 0x0187, 0x0187, 
	0x0187, 0x0187, 0x0187, 0x0187, 0x0187, 0x0187, 0x0187, 0x0187, 0x0187, 0x0187, 0x0187, 0x0187, 0x0187, 0x0187, 0x0187, 0x0187, 
	0x0187, 0x0187, 0x0187, 0x0187, 0x0187, 0x0187, 0x0187, 0x0187, 0x0187, 0x0187, 0x0187, 0x0187, 0x0187, 0x0187, 0x0187, 0x0187, 
	0x0187, 0x0187, 0x0187, 0x0187, 0x0187, 0x0187, 0x0187, 0x0187, 0x0187, 0x0187, 0x0187, 0x0187, 0x0187, 0x0187, 0x0187, 0x0187, 
	0x0187, 0x0187, 0x0187, 0x0187, 0x0187, 0x0187, 0x0187, 0x0187, 0x0187, 0x0187, 0x0187, 0x0187, 0x0187, 0x0187, 0x0187, 0x0187, 
	0x0187, 0x0187, 0x0187, 0x0187, 0x0187, 0x0187, 0x0187, 0x0187, 0x0187, 0x0187, 0x0187, 0x0187, 0x0187, 0x0187, 0x0187, 0x0187, 
	0x0187, 0x0187, 0x0187, 0x0187, 0x0187, 0x0187, 0x0187, 0x0187, 0x0187, 0x0187, 0x0187, 0x0187, 0x0187, 0x0187, 0x0187, 0x0187, 
	0x0187, 0x0187, 0x0187, 0x0187, 0x0187, 0x0187, 0x0187, 0x0187, 0x0187, 0x0187, 0x0187, 0x0187, 0x0187, 0x0187, 0x0187, 0x0187, 
	0x0187, 0x0187, 0x0187, 0x0187, 0x0187, 0x0187, 0x0187, 0x0187, 0x0187, 0x0187, 0x0187, 0x0187, 0x0187, 0x0187, 0x0187, 0x0187, 
	0x0187, 0x0187, 0x0187, 0x0187, 0x0187, 0x0187, 0x0187, 0x0187, 0x0187, 0x0187, 0x0187, 0x0187, 0x0187, 0x0187, 0x0187, 0x0187, 
	0x0187, 0x0187, 0x0187, 0x0187, 0x0187, 0x0187, 0x0187, 0x0187, 0x0187, 0x0187, 0x0187, 0x0187, 0x0187, 0x0187, 0x0187, 0x0187, 
	0x0187, 0x0187, 0x0187, 0x0187, 0x0187, 0x0187, 0x0187, 0x0187, 0x0187, 0x0187, 0x0187, 0x0187, 0x0187, 0x0187, 0x0187, 0x0187, 
	0x0187, 0x0187, 0x0187, 0x0187, 0x0187, 0x0187, 0x0187, 0x0187, 0x0187, 0x0187, 0x0187, 0x0187, 0x0187, 0x0187, 0x0187, 0x0187, 
	0x0187, 0x0187, 0x0187, 0x0187, 0x0187, 0x0187, 0x0187, 0x0187, 0x0187, 0x0187, 0x0187, 0x0187, 0x0187, 0x0187, 0x0187, 0x0187, 
	0x0187, 0x0187, 0x0187, 0x0187, 0x0187, 0x0187, 0x0187, 0x0187, 0x0187, 0x0187, 0x0187, 0x0187, 0x0187, 0x0187, 0x0187, 0x0187, 
	0x0187, 0x0187, 0x0187, 0x0187, 0x0187, 0x0187, 0x0187, 0x0187, 0x0187, 0x0187, 0x0187, 0x0187, 0x0187, 0x0187, 0x0187, 0x0187, 
	0x0187, 0x0187, 0x0187, 0x0187, 0x0187, 0x0187, 0x0187, 0x0187, 0x0187, 0x0187, 0x0187, 0x0187, 0x0187, 0x0187, 0x0187, 0x0187, 
	0x0187, 0x0187, 0x0187, 0x0187, 0x0187, 0x0187, 0x0187, 0x0187, 0x0187, 0x0187, 0x0187, 0x0187, 0x0187, 0x0187, 0x0187, 0x0187, 
	0x0187, 0x0187, 0x0187, 0x0187, 0x0187, 0x0187, 0x0187, 0x0187, 0x0187, 0x0187, 0x0187, 0x0187, 0x0187, 0x0187, 0x0187, 0x0187, 
	0x0187, 0x0187, 0x0187, 0x0187, 0x0187, 0x0187, 0x0187, 0x0187, 0x0187, 0x0187, 0x0187, 0x0187, 0x0187, 0x0187, 0x0187, 0x0187, 
	0x0187, 0x0187, 0x0187, 0x0187, 0x0187, 0x0187, 0x0187, 0x0187, 0x0187, 0x0187, 0x0187, 0x0187, 0x0187, 0x0187, 0x0187, 0x0187, 
	0x0187, 0x0187, 0x0187, 0x0187, 0x0187, 0x0187, 0x0187, 0x0187, 0x0187, 0x0187, 0x0187, 0x0187, 0x0187, 0x0187, 0x0187, 0x0187, 
	0x0187, 0x0187, 0x0187, 0x0187, 0x0187, 0x0187, 0x0187, 0x0187, 0x0187, 0x0187, 0x0187, 0x0187, 0x0187, 0x0187, 0x0187, 0x0187, 
	0x0187, 0x0187, 0x0187, 0x0187, 0x0187, 0x0187, 0x0187, 0x0187, 0x0187, 0x0187, 0x0187, 0x0187, 0x0187, 0x0187, 0x0187, 0x0187, 
	0x0187, 0x0187, 0x0187, 0x0187, 0x0187, 0x0187, 0x0187, 0x0187, 0x0187, 0x0187, 0x0187, 0x0187, 0x0187, 0x0187, 0x0187, 0x0187, 
	0x0187, 0x0187, 0x0187, 0x0187, 0x0187, 0x0187, 0x0187, 0x0187, 0x0187, 0x0187, 0x0187, 0x0187, 0x0187, 0x0187, 0x0187, 0x0187, 
	0x0187, 0x0187, 0x0187, 0x0187, 0x0187, 0x0187, 0x0187, 0x0187, 0x0187, 0x0187, 0x0187, 0x0187, 0x0187, 0x0187, 0x0187, 0x0187, 
	0x0187, 0x0187, 0x0187, 0x0187, 0x0187, 0x0187, 0x0187, 0x0187, 0x0187, 0x0187, 0x0187, 0x0187, 0x0187, 0x0187, 0x0187, 0x0187, 
	0x0187, 0x0187, 0x0187, 0x0187, 0x0187, 0x0187, 0x0187, 0x0187, 0x0187, 0x0187, 0x0187, 0x0187, 0x0187, 0x0187, 0x0187, 0x0187, 
	0x0187, 0x0187, 0x0187, 0x0187, 0x0187, 0x0187, 0x0187, 0x0187, 0x0187, 0x0187, 0x0187, 0x0187, 0x0187, 0x0187, 0x0187, 0x0187, 
	0x0187, 0x0187, 0x0187, 0x0187, 0x0187, 0x0187, 0x0187, 0x0187, 0x0187, 0x0187, 0x0187, 0x0187, 0x0187, 0x0187, 0x0187, 0x0187, 
	0x0187, 0x0187, 0x0187, 0x0187, 0x0187, 0x0187, 0x0187, 0x0187, 0x0187, 0x0187, 0x0187, 0x0187, 0x0187, 0x0187, 0x0187, 0x0187, 
	0x0187, 0x0187, 0x0187, 0x0187, 0x0187, 0x0187, 0x0187, 0x0187, 0x0187, 0x0187, 0x0187, 0x0187, 0x0187, 0x0187, 0x0187, 0x0187, 
	0x0187, 0x0187, 0x0187, 0x0187, 0x0187, 0x0187, 0x0187, 0x0187, 0x0187, 0x0187, 0x0187, 0x0187, 0x0187, 0x0187, 0x0187, 0x0187, 
	0x0187, 0x0187, 0x0187, 0x0187, 0x0187, 0x0187, 0x0187, 0x0187, 0x0187, 0x0187, 0x0187, 0x0187, 0x0187, 0x0187, 0x0187, 0x0187, 
	0x0187, 0x0187, 0x0187, 0x0187, 0x0187, 0x0187, 0x0187, 0x0187, 0x0187, 0x0187, 0x0187, 0x0187, 0x0187, 0x0187, 0x0187, 0x0187, 
	0x0187, 0x0187, 0x0187, 0x0187, 0x0187, 0x0187, 0x0187, 0x0187, 0x0187, 0x0187, 0x0187, 0x0187, 0x0187, 0x0187, 0x0187, 0x0187, 
	0x0187, 0x0187, 0x0187, 0x0187, 0x0187, 0x0187, 0x0187, 0x0187, 0x0187, 0x0187, 0x0187, 0x0187, 0x0187, 0x0187, 0x0187, 0x0187, 
	0x0187, 0x0187, 0x0187, 0x0187, 0x0187, 0x0187, 0x0187, 0x0187, 0x0187, 0x0187, 0x0187, 0x0187, 0x0187, 0x0187, 0x0187, 0x0187, 
	0x0187, 0x0187, 0x0187, 0x0187, 0x0187, 0x0187, 0x0187, 0x0187, 0x0187, 0x0187, 0x0187, 0x0187, 0x0187, 0x0187, 0x0187, 0x0187, 
	0x0187, 0x0187, 0x0187, 0x0187, 0x0187, 0x0187, 0x0187, 0x0187, 0x0187, 0x0187, 0x0187, 0x0187, 0x0187, 0x0187, 0x0187, 0x0187, 
	0x0187, 0x0187, 0x0187, 0x0187, 0x0187, 0x0187, 0x0187, 0x0187, 0x0187, 0x0187, 0x0187, 0x0187, 0x0187, 0x0187, 0x0187, 0x0187, 
	0x0187, 0x0187, 0x0187, 0x0187, 0x0187, 0x0187, 0x0187, 0x0187, 0x0187, 0x0187, 0x0187, 0x0187, 0x0187, 0x0187, 0x0187, 0x0187, 
	0x0187, 0x0187, 0x0187, 0x0187, 0x0187, 0x0187, 0x0187, 0x0187, 0x0187, 0x0187, 0x0187, 0x0187, 0x0187, 0x0187, 0x0187, 0x0187, 
	0x0187, 0x0187, 0x0187, 0x0187, 0x0187, 0x0187, 0x0187, 0x0187, 0x0187, 0x0187, 0x0187, 0x0187, 0x0187, 0x0187, 0x0187, 0x0187, 
	0x0187, 0x0187, 0x0187, 0x0187, 0x0187, 0x0187, 0x0187, 0x0187, 0x0187, 0x0187, 0x0187, 0x0187, 0x0187, 0x0187, 0x0187, 0x0187, 
	0x0187, 0x0187, 0x0187, 0x0187, 0x0187, 0x0187, 0x0187, 0x0187, 0x0187, 0x0187, 0x0187, 0x0187, 0x0187, 0x0187, 0x0187, 0x0187, 
	0x0187, 0x0187, 0x0187, 0x0187, 0x0187, 0x0187, 0x0187, 0x0187, 0x0187, 0x0187, 0x0187, 0x0187, 0x0187, 0x0187, 0x0187, 0x0187, 
	0x0187, 0x0187, 0x0187, 0x0187, 0x0187, 0x0187, 0x0187, 0x0187, 0x0187, 0x0187, 0x0187, 0x0187, 0x0187, 0x0187, 0x0187, 0x0187, 
	0x0187, 0x0187, 0x0187, 0x0187, 0x0187, 0x0187, 0x0187, 0x0187, 0x0187, 0x0187, 0x0187, 0x0187, 0x0187, 0x0187, 0x0187, 0x0187, 
	0x0187, 0x0187, 0x0187, 0x0187, 0x0187, 0x0187, 0x0187, 0x0187, 0x0187, 0x0187, 0x0187, 0x0187, 0x0187, 0x0187, 0x0187, 0x0187, 
	0x0187, 0x0187, 0x0187, 0x0187, 0x0187, 0x0187, 0x0187, 0x0187, 0x0187, 0x0187, 0x0187, 0x0187, 0x0187, 0x0187, 0x0187, 0x0187, 
	0x0187, 0x0187, 0x0187, 0x0187, 0x0187, 0x0187, 0x0187, 0x0187, 0x0187, 0x0187, 0x0187, 0x0187, 0x0187, 0x0187, 0x0187, 0x0187, 
	0x0187, 0x0187, 0x0187, 0x0187, 0x0187, 0x0187, 0x0187, 0x0187, 0x0187, 0x0187, 0x0187, 0x0187, 0x0187, 0x0187, 0x0187, 0x0187, 
	0x0187, 0x0187, 0x0187, 0x0187, 0x0187, 0x0187, 0x0187, 0x0187, 0x0187, 0x0187, 0x0187, 0x0187, 0x0187, 0x0187, 0x0187, 0x0187, 
	0x0187, 0x0187, 0x0187, 0x0187, 0x0187, 0x0187, 0x0187, 0x0187, 0x0187, 0x0187, 0x0187, 0x0187, 0x0187, 0x0187, 0x0187, 0x0187, 
	0x0187, 0x0187, 0x0187, 0x0187, 0x0187, 0x0187, 0x0187, 0x0187, 0x0187, 0x0187, 0x0187, 0x0187, 0x0187, 0x0187, 0x0187, 0x0187, 
	0x0187, 0x0187, 0x0187, 0x0187, 0x0187, 0x0187, 0x0187, 0x0187, 0x0187, 0x0187, 0x0187, 0x0187, 0x0187, 0x0187, 0x0187, 0x0187, 
	0x0187, 0x0187, 0x0187, 0x0187, 0x0187, 0x0187, 0x0187, 0x0187, 0x0187, 0x0187, 0x0187, 0x0187, 0x0187, 0x0187, 0x0187, 0x0187, 
	0x0187, 0x0187, 0x0187, 0x0187, 0x0187, 0x0187, 0x0187, 0x0187, 0x0187, 0x0187, 0x0187, 0x0187, 0x0187, 0x0187, 0x0187, 0x0187, 
	0x0187, 0x0187, 0x0187, 0x0187, 0x0187, 0x0187, 0x0187, 0x0187, 0x0187, 0x0187, 0x0187, 0x0187, 0x0187, 0x0187, 0x0187, 0x0187, 
	0x0187, 0x0187, 0x0187, 0x0187, 0x0187, 0x0187, 0x0187, 0x0187, 0x0187, 0x0187, 0x0187, 0x0187, 0x0187, 0x0187, 0x0187, 0x0187, 
	0x0187, 0x0187, 0x0187, 0x0187, 0x0187, 0x0187, 0x0187, 0x0187, 0x0187, 0x0187, 0x0187, 0x0187, 0x0187, 0x0187, 0x0187, 0x0187, 
	0x0187, 0x0187, 0x0187, 0x0187, 0x0187, 0x0187, 0x0187, 0x0187, 0x0187, 0x0187, 0x0187, 0x0187, 0x0187, 0x0187, 0x0187, 0x0187, 
	0x0187, 0x0187, 0x0187, 0x0187, 0x0187, 0x0187, 0x0187, 0x0187, 0x0187, 0x0187, 0x0187, 0x0187, 0x0187, 0x0187, 0x0187, 0x0187, 
	0x0187, 0x0187, 0x0187, 0x0187, 0x0187, 0x0187, 0x0187, 0x0187, 0x0187, 0x0187, 0x0187, 0x0187, 0x0187, 0x0187, 0x0187, 0x0187, 
	0x0187, 0x0187, 0x0187, 0x0187, 0x0187, 0x0187, 0x0187, 0x0187, 0x0187, 0x0187, 0x0187, 0x0187, 0x0187, 0x0187, 0x0187, 0x0187, 
	0x0187, 0x0187, 0x0187, 0x0187, 0x0187, 0x0187, 0x0187, 0x0187, 0x0187, 0x0187, 0x0187, 0x0187, 0x0187, 0x0187, 0x0187, 0x0187, 
	0x0187, 0x0187, 0x0187, 0x0187, 0x0187, 0x0187, 0x0187, 0x0187, 0x0187, 0x0187, 0x0187, 0x0187, 0x0187, 0x0187, 0x0187, 0x0187, 
	0x0187, 0x0187, 0x0187, 0x0187, 0x0187, 0x0187, 0x0187, 0x0187, 0x0187, 0x0187, 0x0187, 0x0187, 0x0187, 0x0187, 0x0187, 0x0187, 
	0x0187, 0x0187, 0x0187, 0x0187, 0x0187, 0x0187, 0x0187, 0x0187, 0x0187, 0x0187, 0x0187, 0x0187, 0x0187, 0x0187, 0x0187, 0x0187, 
	0x0187, 0x0187, 0x0187, 0x0187, 0x0187, 0x0187, 0x0187, 0x0187, 0x0187, 0x0187, 0x0187, 0x0187, 0x0187, 0x0187, 0x0187, 0x0187, 
	0x0187, 0x0187, 0x0187, 0x0187, 0x0187, 0x0187, 0x0187, 0x0187, 0x0187, 0x0187, 0x0187, 0x0187, 0x0187, 0x0187, 0x0187, 0x0187, 
	0x0187, 0x0187, 0x0187, 0x0187, 0x0187, 0x0187, 0x0187, 0x0187, 0x0187, 0x0187, 0x0187, 0x0187, 0x0187, 0x0187, 0x0187, 0x0187, 
	0x0187, 0x0187, 0x0187, 0x0187, 0x0187, 0x0187, 0x0187, 0x0187, 0x0187, 0x0187, 0x0187, 0x0187, 0x0187, 0x0187, 0x0187, 0x0187, 
	0x0187, 0x0187, 0x0187, 0x0187, 0x0187, 0x0187, 0x0187, 0x0187, 0x0187, 0x0187, 0x0187, 0x0187, 0x0187, 0x0187, 0x0187, 0x0187, 
	0x0187, 0x0187, 0x0187, 0x0187, 0x0187, 0x0187, 0x0187, 0x0187, 0x0187, 0x0187, 0x0187, 0x0187, 0x0187, 0x0187, 0x0187, 0x0187, 
	0x0187, 0x0187, 0x0187, 0x0187, 0x0187, 0x0187, 0x0187, 0x0187, 0x0187, 0x0187, 0x0187, 0x0187, 0x0187, 0x0187, 0x0187, 0x0187, 
	0x0187, 0x0187, 0x0187, 0x0187, 0x0187, 0x0187, 0x0187, 0x0187, 0x0187, 0x0187, 0x0187, 0x0187, 0x0187, 0x0187, 0x0187, 0x0187, 
	0x0187, 0x0187, 0x0187, 0x0187, 0x0187, 0x0187, 0x0187, 0x0187, 0x0187, 0x0187, 0x0187, 0x0187, 0x0187, 0x0187, 0x0187, 0x0187, 
	0x0187, 0x0187, 0x0187, 0x0187, 0x0187, 0x0187, 0x0187, 0x0187, 0x0187, 0x0187, 0x0187, 0x0187, 0x0187, 0x0187, 0x0187, 0x0187, 
	0x0187, 0x0187, 0x0187, 0x0187, 0x0187, 0x0187, 0x0187, 0x0187, 0x0187, 0x0187, 0x0187, 0x0187, 0x0187, 0x0187, 0x0187, 0x0187, 
	0x0187, 0x0187, 0x0187, 0x0187, 0x0187, 0x0187, 0x0187, 0x0187, 0x0187, 0x0187, 0x0187, 0x0187, 0x0187, 0x0187, 0x0187, 0x0187, 
	0x0187, 0x0187, 0x0187, 0x0187, 0x0187, 0x0187, 0x0187, 0x0187, 0x0187, 0x0187, 0x0187, 0x0187, 0x0187, 0x0187, 0x0187, 0x0187, 
	0x0187, 0x0187, 0x0187, 0x0187, 0x0187, 0x0187, 0x0187, 0x0187, 0x0187, 0x0187, 0x0187, 0x0187, 0x0187, 0x0187, 0x0187, 0x0187, 
	0x0187, 0x0187, 0x0187, 0x0187, 0x0187, 0x0187, 0x0187, 0x0187, 0x0187, 0x0187, 0x0187, 0x0187, 0x0187, 0x0187, 0x0187, 0x0187, 
	0x0187, 0x0187, 0x0187, 0x0187, 0x0187, 0x0187, 0x0187, 0x0187, 0x0187, 0x0187, 0x0187, 0x0187, 0x0187, 0x0187, 0x0187, 0x0187, 
	0x0187, 0x0187, 0x0187, 0x0187, 0x0187, 0x0187, 0x0187, 0x0187, 0x0187, 0x0187, 0x0187, 0x0187, 0x0187, 0x0187, 0x0187, 0x0187, 
	0x0187, 0x0187, 0x0187, 0x0187, 0x0187, 0x0187, 0x0187, 0x0187, 0x0187, 0x0187, 0x0187, 0x0187, 0x0187, 0x0187, 0x0187, 0x0187, 
	0x0187, 0x0187, 0x0187, 0x0187, 0x0187, 0x0187, 0x0187, 0x0187, 0x0187, 0x0187, 0x0187, 0x0187, 0x0187, 0x0187, 0x0187, 0x0187, 
	0x0187, 0x0187, 0x0187, 0x0187, 0x0187, 0x0187, 0x0187, 0x0187, 0x0187, 0x0187, 0x0187, 0x0187, 0x0187, 0x0187, 0x0187, 0x0187, 
	0x0187, 0x0187, 0x0187, 0x0187, 0x0187, 0x0187, 0x0187, 0x0187, 0x0187, 0x0187, 0x0187, 0x0187, 0x0187, 0x0187, 0x0187, 0x0187, 
	0x0187, 0x0187, 0x0187, 0x0187, 0x0187, 0x0187, 0x0187, 0x0187, 0x0187, 0x0187, 0x0187, 0x0187, 0x0187, 0x0187, 0x0187, 0x0187, 
	0x0187, 0x0187, 0x0187, 0x0187, 0x0187, 0x0187, 0x0187, 0x0187, 0x0187, 0x0187, 0x0187, 0x0187, 0x0187, 0x0187, 0x0187, 0x0187, 
	0x0187, 0x0187, 0x0187, 0x0187, 0x0187, 0x0187, 0x0187, 0x0187, 0x0187, 0x0187, 0x0187, 0x0187, 0x0187, 0x0187, 0x0187, 0x0187, 
	0x0187, 0x0187, 0x0187, 0x0187, 0x0187, 0x0187, 0x0187, 0x0187, 0x0187, 0x0187, 0x0187, 0x0187, 0x0187, 0x0187, 0x0187, 0x0187, 
	0x0187, 0x0187, 0x0187, 0x0187, 0x0187, 0x0187, 0x0187, 0x0187, 0x0187, 0x0187, 0x0187, 0x0187, 0x0187, 0x0187, 0x0187, 0x0187, 
	0x0187, 0x0187, 0x0187, 0x0187, 0x0187, 0x0187, 0x0187, 0x0187, 0x0187, 0x0187, 0x0187, 0x0187, 0x0187, 0x0187, 0x0187, 0x0187, 
	0x0187, 0x0187, 0x0187, 0x0187, 0x0187, 0x0187, 0x0187, 0x0187, 0x0187, 0x0187, 0x0187, 0x0187, 0x0187, 0x0187, 0x0187, 0x0187, 
	0x0187, 0x0187, 0x0187, 0x0187, 0x0187, 0x0187, 0x0187, 0x0187, 0x0187, 0x0187, 0x0187, 0x0187, 0x0187, 0x0187, 0x0187, 0x0187, 
	0x0187, 0x0187, 0x0187, 0x0187, 0x0187, 0x0187, 0x0187, 0x0187, 0x0187, 0x0187, 0x0187, 0x0187, 0x0187, 0x0187, 0x0187, 0x0187, 
	0x0187, 0x0187, 0x0187, 0x0187, 0x0187, 0x0187, 0x0187, 0x0187, 0x0187, 0x0187, 0x0187, 0x0187, 0x0187, 0x0187, 0x0187, 0x0187, 
	0x0187, 0x0187, 0x0187, 0x0187, 0x0187, 0x0187, 0x0187, 0x0187, 0x0187, 0x0187, 0x0187, 0x0187, 0x0187, 0x0187, 0x0187, 0x0187, 
	0x0187, 0x0187, 0x0187, 0x0187, 0x0187, 0x0187, 0x0187, 0x0187, 0x0187, 0x0187, 0x0187, 0x0187, 0x0187, 0x0187, 0x0187, 0x0187, 
	0x0187, 0x0187, 0x0187, 0x0187, 0x0187, 0x0187, 0x0187, 0x0187, 0x0187, 0x0187, 0x0187, 0x0187, 0x0187, 0x0187, 0x0187, 0x0187, 
	0x0187, 0x0187, 0x0187, 0x0187, 0x0187, 0x0187, 0x0187, 0x0187, 0x0187, 0x0187, 0x0187, 0x0187, 0x0187, 0x0187, 0x0187, 0x0187, 
	0x0187, 0x0187, 0x0187, 0x0187, 0x0187, 0x0187, 0x0187, 0x0187, 0x0187, 0x0187, 0x0187, 0x0187, 0x0187, 0x0187, 0x0187, 0x0187, 
	0x0187, 0x0187, 0x0187, 0x0187, 0x0187, 0x0187, 0x0187, 0x0187, 0x0187, 0x0187, 0x0187, 0x0187, 0x0187, 0x0187, 0x0187, 0x0187, 
	0x0187, 0x0187, 0x0187, 0x0187, 0x0187, 0x0187, 0x0187, 0x0187, 0x0187, 0x0187, 0x0187, 0x0187, 0x0187, 0x0187, 0x0187, 0x0187, 
	0x0187, 0x0187, 0x0187, 0x0187, 0x0187, 0x0187, 0x0187, 0x0187, 0x0187, 0x0187, 0x0187, 0x0187, 0x0187, 0x0187, 0x0187, 0x0187, 
	0x0187, 0x0187, 0x0187, 0x0187, 0x0187, 0x0187, 0x0187, 0x0187, 0x0187, 0x0187, 0x0187, 0x0187, 0x0187, 0x0187, 0x0187, 0x0187, 
	0x0187, 0x0187, 0x0187, 0x0187, 0x0187, 0x0187, 0x0187, 0x0187, 0x0187, 0x0187, 0x0187, 0x0187, 0x0187, 0x0187, 0x0187, 0x0187, 
	0x0187, 0x0187, 0x0187, 0x0187, 0x0187, 0x0187, 0x0187, 0x0187, 0x0187, 0x0187, 0x0187, 0x0187, 0x0187, 0x0187, 0x0187, 0x0187, 
	0x0187, 0x0187, 0x0187, 0x0187, 0x0187, 0x0187, 0x0187, 0x0187, 0x0187, 0x0187, 0x0187, 0x0187, 0x0187, 0x0187, 0x0187, 0x0187, 
	0x0187, 0x0187, 0x0187, 0x0187, 0x0187, 0x0187, 0x0187, 0x0187, 0x0187, 0x0187, 0x0187, 0x0187, 0x0187, 0x0187, 0x0187, 0x0187, 
	0x0187, 0x0187, 0x0187, 0x0187, 0x0187, 0x0187, 0x0187, 0x0187, 0x0187, 0x0187, 0x0187, 0x0187, 0x0187, 0x0187, 0x0187, 0x0187, 
	0x0187, 0x0187, 0x0187, 0x0187, 0x0187, 0x0187, 0x0187, 0x0187, 0x0187, 0x0187, 0x0187, 0x0187, 0x0187, 0x0187, 0x0187, 0x0187, 
	0x0187, 0x0187, 0x0187, 0x0187, 0x0187, 0x0187, 0x0187, 0x0187, 0x0187, 0x0187, 0x0187, 0x0187, 0x0187, 0x0187, 0x0187, 0x0187, 
	0x0187, 0x0187, 0x0187, 0x0187, 0x0187, 0x0187, 0x0187, 0x0187, 0x0187, 0x0187, 0x0187, 0x0187, 0x0187, 0x0187, 0x0187, 0x0187, 
	0x0187, 0x0187, 0x0187, 0x0187, 0x0187, 0x0187, 0x0187, 0x0187, 0x0187, 0x0187, 0x0187, 0x0187, 0x0187, 0x0187, 0x0187, 0x0187, 
	0x0187, 0x0187, 0x0187, 0x0187, 0x0187, 0x0187, 0x0187, 0x0187, 0x0187, 0x0187, 0x0187, 0x0187, 0x0187, 0x0187, 0x0187, 0x0187, 
	0x0187, 0x0187, 0x0187, 0x0187, 0x0187, 0x0187, 0x0187, 0x0187, 0x0187, 0x0187, 0x0187, 0x0187, 0x0187, 0x0187, 0x0187, 0x0187, 
	0x0187, 0x0187, 0x0187, 0x0187, 0x0187, 0x0187, 0x0187, 0x0187, 0x0187, 0x0187, 0x0187, 0x0187, 0x0187, 0x0187, 0x0187, 0x0187, 
	0x0187, 0x0187, 0x0187, 0x0187, 0x0187, 0x0187, 0x0187, 0x0187, 0x0187, 0x0187, 0x0187, 0x0187, 0x0187, 0x0187, 0x0187, 0x0187, 
	0x0187, 0x0187, 0x0187, 0x0187, 0x0187, 0x0187, 0x0187, 0x0187, 0x0187, 0x0187, 0x0187, 0x0187, 0x0187, 0x0187, 0x0187, 0x0187, 
	0x0187, 0x0187, 0x0187, 0x0187, 0x0187, 0x0187, 0x0187, 0x0187, 0x0187, 0x0187, 0x0187, 0x0187, 0x0187, 0x0187, 0x0187, 0x0187, 
	0x0187, 0x0187, 0x0187, 0x0187, 0x0187, 0x0187, 0x0187, 0x0187, 0x0187, 0x0187, 0x0187, 0x0187, 0x0187, 0x0187, 0x0187, 0x0187, 
	0x0187, 0x0187, 0x0187, 0x0187, 0x0187, 0x0187, 0x0187, 0x0187, 0x0187, 0x0187, 0x0187, 0x0187, 0x0187, 0x0187, 0x0187, 0x0187, 
	0x0187, 0x0187, 0x0187, 0x0187, 0x0187, 0x0187, 0x0187, 0x0187, 0x0187, 0x0187, 0x0187, 0x0187, 0x0187, 0x0187, 0x0187, 0x0187, 
	0x0187, 0x0187, 0x0187, 0x0187, 0x0187, 0x0187, 0x0187, 0x0187, 0x0187, 0x0187, 0x0187, 0x0187, 0x0187, 0x0187, 0x0187, 0x0187, 
	0x0187, 0x0187, 0x0187, 0x0187, 0x0187, 0x0187, 0x0187, 0x0187, 0x0187, 0x0187, 0x0187, 0x0187, 0x0187, 0x0187, 0x0187, 0x0187, 
	0x0187, 0x0187, 0x0187, 0x0187, 0x0187, 0x0187, 0x0187, 0x0187, 0x0187, 0x0187, 0x0187, 0x0187, 0x0187, 0x0187, 0x0187, 0x0187, 
	0x0187, 0x0187, 0x0187, 0x0187, 0x0187, 0x0187, 0x0187, 0x0187, 0x0187, 0x0187, 0x0187, 0x0187, 0x0187, 0x0187, 0x0187, 0x0187, 
	0x0187, 0x0187, 0x0187, 0x0187, 0x0187, 0x0187, 0x0187, 0x0187, 0x0187, 0x0187, 0x0187, 0x0187, 0x0187, 0x0187, 0x0187, 0x0187, 
	0x0187, 0x0187, 0x0187, 0x0187, 0x0187, 0x0187, 0x0187, 0x0187, 0x0187, 0x0187, 0x0187, 0x0187, 0x0187, 0x0187, 0x0187, 0x0187, 
	0x0187, 0x0187, 0x0187, 0x0187, 0x0187, 0x0187, 0x0187, 0x0187, 0x0187, 0x0187, 0x0187, 0x0187, 0x0187, 0x0187, 0x0187, 0x0187, 
	0x0187, 0x0187, 0x0187, 0x0187, 0x0187, 0x0187, 0x0187, 0x0187, 0x0187, 0x0187, 0x0187, 0x0187, 0x0187, 0x0187, 0x0187, 0x0187, 
	0x0187, 0x0187, 0x0187, 0x0187, 0x0187, 0x0187, 0x0187, 0x0187, 0x0187, 0x0187, 0x0187, 0x0187, 0x0187, 0x0187, 0x0187, 0x0187, 
	0x0187, 0x0187, 0x0187, 0x0187, 0x0187, 0x0187, 0x0187, 0x0187, 0x0187, 0x0187, 0x0187, 0x0187, 0x0187, 0x0187, 0x0187, 0x0187, 
	0x0187, 0x0187, 0x0187, 0x0187, 0x0187, 0x0187, 0x0187, 0x0187, 0x0187, 0x0187, 0x0187, 0x0187, 0x0187, 0x0187, 0x0187, 0x0187, 
	0x0187, 0x0187, 0x0187, 0x0187, 0x0187, 0x0187, 0x0187, 0x0187, 0x0187, 0x0187, 0x0187, 0x0187, 0x0187, 0x0187, 0x0187, 0x0187, 
	0x0187, 0x0187, 0x0187, 0x0187, 0x0187, 0x0187, 0x0187, 0x0187, 0x0187, 0x0187, 0x0187, 0x0187, 0x0187, 0x0187, 0x0187, 0x0187, 
	0x0187, 0x0187, 0x0187, 0x0187, 0x0187, 0x0187, 0x0187, 0x0187, 0x0187, 0x0187, 0x0187, 0x0187, 0x0187, 0x0187, 0x0187, 0x0187, 
	0x0187, 0x0187, 0x0187, 0x0187, 0x0187, 0x0187, 0x0187, 0x0187, 0x0187, 0x0187, 0x0187, 0x0187, 0x0187, 0x0187, 0x0187, 0x0187, 
	0x0187, 0x0187, 0x0187, 0x0187, 0x0187, 0x0187, 0x0187, 0x0187, 0x0187, 0x0187, 0x0187, 0x0187, 0x0187, 0x0187, 0x0187, 0x0187, 
	0x0187, 0x0187, 0x0187, 0x0187, 0x0187, 0x0187, 0x0187, 0x0187, 0x0187, 0x0187, 0x0187, 0x0187, 0x0187, 0x0187, 0x0187, 0x0187, 
	0x0187, 0x0187, 0x0187, 0x0187, 0x0187, 0x0187, 0x0187, 0x0187, 0x0187, 0x0187, 0x0187, 0x0187, 0x0187, 0x0187, 0x0187, 0x0187, 
	0x0187, 0x0187, 0x0187, 0x0187, 0x0187, 0x0187, 0x0187, 0x0187, 0x0187, 0x0187, 0x0187, 0x0187, 0x0187, 0x0187, 0x0187, 0x0187, 
	0x0187, 0x0187, 0x0187, 0x0187, 0x0187, 0x0187, 0x0187, 0x0187, 0x0187, 0x0187, 0x0187, 0x0187, 0x0187, 0x0187, 0x0187, 0x0187, 
	0x0187, 0x0187, 0x0187, 0x0187, 0x0187, 0x0187, 0x0187, 0x0187, 0x0187, 0x0187, 0x0187, 0x0187, 0x0187, 0x0187, 0x0187, 0x0187, 
	0x0187, 0x0187, 0x0187, 0x0187, 0x0187, 0x0187, 0x0187, 0x0187, 0x0187, 0x0187, 0x0187, 0x0187, 0x0187, 0x0187, 0x0187, 0x0187, 
	0x0187, 0x0187, 0x0187, 0x0187, 0x0187, 0x0187, 0x0187, 0x0187, 0x0187, 0x0187, 0x0187, 0x0187, 0x0187, 0x0187, 0x0187, 0x0187, 
	0x0187, 0x0187, 0x0187, 0x0187, 0x0187, 0x0187, 0x0187, 0x0187, 0x0187, 0x0187, 0x0187, 0x0187, 0x0187, 0x0187, 0x0187, 0x0187, 
	0x0187, 0x0187, 0x0187, 0x0187, 0x0187, 0x0187, 0x0187, 0x0187, 0x0187, 0x0187, 0x0187, 0x0187, 0x0187, 0x0187, 0x0187, 0x0187, 
	0x0187, 0x0187, 0x0187, 0x0187, 0x0187, 0x0187, 0x0187, 0x0187, 0x0187, 0x0187, 0x0187, 0x0187, 0x0187, 0x0187, 0x0187, 0x0187, 
	0x0187, 0x0187, 0x0187, 0x0187, 0x0187, 0x0187, 0x0187, 0x0187, 0x0187, 0x0187, 0x0187, 0x0187, 0x0187, 0x0187, 0x0187, 0x0187, 
	0x0187, 0x0187, 0x0187, 0x0187, 0x0187, 0x0187, 0x0187, 0x0187, 0x0187, 0x0187, 0x0187, 0x0187, 0x0187, 0x0187, 0x0187, 0x0187, 
	0x0187, 0x0187, 0x0187, 0x0187, 0x0187, 0x0187, 0x0187, 0x0187, 0x0187, 0x0187, 0x0187, 0x0187, 0x0187, 0x0187, 0x0187, 0x0187, 
	0x0187, 0x0187, 0x0187, 0x0187, 0x0187, 0x0187, 0x0187, 0x0187, 0x0187, 0x0187, 0x0187, 0x0187, 0x0187, 0x0187, 0x0187, 0x0187, 
	0x0187, 0x0187, 0x0187, 0x0187, 0x0187, 0x0187, 0x0187, 0x0187, 0x0187, 0x0187, 0x0187, 0x0187, 0x0187, 0x0187, 0x0187, 0x0187, 
	0x0187, 0x0187, 0x0187, 0x0187, 0x0187, 0x0187, 0x0187, 0x0187, 0x0187, 0x0187, 0x0187, 0x0187, 0x0187, 0x0187, 0x0187, 0x0187, 
	0x0187, 0x0187, 0x0187, 0x0187, 0x0187, 0x0187, 0x0187, 0x0187, 0x0187, 0x0187, 0x0187, 0x0187, 0x0187, 0x0187, 0x0187, 0x0187, 
	0x0187, 0x0187, 0x0187, 0x0187, 0x0187, 0x0187, 0x0187, 0x0187, 0x0187, 0x0187, 0x0187, 0x0187, 0x0187, 0x0187, 0x0187, 0x0187, 
	0x0187, 0x0187, 0x0187, 0x0187, 0x0187, 0x0187, 0x0187, 0x0187, 0x0187, 0x0187, 0x0187, 0x0187, 0x0187, 0x0187, 0x0187, 0x0187, 
	0x0187, 0x0187, 0x0187, 0x0187, 0x0187, 0x0187, 0x0187, 0x0187, 0x0187, 0x0187, 0x0187, 0x0187, 0x0187, 0x0187, 0x0187, 0x0187, 
	0x0187, 0x0187, 0x0187, 0x0187, 0x0187, 0x0187, 0x0187, 0x0187, 0x0187, 0x0187, 0x0187, 0x0187, 0x0187, 0x0187, 0x0187, 0x0187, 
	0x0187, 0x0187, 0x0187, 0x0187, 0x0187, 0x0187, 0x0187, 0x0187, 0x0187, 0x0187, 0x0187, 0x0187, 0x0187, 0x0187, 0x0187, 0x0187, 
	0x0187, 0x0187, 0x0187, 0x0187, 0x0187, 0x0187, 0x0187, 0x0187, 0x0187, 0x0187, 0x0187, 0x0187, 0x0187, 0x0187, 0x0187, 0x0187, 
	0x0187, 0x0187, 0x0187, 0x0187, 0x0187, 0x0187, 0x0187, 0x0187, 0x0187, 0x0187, 0x0187, 0x0187, 0x0187, 0x0187, 0x0187, 0x0187, 
	0x0187, 0x0187, 0x0187, 0x0187, 0x0187, 0x0187, 0x0187, 0x0187, 0x0187, 0x0187, 0x0187, 0x0187, 0x0187, 0x0187, 0x0187, 0x0187, 
	0x0187, 0x0187, 0x0187, 0x0187, 0x0187, 0x0187, 0x0187, 0x0187, 0x0187, 0x0187, 0x0187, 0x0187, 0x0187, 0x0187, 0x0187, 0x0187, 
	0x0187, 0x0187, 0x0187, 0x0187, 0x0187, 0x0187, 0x0187, 0x0187, 0x0187, 0x0187, 0x0187, 0x0187, 0x0187, 0x0187, 0x0187, 0x0187, 
	0x0187, 0x0187, 0x0187, 0x0187, 0x0187, 0x0187, 0x0187, 0x0187, 0x0187, 0x0187, 0x0187, 0x0187, 0x0187, 0x0187, 0x0187, 0x0187, 
	0x0187, 0x0187, 0x0187, 0x0187, 0x0187, 0x0187, 0x0187, 0x0187, 0x0187, 0x0187, 0x0187, 0x0187, 0x0187, 0x0187, 0x0187, 0x0187, 
	0x0187, 0x0187, 0x0187, 0x0187, 0x0187, 0x0187, 0x0187, 0x0187, 0x0187, 0x0187, 0x0187, 0x0187, 0x0187, 0x0187, 0x0187, 0x0187, 
	0x0187, 0x0187, 0x0187, 0x0187, 0x0187, 0x0187, 0x0187, 0x0187, 0x0187, 0x0187, 0x0187, 0x0187, 0x0187, 0x0187, 0x0187, 0x0187, 
	0x0187, 0x0187, 0x0187, 0x0187, 0x0187, 0x0187, 0x0187, 0x0187, 0x0187, 0x0187, 0x0187, 0x0187, 0x0187, 0x0187, 0x0187, 0x0187, 
	0x0187, 0x0187, 0x0187, 0x0187, 0x0187, 0x0187, 0x0187, 0x0187, 0x0187, 0x0187, 0x0187, 0x0187, 0x0187, 0x0187, 0x0187, 0x0187, 
	0x0187, 0x0187, 0x0187, 0x0187, 0x0187, 0x0187, 0x0187, 0x0187, 0x0187, 0x0187, 0x0187, 0x0187, 0x0187, 0x0187, 0x0187, 0x0187, 
	0x0187, 0x0187, 0x0187, 0x0187, 0x0187, 0x0187, 0x0187, 0x0187, 0x0187, 0x0187, 0x0187, 0x0187, 0x0187, 0x0187, 0x0187, 0x0187, 
	0x0187, 0x0187, 0x0187, 0x0187, 0x0187, 0x0187, 0x0187, 0x0187, 0x0187, 0x0187, 0x0187, 0x0187, 0x0187, 0x0187, 0x0187, 0x0187, 
	0x0187, 0x0187, 0x0187, 0x0187, 0x0187, 0x0187, 0x0187, 0x0187, 0x0187, 0x0187, 0x0187, 0x0187, 0x0187, 0x0187, 0x0187, 0x0187, 
	0x0187, 0x0187, 0x0187, 0x0187, 0x0187, 0x0187, 0x0187, 0x0187, 0x0187, 0x0187, 0x0187, 0x0187, 0x0187, 0x0187, 0x0187, 0x0187, 
	0x0187, 0x0187, 0x0187, 0x0187, 0x0187, 0x0187, 0x0187, 0x0187, 0x0187, 0x0187, 0x0187, 0x0187, 0x0187, 0x0187, 0x0187, 0x0187, 
	0x0187, 0x0187, 0x0187, 0x0187, 0x0187, 0x0187, 0x0187, 0x0187, 0x0187, 0x0187, 0x0187, 0x0187, 0x0187, 0x0187, 0x0187, 0x0187, 
	0x0187, 0x0187, 0x0187, 0x0187, 0x0187, 0x0187, 0x0187, 0x0187, 0x0187, 0x0187, 0x0187, 0x0187, 0x0187, 0x0187, 0x0187, 0x0187, 
	0x0187, 0x0187, 0x0187, 0x0187, 0x0187, 0x0187, 0x0187, 0x0187, 0x0187, 0x0187, 0x0187, 0x0187, 0x0187, 0x0187, 0x0187, 0x0187, 
	0x0187, 0x0187, 0x0187, 0x0187, 0x0187, 0x0187, 0x0187, 0x0187, 0x0187, 0x0187, 0x0187, 0x0187, 0x0187, 0x0187, 0x0187, 0x0187, 
	0x0187, 0x0187, 0x0187, 0x0187, 0x0187, 0x0187, 0x0187, 0x0187, 0x0187, 0x0187, 0x0187, 0x0187, 0x0187, 0x0187, 0x0187, 0x0187, 
	0x0187, 0x0187, 0x0187, 0x0187, 0x0187, 0x0187, 0x0187, 0x0187, 0x0187, 0x0187, 0x0187, 0x0187, 0x0187, 0x0187, 0x0187, 0x0187, 
	0x0187, 0x0187, 0x0187, 0x0187, 0x0187, 0x0187, 0x0187, 0x0187, 0x0187, 0x0187, 0x0187, 0x0187, 0x0187, 0x0187, 0x0187, 0x0187, 
	0x0187, 0x0187, 0x0187, 0x0187, 0x0187, 0x0187, 0x0187, 0x0187, 0x0187, 0x0187, 0x0187, 0x0187, 0x0187, 0x0187, 0x0187, 0x0187, 
	0x0187, 0x0187, 0x0187, 0x0187, 0x0187, 0x0187, 0x0187, 0x0187, 0x0187, 0x0187, 0x0187, 0x0187, 0x0187, 0x0187, 0x0187, 0x0187, 
	0x0187, 0x0187, 0x0187, 0x0187, 0x0187, 0x0187, 0x0187, 0x0187, 0x0187, 0x0187, 0x0187, 0x0187, 0x0187, 0x0187, 0x0187, 0x0187, 
	0x0187, 0x0187, 0x0187, 0x0187, 0x0187, 0x0187, 0x0187, 0x0187, 0x0187, 0x0187, 0x0187, 0x0187, 0x0187, 0x0187, 0x0187, 0x0187, 
	0x0187, 0x0187, 0x0187, 0x0187, 0x0187, 0x0187, 0x0187, 0x0187, 0x0187, 0x0187, 0x0187, 0x0187, 0x0187, 0x0187, 0x0187, 0x0187, 
	0x0187, 0x0187, 0x0187, 0x0187, 0x0187, 0x0187, 0x0187, 0x0187, 0x0187, 0x0187, 0x0187, 0x0187, 0x0187, 0x0187, 0x0187, 0x0187, 
	0x0187, 0x0187, 0x0187, 0x0187, 0x0187, 0x0187, 0x0187, 0x0187, 0x0187, 0x0187, 0x0187, 0x0187, 0x0187, 0x0187, 0x0187, 0x0187, 
	0x0187, 0x0187, 0x0187, 0x0187, 0x0187, 0x0187, 0x0187, 0x0187, 0x0187, 0x0187, 0x0187, 0x0187, 0x0187, 0x0187, 0x0187, 0x0187, 
	0x0187, 0x0187, 0x0187, 0x0187, 0x0187, 0x0187, 0x0187, 0x0187, 0x0187, 0x0187, 0x0187, 0x0187, 0x0187, 0x0187, 0x0187, 0x0187, 
	0x0187, 0x0187, 0x0187, 0x0187, 0x0187, 0x0187, 0x0187, 0x0187, 0x0187, 0x0187, 0x0187, 0x0187, 0x0187, 0x0187, 0x0187, 0x0187, 
	0x0187, 0x0187, 0x0187, 0x0187, 0x0187, 0x0187, 0x0187, 0x0187, 0x0187, 0x0187, 0x0187, 0x0187, 0x0187, 0x0187, 0x0187, 0x0187, 
	0x0187, 0x0187, 0x0187, 0x0187, 0x0187, 0x0187, 0x0187, 0x0187, 0x0187, 0x0187, 0x0187, 0x0187, 0x0187, 0x0187, 0x0187, 0x0187, 
	0x0187, 0x0187, 0x0187, 0x0187, 0x0187, 0x0187, 0x0187, 0x0187, 0x0187, 0x0187, 0x0187, 0x0187, 0x0187, 0x0187, 0x0187, 0x0187, 
	0x0187, 0x0187, 0x0187, 0x0187, 0x0187, 0x0187, 0x0187, 0x0187, 0x0187, 0x0187, 0x0187, 0x0187, 0x0187, 0x0187, 0x0187, 0x0187, 
	0x0187, 0x0187, 0x0187, 0x0187, 0x0187, 0x0187, 0x0187, 0x0187, 0x0187, 0x0187, 0x0187, 0x0187, 0x0187, 0x0187, 0x0187, 0x0187, 
	0x0187, 0x0187, 0x0187, 0x0187, 0x0187, 0x0187, 0x0187, 0x0187, 0x0187, 0x0187, 0x0187, 0x0187, 0x0187, 0x0187, 0x0187, 0x0187, 
	0x0187, 0x0187, 0x0187, 0x0187, 0x0187, 0x0187, 0x0187, 0x0187, 0x0187, 0x0187, 0x0187, 0x0187, 0x0187, 0x0187, 0x0187, 0x0187, 
	0x0187, 0x0187, 0x0187, 0x0187, 0x0187, 0x0187, 0x0187, 0x0187, 0x0187, 0x0187, 0x0187, 0x0187, 0x0187, 0x0187, 0x0187, 0x0187, 
	0x0187, 0x0187, 0x0187, 0x0187, 0x0187, 0x0187, 0x0187, 0x0187, 0x0187, 0x0187, 0x0187, 0x0187, 0x0187, 0x0187, 0x0187, 0x0187, 
	0x0187, 0x0187, 0x0187, 0x0187, 0x0187, 0x0187, 0x0187, 0x0187, 0x0187, 0x0187, 0x0187, 0x0187, 0x0187, 0x0187, 0x0187, 0x0187, 
	0x0187, 0x0187, 0x0187, 0x0187, 0x0187, 0x0187, 0x0187, 0x0187, 0x0187, 0x0187, 0x0187, 0x0187, 0x0187, 0x0187, 0x0187, 0x0187, 
	0x0187, 0x0187, 0x0187, 0x0187, 0x0187, 0x0187, 0x0187, 0x0187, 0x0187, 0x0187, 0x0187, 0x0187, 0x0187, 0x0187, 0x0187, 0x0187, 
	0x0187, 0x0187, 0x0187, 0x0187, 0x0187, 0x0187, 0x0187, 0x0187, 0x0187, 0x0187, 0x0187, 0x0187, 0x0187, 0x0187, 0x0187, 0x0187, 
	0x0187, 0x0187, 0x0187, 0x0187, 0x0187, 0x0187, 0x0187, 0x0187, 0x0187, 0x0187, 0x0187, 0x0187, 0x0187, 0x0187, 0x0187, 0x0187, 
	0x0187, 0x0187, 0x0187, 0x0187, 0x0187, 0x0187, 0x0187, 0x0187, 0x0187, 0x0187, 0x0187, 0x0187, 0x0187, 0x0187, 0x0187, 0x0187, 
	0x0187, 0x0187, 0x0187, 0x0187, 0x0187, 0x0187, 0x0187, 0x0187, 0x0187, 0x0187, 0x0187, 0x0187, 0x0187, 0x0187, 0x0187, 0x0187, 
	0x0187, 0x0187, 0x0187, 0x0187, 0x0187, 0x0187, 0x0187, 0x0187, 0x0187, 0x0187, 0x0187, 0x0187, 0x0187, 0x0187, 0x0187, 0x0187, 
	0x0187, 0x0187, 0x0187, 0x0187, 0x0187, 0x0187, 0x0187, 0x0187, 0x0187, 0x0187, 0x0187, 0x0187, 0x0187, 0x0187, 0x0187, 0x0187, 
	0x0187, 0x0187, 0x0187, 0x0187, 0x0187, 0x0187, 0x0187, 0x0187, 0x0187, 0x0187, 0x0187, 0x0187, 0x0187, 0x0187, 0x0187, 0x0187, 
	0x0187, 0x0187, 0x0187, 0x0187, 0x0187, 0x0187, 0x0187, 0x0187, 0x0187, 0x0187, 0x0187, 0x0187, 0x0187, 0x0187, 0x0187, 0x0187, 
	0x0187, 0x0187, 0x0187, 0x0187, 0x0187, 0x0187, 0x0187, 0x0187, 0x0187, 0x0187, 0x0187, 0x0187, 0x0187, 0x0187, 0x0187, 0x0187, 
	0x0187, 0x0187, 0x0187, 0x0187, 0x0187, 0x0187, 0x0187, 0x0187, 0x0187, 0x0187, 0x0187, 0x0187, 0x0187, 0x0187, 0x0187, 0x0187, 
	0x0187, 0x0187, 0x0187, 0x0187, 0x0187, 0x0187, 0x0187, 0x0187, 0x0187, 0x0187, 0x0187, 0x0187, 0x0187, 0x0187, 0x0187, 0x0187, 
	0x0187, 0x0187, 0x0187, 0x0187, 0x0187, 0x0187, 0x0187, 0x0187, 0x0187, 0x0187, 0x0187, 0x0187, 0x0187, 0x0187, 0x0187, 0x0187, 
	0x0187, 0x0187, 0x0187, 0x0187, 0x0187, 0x0187, 0x0187, 0x0187, 0x0187, 0x0187, 0x0187, 0x0187, 0x0187, 0x0187, 0x0187, 0x0187, 
	0x0187, 0x0187, 0x0187, 0x0187, 0x0187, 0x0187, 0x0187, 0x0187, 0x0187, 0x0187, 0x0187, 0x0187, 0x0187, 0x0187, 0x0187, 0x0187, 
	0x0187, 0x0187, 0x0187, 0x0187, 0x0187, 0x0187, 0x0187, 0x0187, 0x0187, 0x0187, 0x0187, 0x0187, 0x0187, 0x0187, 0x0187, 0x0187, 
	0x0187, 0x0187, 0x0187, 0x0187, 0x0187, 0x0187, 0x0187, 0x0187, 0x0187, 0x0187, 0x0187, 0x0187, 0x0187, 0x0187, 0x0187, 0x0187, 
	0x0187, 0x0187, 0x0187, 0x0187, 0x0187, 0x0187, 0x0187, 0x0187, 0x0187, 0x0187, 0x0187, 0x0187, 0x0187, 0x0187, 0x0187, 0x0187, 
	0x0187, 0x0187, 0x0187, 0x0187, 0x0187, 0x0187, 0x0187, 0x0187, 0x0187, 0x0187, 0x0187, 0x0187, 0x0187, 0x0187, 0x0187, 0x0187, 
	0x0187, 0x0187, 0x0187, 0x0187, 0x0187, 0x0187, 0x0187, 0x0187, 0x0187, 0x0187, 0x0187, 0x0187, 0x0187, 0x0187, 0x0187, 0x0187, 
	0x0187, 0x0187, 0x0187, 0x0187, 0x0187, 0x0187, 0x0187, 0x0187, 0x0187, 0x0187, 0x0187, 0x0187, 0x0187, 0x0187, 0x0187, 0x0187, 
	0x0187, 0x0187, 0x0187, 0x0187, 0x0187, 0x0187, 0x0187, 0x0187, 0x0187, 0x0187, 0x0187, 0x0187, 0x0187, 0x0187, 0x0187, 0x0187, 
	0x0187, 0x0187, 0x0187, 0x0187, 0x0187, 0x0187, 0x0187, 0x0187, 0x0187, 0x0187, 0x0187, 0x0187, 0x0187, 0x0187, 0x0187, 0x0187, 
	0x0187, 0x0187, 0x0187, 0x0187, 0x0187, 0x0187, 0x0187, 0x0187, 0x0187, 0x0187, 0x0187, 0x0187, 0x0187, 0x0187, 0x0187, 0x0187, 
	0x0187, 0x0187, 0x0187, 0x0187, 0x0187, 0x0187, 0x0187, 0x0187, 0x0187, 0x0187, 0x0187, 0x0187, 0x0187, 0x0187, 0x0187, 0x0187, 
	0x0187, 0x0187, 0x0187, 0x0187, 0x0187, 0x0187, 0x0187, 0x0187, 0x0187, 0x0187, 0x0187, 0x0187, 0x0187, 0x0187, 0x0187, 0x0187, 
	0x0187, 0x0187, 0x0187, 0x0187, 0x0187, 0x0187, 0x0187, 0x0187, 0x0187, 0x0187, 0x0187, 0x0187, 0x0187, 0x0187, 0x0187, 0x0187, 
	0x0187, 0x0187, 0x0187, 0x0187, 0x0187, 0x0187, 0x0187, 0x0187, 0x0187, 0x0187, 0x0187, 0x0187, 0x0187, 0x0187, 0x0187, 0x0187, 
	0x0187, 0x0187, 0x0187, 0x0187, 0x0187, 0x0187, 0x0187, 0x0187, 0x0187, 0x0187, 0x0187, 0x0187, 0x0187, 0x0187, 0x0187, 0x0187, 
	0x0187, 0x0187, 0x0187, 0x0187, 0x0187, 0x0187, 0x0187, 0x0187, 0x0187, 0x0187, 0x0187, 0x0187, 0x0187, 0x0187, 0x0187, 0x0187, 
	0x0187, 0x0187, 0x0187, 0x0187, 0x0187, 0x0187, 0x0187, 0x0187, 0x0187, 0x0187, 0x0187, 0x0187, 0x0187, 0x0187, 0x0187, 0x0187, 
	0x0187, 0x0187, 0x0187, 0x0187, 0x0187, 0x0187, 0x0187, 0x0187, 0x0187, 0x0187, 0x0187, 0x0187, 0x0187, 0x0187, 0x0187, 0x0187, 
	0x0187, 0x0187, 0x0187, 0x0187, 0x0187, 0x0187, 0x0187, 0x0187, 0x0187, 0x0187, 0x0187, 0x0187, 0x0187, 0x0187, 0x0187, 0x0187, 
	0x0187, 0x0187, 0x0187, 0x0187, 0x0187, 0x0187, 0x0187, 0x0187, 0x0187, 0x0187, 0x0187, 0x0187, 0x0187, 0x0187, 0x0187, 0x0187, 
	0x0187, 0x0187, 0x0187, 0x0187, 0x0187, 0x0187, 0x0187, 0x0187, 0x0187, 0x0187, 0x0187, 0x0187, 0x0187, 0x0187, 0x0187, 0x0187, 
	0x0187, 0x0187, 0x0187, 0x0187, 0x0187, 0x0187, 0x0187, 0x0187, 0x0187, 0x0187, 0x0187, 0x0187, 0x0187, 0x0187, 0x0187, 0x0187, 
	0x0187, 0x0187, 0x0187, 0x0187, 0x0187, 0x0187, 0x0187, 0x0187, 0x0187, 0x0187, 0x0187, 0x0187, 0x0187, 0x0187, 0x0187, 0x0187, 
	0x0187, 0x0187, 0x0187, 0x0187, 0x0187, 0x0187, 0x0187, 0x0187, 0x0187, 0x0187, 0x0187, 0x0187, 0x0187, 0x0187, 0x0187, 0x0187, 
	0x0187, 0x0187, 0x0187, 0x0187, 0x0187, 0x0187, 0x0187, 0x0187, 0x0187, 0x0187, 0x0187, 0x0187, 0x0187, 0x0187, 0x0187, 0x0187, 
	0x0187, 0x0187, 0x0187, 0x0187, 0x0187, 0x0187, 0x0187, 0x0187, 0x0187, 0x0187, 0x0187, 0x0187, 0x0187, 0x0187, 0x0187, 0x0187, 
	0x0187, 0x0187, 0x0187, 0x0187, 0x0187, 0x0187, 0x0187, 0x0187, 0x0187, 0x0187, 0x0187, 0x0187, 0x0187, 0x0187, 0x0187, 0x0187, 
	0x0187, 0x0187, 0x0187, 0x0187, 0x0187, 0x0187, 0x0187, 0x0187, 0x0187, 0x0187, 0x0187, 0x0187, 0x0187, 0x0187, 0x0187, 0x0187, 
	0x0187, 0x0187, 0x0187, 0x0187, 0x0187, 0x0187, 0x0187, 0x0187, 0x0187, 0x0187, 0x0187, 0x0187, 0x0187, 0x0187, 0x0187, 0x0187, 
	0x0187, 0x0187, 0x0187, 0x0187, 0x0187, 0x0187, 0x0187, 0x0187, 0x0187, 0x0187, 0x0187, 0x0187, 0x0187, 0x0187, 0x0187, 0x0187, 
	0x0187, 0x0187, 0x0187, 0x0187, 0x0187, 0x0187, 0x0187, 0x0187, 0x0187, 0x0187, 0x0187, 0x0187, 0x0187, 0x0187, 0x0187, 0x0187, 
	0x0187, 0x0187, 0x0187, 0x0187, 0x0187, 0x0187, 0x0187, 0x0187, 0x0187, 0x0187, 0x0187, 0x0187, 0x0187, 0x0187, 0x0187, 0x0187, 
	0x0187, 0x0187, 0x0187, 0x0187, 0x0187, 0x0187, 0x0187, 0x0187, 0x0187, 0x0187, 0x0187, 0x0187, 0x0187, 0x0187, 0x0187, 0x0187, 
	0x0187, 0x0187, 0x0187, 0x0187, 0x0187, 0x0187, 0x0187, 0x0187, 0x0187, 0x0187, 0x0187, 0x0187, 0x0187, 0x0187, 0x0187, 0x0187, 
	0x0187, 0x0187, 0x0187, 0x0187, 0x0187, 0x0187, 0x0187, 0x0187, 0x0187, 0x0187, 0x0187, 0x0187, 0x0187, 0x0187, 0x0187, 0x0187, 
	0x0187, 0x0187, 0x0187, 0x0187, 0x0187, 0x0187, 0x0187, 0x0187, 0x0187, 0x0187, 0x0187, 0x0187, 0x0187, 0x0187, 0x0187, 0x0187, 
	0x0187, 0x0187, 0x0187, 0x0187, 0x0187, 0x0187, 0x0187, 0x0187, 0x0187, 0x0187, 0x0187, 0x0187, 0x0187, 0x0187, 0x0187, 0x0187, 
	0x0187, 0x0187, 0x0187, 0x0187, 0x0187, 0x0187, 0x0187, 0x0187, 0x0187, 0x0187, 0x0187, 0x0187, 0x0187, 0x0187, 0x0187, 0x0187, 
	0x0187, 0x0187, 0x0187, 0x0187, 0x0187, 0x0187, 0x0187, 0x0187, 0x0187, 0x0187, 0x0187, 0x0187, 0x0187, 0x0187, 0x0187, 0x0187, 
	0x0187, 0x0187, 0x0187, 0x0187, 0x0187, 0x0187, 0x0187, 0x0187, 0x0187, 0x0187, 0x0187, 0x0187, 0x0187, 0x0187, 0x0187, 0x0187, 
	0x0187, 0x0187, 0x0187, 0x0187, 0x0187, 0x0187, 0x0187, 0x0187, 0x0187, 0x0187, 0x0187, 0x0187, 0x0187, 0x0187, 0x0187, 0x0187, 
	0x0187, 0x0187, 0x0187, 0x0187, 0x0187, 0x0187, 0x0187, 0x0187, 0x0187, 0x0187, 0x0187, 0x0187, 0x0187, 0x0187, 0x0187, 0x0187, 
	0x0187, 0x0187, 0x0187, 0x0187, 0x0187, 0x0187, 0x0187, 0x0187, 0x0187, 0x0187, 0x0187, 0x0187, 0x0187, 0x0187, 0x0187, 0x0187, 
	0x0187, 0x0187, 0x0187, 0x0187, 0x0187, 0x0187, 0x0187, 0x0187, 0x0187, 0x0187, 0x0187, 0x0187, 0x0187, 0x0187, 0x0187, 0x0187, 
	0x0187, 0x0187, 0x0187, 0x0187, 0x0187, 0x0187, 0x0187, 0x0187, 0x0187, 0x0187, 0x0187, 0x0187, 0x0187, 0x0187, 0x0187, 0x0187, 
	0x0187, 0x0187, 0x0187, 0x0187, 0x0187, 0x0187, 0x0187, 0x0187, 0x0187, 0x0187, 0x0187, 0x0187, 0x0187, 0x0187, 0x0187, 0x0187, 
	0x0187, 0x0187, 0x0187, 0x0187, 0x0187, 0x0187, 0x0187, 0x0187, 0x0187, 0x0187, 0x0187, 0x0187, 0x0187, 0x0187, 0x0187, 0x0187, 
	0x0187, 0x0187, 0x0187, 0x0187, 0x0187, 0x0187, 0x0187, 0x0187, 0x0187, 0x0187, 0x0187, 0x0187, 0x0187, 0x0187, 0x0187, 0x0187, 
	0x0187, 0x0187, 0x0187, 0x0187, 0x0187, 0x0187, 0x0187, 0x0187, 0x0187, 0x0187, 0x0187, 0x0187, 0x0187, 0x0187, 0x0187, 0x0187, 
	0x0187, 0x0187, 0x0187, 0x0187, 0x0187, 0x0187, 0x0187, 0x0187, 0x0187, 0x0187, 0x0187, 0x0187, 0x0187, 0x0187, 0x0187, 0x0187, 
	0x0187, 0x0187, 0x0187, 0x0187, 0x0187, 0x0187, 0x0187, 0x0187, 0x0187, 0x0187, 0x0187, 0x0187, 0x0187, 0x0187, 0x0187, 0x0187, 
	0x0187, 0x0187, 0x0187, 0x0187, 0x0187, 0x0187, 0x0187, 0x0187, 0x0187, 0x0187, 0x0187, 0x0187, 0x0187, 0x0187, 0x0187, 0x0187, 
	0x0187, 0x0187, 0x0187, 0x0187, 0x0187, 0x0187, 0x0187, 0x0187, 0x0187, 0x0187, 0x0187, 0x0187, 0x0187, 0x0187, 0x0187, 0x0187, 
	0x0187, 0x0187, 0x0187, 0x0187, 0x0187, 0x0187, 0x0187, 0x0187, 0x0187, 0x0187, 0x0187, 0x0187, 0x0187, 0x0187, 0x0187, 0x0187, 
	0x0187, 0x0187, 0x0187, 0x0187, 0x0187, 0x0187, 0x0187, 0x0187, 0x0187, 0x0187, 0x0187, 0x0187, 0x0187, 0x0187, 0x0187, 0x0187, 
	0x0187, 0x0187, 0x0187, 0x0187, 0x0187, 0x0187, 0x0187, 0x0187, 0x0187, 0x0187, 0x0187, 0x0187, 0x0187, 0x0187, 0x0187, 0x0187, 
	0x0187, 0x0187, 0x0187, 0x0187, 0x0187, 0x0187, 0x0187, 0x0187, 0x0187, 0x0187, 0x0187, 0x0187, 0x0187, 0x0187, 0x0187, 0x0187, 
	0x0187, 0x0187, 0x0187, 0x0187, 0x0187, 0x0187, 0x0187, 0x0187, 0x0187, 0x0187, 0x0187, 0x0187, 0x0187, 0x0187, 0x0187, 0x0187, 
	0x0187, 0x0187, 0x0187, 0x0187, 0x0187, 0x0187, 0x0187, 0x0187, 0x0187, 0x0187, 0x0187, 0x0187, 0x0187, 0x0187, 0x0187, 0x0187, 
	0x0187, 0x0187, 0x0187, 0x0187, 0x0187, 0x0187, 0x0187, 0x0187, 0x0187, 0x0187, 0x0187, 0x0187, 0x0187, 0x0187, 0x0187, 0x0187, 
	0x0187, 0x0187, 0x0187, 0x0187, 0x0187, 0x0187, 0x0187, 0x0187, 0x0187, 0x0187, 0x0187, 0x0187, 0x0187, 0x0187, 0x0187, 0x0187, 
	0x0187, 0x0187, 0x0187, 0x0187, 0x0187, 0x0187, 0x0187, 0x0187, 0x0187, 0x0187, 0x0187, 0x0187, 0x0187, 0x0187, 0x0187, 0x0187, 
	0x0187, 0x0187, 0x0187, 0x0187, 0x0187, 0x0187, 0x0187, 0x0187, 0x0187, 0x0187, 0x0187, 0x0187, 0x0187, 0x0187, 0x0187, 0x0187, 
	0x0187, 0x0187, 0x0187, 0x0187, 0x0187, 0x0187, 0x0187, 0x0187, 0x0187, 0x0187, 0x0187, 0x0187, 0x0187, 0x0187, 0x0187, 0x0187, 
	0x0187, 0x0187, 0x0187, 0x0187, 0x0187, 0x0187, 0x0187, 0x0187, 0x0187, 0x0187, 0x0187, 0x0187, 0x0187, 0x0187, 0x0187, 0x0187, 
	0x0187, 0x0187, 0x0187, 0x0187, 0x0187, 0x0187, 0x0187, 0x0187, 0x0187, 0x0187, 0x0187, 0x0187, 0x0187, 0x0187, 0x0187, 0x0187, 
	0x0187, 0x0187, 0x0187, 0x0187, 0x0187, 0x0187, 0x0187, 0x0187, 0x0187, 0x0187, 0x0187, 0x0187, 0x0187, 0x0187, 0x0187, 0x0187, 
	0x0187, 0x0187, 0x0187, 0x0187, 0x0187, 0x0187, 0x0187, 0x0187, 0x0187, 0x0187, 0x0187, 0x0187, 0x0187, 0x0187, 0x0187, 0x0187, 
	0x0187, 0x0187, 0x0187, 0x0187, 0x0187, 0x0187, 0x0187, 0x0187, 0x0187, 0x0187, 0x0187, 0x0187, 0x0187, 0x0187, 0x0187, 0x0187, 
	0x0187, 0x0187, 0x0187, 0x0187, 0x0187, 0x0187, 0x0187, 0x0187, 0x0187, 0x0187, 0x0187, 0x0187, 0x0187, 0x0187, 0x0187, 0x0187, 
	0x0187, 0x0187, 0x0187, 0x0187, 0x0187, 0x0187, 0x0187, 0x0187, 0x0187, 0x0187, 0x0187, 0x0187, 0x0187, 0x0187, 0x0187, 0x0187, 
	0x0187, 0x0187, 0x0187, 0x0187, 0x0187, 0x0187, 0x0187, 0x0187, 0x0187, 0x0187, 0x0187, 0x0187, 0x0187, 0x0187, 0x0187, 0x0187, 
	0x0187, 0x0187, 0x0187, 0x0187, 0x0187, 0x0187, 0x0187, 0x0187, 0x0187, 0x0187, 0x0187, 0x0187, 0x0187, 0x0187, 0x0187, 0x0187, 
	0x0187, 0x0187, 0x0187, 0x0187, 0x0187, 0x0187, 0x0187, 0x0187, 0x0187, 0x0187, 0x0187, 0x0187, 0x0187, 0x0187, 0x0187, 0x0187, 
	0x0187, 0x0187, 0x0187, 0x0187, 0x0187, 0x0187, 0x0187, 0x0187, 0x0187, 0x0187, 0x0187, 0x0187, 0x0187, 0x0187, 0x0187, 0x0187, 
	0x0187, 0x0187, 0x0187, 0x0187, 0x0187, 0x0187, 0x0187, 0x0187, 0x0187, 0x0187, 0x0187, 0x0187, 0x0187, 0x0187, 0x0187, 0x0187, 
	0x0187, 0x0187, 0x0187, 0x0187, 0x0187, 0x0187, 0x0187, 0x0187, 0x0187, 0x0187, 0x0187, 0x0187, 0x0187, 0x0187, 0x0187, 0x0187, 
	0x0187, 0x0187, 0x0187, 0x0187, 0x0187, 0x0187, 0x0187, 0x0187, 0x0187, 0x0187, 0x0187, 0x0187, 0x0187, 0x0187, 0x0187, 0x0187, 
	0x0187, 0x0187, 0x0187, 0x0187, 0x0187, 0x0187, 0x0187, 0x0187, 0x0187, 0x0187, 0x0187, 0x0187, 0x0187, 0x0187, 0x0187, 0x0187, 
	0x0187, 0x0187, 0x0187, 0x0187, 0x0187, 0x0187, 0x0187, 0x0187, 0x0187, 0x0187, 0x0187, 0x0187, 0x0187, 0x0187, 0x0187, 0x0187, 
	0x0187, 0x0187, 0x0187, 0x0187, 0x0187, 0x0187, 0x0187, 0x0187, 0x0187, 0x0187, 0x0187, 0x0187, 0x0187, 0x0187, 0x0187, 0x0187, 
	0x0187, 0x0187, 0x0187, 0x0187, 0x0187, 0x0187, 0x0187, 0x0187, 0x0187, 0x0187, 0x0187, 0x0187, 0x0187, 0x0187, 0x0187, 0x0187, 
	0x0187, 0x0187, 0x0187, 0x0187, 0x0187, 0x0187, 0x0187, 0x0187, 0x0187, 0x0187, 0x0187, 0x0187, 0x0187, 0x0187, 0x0187, 0x0187, 
	0x0187, 0x0187, 0x0187, 0x0187, 0x0187, 0x0187, 0x0187, 0x0187, 0x0187, 0x0187, 0x0187, 0x0187, 0x0187, 0x0187, 0x0187, 0x0187, 
	0x0187, 0x0187, 0x0187, 0x0187, 0x0187, 0x0187, 0x0187, 0x0187, 0x0187, 0x0187, 0x0187, 0x0187, 0x0187, 0x0187, 0x0187, 0x0187, 
	0x0187, 0x0187, 0x0187, 0x0187, 0x0187, 0x0187, 0x0187, 0x0187, 0x0187, 0x0187, 0x0187, 0x0187, 0x0187, 0x0187, 0x0187, 0x0187, 
	0x0187, 0x0187, 0x0187, 0x0187, 0x0187, 0x0187, 0x0187, 0x0187, 0x0187, 0x0187, 0x0187, 0x0187, 0x0187, 0x0187, 0x0187, 0x0187, 
	0x0187, 0x0187, 0x0187, 0x0187, 0x0187, 0x0187, 0x0187, 0x0187, 0x0187, 0x0187, 0x0187, 0x0187, 0x0187, 0x0187, 0x0187, 0x0187, 
	0x0187, 0x0187, 0x0187, 0x0187, 0x0187, 0x0187, 0x0187, 0x0187, 0x0187, 0x0187, 0x0187, 0x0187, 0x0187, 0x0187, 0x0187, 0x0187, 
	0x0187, 0x0187, 0x0187, 0x0187, 0x0187, 0x0187, 0x0187, 0x0187, 0x0187, 0x0187, 0x0187, 0x0187, 0x0187, 0x0187, 0x0187, 0x0187, 
	0x0187, 0x0187, 0x0187, 0x0187, 0x0187, 0x0187, 0x0187, 0x0187, 0x0187, 0x0187, 0x0187, 0x0187, 0x0187, 0x0187, 0x0187, 0x0187, 
	0x0187, 0x0187, 0x0187, 0x0187, 0x0187, 0x0187, 0x0187, 0x0187, 0x0187, 0x0187, 0x0187, 0x0187, 0x0187, 0x0187, 0x0187, 0x0187, 
	0x0187, 0x0187, 0x0187, 0x0187, 0x0187, 0x0187, 0x0187, 0x0187, 0x0187, 0x0187, 0x0187, 0x0187, 0x0187, 0x0187, 0x0187, 0x0187, 
	0x0187, 0x0187, 0x0187, 0x0187, 0x0187, 0x0187, 0x0187, 0x0187, 0x0187, 0x0187, 0x0187, 0x0187, 0x0187, 0x0187, 0x0187, 0x0187, 
	0x0187, 0x0187, 0x0187, 0x0187, 0x0187, 0x0187, 0x0187, 0x0187, 0x0187, 0x0187, 0x0187, 0x0187, 0x0187, 0x0187, 0x0187, 0x0187, 
	0x0187, 0x0187, 0x0187, 0x0187, 0x0187, 0x0187, 0x0187, 0x0187, 0x0187, 0x0187, 0x0187, 0x0187, 0x0187, 0x0187, 0x0187, 0x0187, 
	0x0187, 0x0187, 0x0187, 0x0187, 0x0187, 0x0187, 0x0187, 0x0187, 0x0187, 0x0187, 0x0187, 0x0187, 0x0187, 0x0187, 0x0187, 0x0187, 
	0x0187, 0x0187, 0x0187, 0x0187, 0x0187, 0x0187, 0x0187, 0x0187, 0x0187, 0x0187, 0x0187, 0x0187, 0x0187, 0x0187, 0x0187, 0x0187, 
	0x0187, 0x0187, 0x0187, 0x0187, 0x0187, 0x0187, 0x0187, 0x0187, 0x0187, 0x0187, 0x0187, 0x0187, 0x0187, 0x0187, 0x0187, 0x0187, 
	0x0187, 0x0187, 0x0187, 0x0187, 0x0187, 0x0187, 0x0187, 0x0187, 0x0187, 0x0187, 0x0187, 0x0187, 0x0187, 0x0187, 0x0187, 0x0187, 
	0x0187, 0x0187, 0x0187, 0x0187, 0x0187, 0x0187, 0x0187, 0x0187, 0x0187, 0x0187, 0x0187, 0x0187, 0x0187, 0x0187, 0x0187, 0x0187, 
	0x0187, 0x0187, 0x0187, 0x0187, 0x0187, 0x0187, 0x0187, 0x0187, 0x0187, 0x0187, 0x0187, 0x0187, 0x0187, 0x0187, 0x0187, 0x0187, 
	0x0187, 0x0187, 0x0187, 0x0187, 0x0187, 0x0187, 0x0187, 0x0187, 0x0187, 0x0187, 0x0187, 0x0187, 0x0187, 0x0187, 0x0187, 0x0187, 
	0x0187, 0x0187, 0x0187, 0x0187, 0x0187, 0x0187, 0x0187, 0x0187, 0x0187, 0x0187, 0x0187, 0x0187, 0x0187, 0x0187, 0x0187, 0x0187, 
	0x0187, 0x0187, 0x0187, 0x0187, 0x0187, 0x0187, 0x0187, 0x0187, 0x0187, 0x0187, 0x0187, 0x0187, 0x0187, 0x0187, 0x0187, 0x0187, 
	0x0187, 0x0187, 0x0187, 0x0187, 0x0187, 0x0187, 0x0187, 0x0187, 0x0187, 0x0187, 0x0187, 0x0187, 0x0187, 0x0187, 0x0187, 0x0187, 
	0x0187, 0x0187, 0x0187, 0x0187, 0x0187, 0x0187, 0x0187, 0x0187, 0x0187, 0x0187, 0x0187, 0x0187, 0x0187, 0x0187, 0x0187, 0x0187, 
	0x0187, 0x0187, 0x0187, 0x0187, 0x0187, 0x0187, 0x0187, 0x0187, 0x0187, 0x0187, 0x0187, 0x0187, 0x0187, 0x0187, 0x0187, 0x0187, 
	0x0187, 0x0187, 0x0187, 0x0187, 0x0187, 0x0187, 0x0187, 0x0187, 0x0187, 0x0187, 0x0187, 0x0187, 0x0187, 0x0187, 0x0187, 0x0187, 
	0x0187, 0x0187, 0x0187, 0x0187, 0x0187, 0x0187, 0x0187, 0x0187, 0x0187, 0x0187, 0x0187, 0x0187, 0x0187, 0x0187, 0x0187, 0x0187, 
	0x0187, 0x0187, 0x0187, 0x0187, 0x0187, 0x0187, 0x0187, 0x0187, 0x0187, 0x0187, 0x0187, 0x0187, 0x0187, 0x0187, 0x0187, 0x0187, 
	0x0187, 0x0187, 0x0187, 0x0187, 0x0187, 0x0187, 0x0187, 0x0187, 0x0187, 0x0187, 0x0187, 0x0187, 0x0187, 0x0187, 0x0187, 0x0187, 
	0x0187, 0x0187, 0x0187, 0x0187, 0x0187, 0x0187, 0x0187, 0x0187, 0x0187, 0x0187, 0x0187, 0x0187, 0x0187, 0x0187, 0x0187, 0x0187, 
	0x0187, 0x0187, 0x0187, 0x0187, 0x0187, 0x0187, 0x0187, 0x0187, 0x0187, 0x0187, 0x0187, 0x0187, 0x0187, 0x0187, 0x0187, 0x0187, 
	0x0187, 0x0187, 0x0187, 0x0187, 0x0187, 0x0187, 0x0187, 0x0187, 0x0187, 0x0187, 0x0187, 0x0187, 0x0187, 0x0187, 0x0187, 0x0187, 
	0x0187, 0x0187, 0x0187, 0x0187, 0x0187, 0x0187, 0x0187, 0x0187, 0x0187, 0x0187, 0x0187, 0x0187, 0x0187, 0x0187, 0x0187, 0x0187, 
	0x0187, 0x0187, 0x0187, 0x0187, 0x0187, 0x0187, 0x0187, 0x0187, 0x0187, 0x0187, 0x0187, 0x0187, 0x0187, 0x0187, 0x0187, 0x0187, 
	0x0187, 0x0187, 0x0187, 0x0187, 0x0187, 0x0187, 0x0187, 0x0187, 0x0187, 0x0187, 0x0187, 0x0187, 0x0187, 0x0187, 0x0187, 0x0187, 
	0x0187, 0x0187, 0x0187, 0x0187, 0x0187, 0x0187, 0x0187, 0x0187, 0x0187, 0x0187, 0x0187, 0x0187, 0x0187, 0x0187, 0x0187, 0x0187, 
	0x0187, 0x0187, 0x0187, 0x0187, 0x0187, 0x0187, 0x0187, 0x0187, 0x0187, 0x0187, 0x0187, 0x0187, 0x0187, 0x0187, 0x0187, 0x0187, 
	0x0187, 0x0187, 0x0187, 0x0187, 0x0187, 0x0187, 0x0187, 0x0187, 0x0187, 0x0187, 0x0187, 0x0187, 0x0187, 0x0187, 0x0187, 0x0187, 
	0x0187, 0x0187, 0x0187, 0x0187, 0x0187, 0x0187, 0x0187, 0x0187, 0x0187, 0x0187, 0x0187, 0x0187, 0x0187, 0x0187, 0x0187, 0x0187, 
	0x0187, 0x0187, 0x0187, 0x0187, 0x0187, 0x0187, 0x0187, 0x0187, 0x0187, 0x0187, 0x0187, 0x0187, 0x0187, 0x0187, 0x0187, 0x0187, 
	0x0187, 0x0187, 0x0187, 0x0187, 0x0187, 0x0187, 0x0187, 0x0187, 0x0187, 0x0187, 0x0187, 0x0187, 0x0187, 0x0187, 0x0187, 0x0187, 
	0x0187, 0x0187, 0x0187, 0x0187, 0x0187, 0x0187, 0x0187, 0x0187, 0x0187, 0x0187, 0x0187, 0x0187, 0x0187, 0x0187, 0x0187, 0x0187, 
	0x0187, 0x0187, 0x0187, 0x0187, 0x0187, 0x0187, 0x0187, 0x0187, 0x0187, 0x0187, 0x0187, 0x0187, 0x0187, 0x0187, 0x0187, 0x0187, 
	0x0187, 0x0187, 0x0187, 0x0187, 0x0187, 0x0187, 0x0187, 0x0187, 0x0187, 0x0187, 0x0187, 0x0187, 0x0187, 0x0187, 0x0187, 0x0187, 
	0x0187, 0x0187, 0x0187, 0x0187, 0x0187, 0x0187, 0x0187, 0x0187, 0x0187, 0x0187, 0x0187, 0x0187, 0x0187, 0x0187, 0x0187, 0x0187, 
	0x0187, 0x0187, 0x0187, 0x0187, 0x0187, 0x0187, 0x0187, 0x0187, 0x0187, 0x0187, 0x0187, 0x0187, 0x0187, 0x0187, 0x0187, 0x0187, 
	0x0187, 0x0187, 0x0187, 0x0187, 0x0187, 0x0187, 0x0187, 0x0187, 0x0187, 0x0187, 0x0187, 0x0187, 0x0187, 0x0187, 0x0187, 0x0187, 
	0x0187, 0x0187, 0x0187, 0x0187, 0x0187, 0x0187, 0x0187, 0x0187, 0x0187, 0x0187, 0x0187, 0x0187, 0x0187, 0x0187, 0x0187, 0x0187, 
	0x0187, 0x0187, 0x0187, 0x0187, 0x0187, 0x0187, 0x0187, 0x0187, 0x0187, 0x0187, 0x0187, 0x0187, 0x0187, 0x0187, 0x0187, 0x0187, 
	0x0187, 0x0187, 0x0187, 0x0187, 0x0187, 0x0187, 0x0187, 0x0187, 0x0187, 0x0187, 0x0187, 0x0187, 0x0187, 0x0187, 0x0187, 0x0187, 
	0x0187, 0x0187, 0x0187, 0x0187, 0x0187, 0x0187, 0x0187, 0x0187, 0x0187, 0x0187, 0x0187, 0x0187, 0x0187, 0x0187, 0x0187, 0x0187, 
	0x0187, 0x0187, 0x0187, 0x0187, 0x0187, 0x0187, 0x0187, 0x0187, 0x0187, 0x0187, 0x0187, 0x0187, 0x0187, 0x0187, 0x0187, 0x0187, 
	0x0187, 0x0187, 0x0187, 0x0187, 0x0187, 0x0187, 0x0187, 0x0187, 0x0187, 0x0187, 0x0187, 0x0187, 0x0187, 0x0187, 0x0187, 0x0187, 
	0x0187, 0x0187, 0x0187, 0x0187, 0x0187, 0x0187, 0x0187, 0x0187, 0x0187, 0x0187, 0x0187, 0x0187, 0x0187, 0x0187, 0x0187, 0x0187, 
	0x0187, 0x0187, 0x0187, 0x0187, 0x0187, 0x0187, 0x0187, 0x0187, 0x0187, 0x0187, 0x0187, 0x0187, 0x0187, 0x0187, 0x0187, 0x0187, 
	0x0187, 0x0187, 0x0187, 0x0187, 0x0187, 0x0187, 0x0187, 0x0187, 0x0187, 0x0187, 0x0187, 0x0187, 0x0187, 0x0187, 0x0187, 0x0187, 
	0x0187, 0x0187, 0x0187, 0x0187, 0x0187, 0x0187, 0x0187, 0x0187, 0x0187, 0x0187, 0x0187, 0x0187, 0x0187, 0x0187, 0x0187, 0x0187, 
	0x0187, 0x0187, 0x0187, 0x0187, 0x0187, 0x0187, 0x0187, 0x0187, 0x0187, 0x0187, 0x0187, 0x0187, 0x0187, 0x0187, 0x0187, 0x0187, 
	0x0187, 0x0187, 0x0187, 0x0187, 0x0187, 0x0187, 0x0187, 0x0187, 0x0187, 0x0187, 0x0187, 0x0187, 0x0187, 0x0187, 0x0187, 0x0187, 
	0x0187, 0x0187, 0x0187, 0x0187, 0x0187, 0x0187, 0x0187, 0x0187, 0x0187, 0x0187, 0x0187, 0x0187, 0x0187, 0x0187, 0x0187, 0x0187, 
	0x0187, 0x0187, 0x0187, 0x0187, 0x0187, 0x0187, 0x0187, 0x0187, 0x0187, 0x0187, 0x0187, 0x0187, 0x0187, 0x0187, 0x0187, 0x0187, 
	0x0187, 0x0187, 0x0187, 0x0187, 0x0187, 0x0187, 0x0187, 0x0187, 0x0187, 0x0187, 0x0187, 0x0187, 0x0187, 0x0187, 0x0187, 0x0187, 
	0x0187, 0x0187, 0x0187, 0x0187, 0x0187, 0x0187, 0x0187, 0x0187, 0x0187, 0x0187, 0x0187, 0x0187, 0x0187, 0x0187, 0x0187, 0x0187, 
	0x0187, 0x0187, 0x0187, 0x0187, 0x0187, 0x0187, 0x0187, 0x0187, 0x0187, 0x0187, 0x0187, 0x0187, 0x0187, 0x0187, 0x0187, 0x0187, 
	0x0187, 0x0187, 0x0187, 0x0187, 0x0187, 0x0187, 0x0187, 0x0187, 0x0187, 0x0187, 0x0187, 0x0187, 0x0187, 0x0187, 0x0187, 0x0187, 
	0x0187, 0x0187, 0x0187, 0x0187, 0x0187, 0x0187, 0x0187, 0x0187, 0x0187, 0x0187, 0x0187, 0x0187, 0x0187, 0x0187, 0x0187, 0x0187, 
	0x0187, 0x0187, 0x0187, 0x0187, 0x0187, 0x0187, 0x0187, 0x0187, 0x0187, 0x0187, 0x0187, 0x0187, 0x0187, 0x0187, 0x0187, 0x0187, 
	0x0187, 0x0187, 0x0187, 0x0187, 0x0187, 0x0187, 0x0187, 0x0187, 0x0187, 0x0187, 0x0187, 0x0187, 0x0187, 0x0187, 0x0187, 0x0187, 
	0x0187, 0x0187, 0x0187, 0x0187, 0x0187, 0x0187, 0x0187, 0x0187, 0x0187, 0x0187, 0x0187, 0x0187, 0x0187, 0x0187, 0x0187, 0x0187, 
	0x0187, 0x0187, 0x0187, 0x0187, 0x0187, 0x0187, 0x0187, 0x0187, 0x0187, 0x0187, 0x0187, 0x0187, 0x0187, 0x0187, 0x0187, 0x0187, 
	0x0187, 0x0187, 0x0187, 0x0187, 0x0187, 0x0187, 0x0187, 0x0187, 0x0187, 0x0187, 0x0187, 0x0187, 0x0187, 0x0187, 0x0187, 0x0187, 
	0x0187, 0x0187, 0x0187, 0x0187, 0x0187, 0x0187, 0x0187, 0x0187, 0x0187, 0x0187, 0x0187, 0x0187, 0x0187, 0x0187, 0x0187, 0x0187, 
	0x0187, 0x0187, 0x0187, 0x0187, 0x0187, 0x0187, 0x0187, 0x0187, 0x0187, 0x0187, 0x0187, 0x0187, 0x0187, 0x0187, 0x0187, 0x0187, 
	0x0187, 0x0187, 0x0187, 0x0187, 0x0187, 0x0187, 0x0187, 0x0187, 0x0187, 0x0187, 0x0187, 0x0187, 0x0187, 0x0187, 0x0187, 0x0187, 
	0x0187, 0x0187, 0x0187, 0x0187, 0x0187, 0x0187, 0x0187, 0x0187, 0x0187, 0x0187, 0x0187, 0x0187, 0x0187, 0x0187, 0x0187, 0x0187, 
	0x0187, 0x0187, 0x0187, 0x0187, 0x0187, 0x0187, 0x0187, 0x0187, 0x0187, 0x0187, 0x0187, 0x0187, 0x0187, 0x0187, 0x0187, 0x0187, 
	0x0187, 0x0187, 0x0187, 0x0187, 0x0187, 0x0187, 0x0187, 0x0187, 0x0187, 0x0187, 0x0187, 0x0187, 0x0187, 0x0187, 0x0187, 0x0187, 
	0x0187, 0x0187, 0x0187, 0x0187, 0x0187, 0x0187, 0x0187, 0x0187, 0x0187, 0x0187, 0x0187, 0x0187, 0x0187, 0x0187, 0x0187, 0x0187, 
	0x0187, 0x0187, 0x0187, 0x0187, 0x0187, 0x0187, 0x0187, 0x0187, 0x0187, 0x0187, 0x0187, 0x0187, 0x0187, 0x0187, 0x0187, 0x0187, 
	0x0187, 0x0187, 0x0187, 0x0187, 0x0187, 0x0187, 0x0187, 0x0187, 0x0187, 0x0187, 0x0187, 0x0187, 0x0187, 0x0187, 0x0187, 0x0187, 
	0x0187, 0x0187, 0x0187, 0x0187, 0x0187, 0x0187, 0x0187, 0x0187, 0x0187, 0x0187, 0x0187, 0x0187, 0x0187, 0x0187, 0x0187, 0x0187, 
	0x0187, 0x0187, 0x0187, 0x0187, 0x0187, 0x0187, 0x0187, 0x0187, 0x0187, 0x0187, 0x0187, 0x0187, 0x0187, 0x0187, 0x0187, 0x0187, 
	0x0187, 0x0187, 0x0187, 0x0187, 0x0187, 0x0187, 0x0187, 0x0187, 0x0187, 0x0187, 0x0187, 0x0187, 0x0187, 0x0187, 0x0187, 0x0187, 
	0x0187, 0x0187, 0x0187, 0x0187, 0x0187, 0x0187, 0x0187, 0x0187, 0x0187, 0x0187, 0x0187, 0x0187, 0x0187, 0x0187, 0x0187, 0x0187, 
	0x0187, 0x0187, 0x0187, 0x0187, 0x0187, 0x0187, 0x0187, 0x0187, 0x0187, 0x0187, 0x0187, 0x0187, 0x0187, 0x0187, 0x0187, 0x0187, 
	0x0187, 0x0187, 0x0187, 0x0187, 0x0187, 0x0187, 0x0187, 0x0187, 0x0187, 0x0187, 0x0187, 0x0187, 0x0187, 0x0187, 0x0187, 0x0187, 
	0x0187, 0x0187, 0x0187, 0x0187, 0x0187, 0x0187, 0x0187, 0x0187, 0x0187, 0x0187, 0x0187, 0x0187, 0x0187, 0x0187, 0x0187, 0x0187, 
	0x0187, 0x0187, 0x0187, 0x0187, 0x0187, 0x0187, 0x0187, 0x0187, 0x0187, 0x0187, 0x0187, 0x0187, 0x0187, 0x0187, 0x0187, 0x0187, 
	0x0187, 0x0187, 0x0187, 0x0187, 0x0187, 0x0187, 0x0187, 0x0187, 0x0187, 0x0187, 0x0187, 0x0187, 0x0187, 0x0187, 0x0187, 0x0187, 
	0x0187, 0x0187, 0x0187, 0x0187, 0x0187, 0x0187, 0x0187, 0x0187, 0x0187, 0x0187, 0x0187, 0x0187, 0x0187, 0x0187, 0x0187, 0x0187, 
	0x0187, 0x0187, 0x0187, 0x0187, 0x0187, 0x0187, 0x0187, 0x0187, 0x0187, 0x0187, 0x0187, 0x0187, 0x0187, 0x0187, 0x0187, 0x0187, 
	0x0187, 0x0187, 0x0187, 0x0187, 0x0187, 0x0187, 0x0187, 0x0187, 0x0187, 0x0187, 0x0187, 0x0187, 0x0187, 0x0187, 0x0187, 0x0187, 
	0x0187, 0x0187, 0x0187, 0x0187, 0x0187, 0x0187, 0x0187, 0x0187, 0x0187, 0x0187, 0x0187, 0x0187, 0x0187, 0x0187, 0x0187, 0x0187, 
	0x0187, 0x0187, 0x0187, 0x0187, 0x0187, 0x0187, 0x0187, 0x0187, 0x0187, 0x0187, 0x0187, 0x0187, 0x0187, 0x0187, 0x0187, 0x0187, 
	0x0187, 0x0187, 0x0187, 0x0187, 0x0187, 0x0187, 0x0187, 0x0187, 0x0187, 0x0187, 0x0187, 0x0187, 0x0187, 0x0187, 0x0187, 0x0187, 
	0x0187, 0x0187, 0x0187, 0x0187, 0x0187, 0x0187, 0x0187, 0x0187, 0x0187, 0x0187, 0x0187, 0x0187, 0x0187, 0x0187, 0x0187, 0x0187, 
	0x0187, 0x0187, 0x0187, 0x0187, 0x0187, 0x0187, 0x0187, 0x0187, 0x0187, 0x0187, 0x0187, 0x0187, 0x0187, 0x0187, 0x0187, 0x0187, 
	0x0187, 0x0187, 0x0187, 0x0187, 0x0187, 0x0187, 0x0187, 0x0187, 0x0187, 0x0187, 0x0187, 0x0187, 0x0187, 0x0187, 0x0187, 0x0187, 
	0x0187, 0x0187, 0x0187, 0x0187, 0x0187, 0x0187, 0x0187, 0x0187, 0x0187, 0x0187, 0x0187, 0x0187, 0x0187, 0x0187, 0x0187, 0x0187, 
	0x0187, 0x0187, 0x0187, 0x0187, 0x0187, 0x0187, 0x0187, 0x0187, 0x0187, 0x0187, 0x0187, 0x0187, 0x0187, 0x0187, 0x0187, 0x0187, 
	0x0187, 0x0187, 0x0187, 0x0187, 0x0187, 0x0187, 0x0187, 0x0187, 0x0187, 0x0187, 0x0187, 0x0187, 0x0187, 0x0187, 0x0187, 0x0187, 
	0x0187, 0x0187, 0x0187, 0x0187, 0x0187, 0x0187, 0x0187, 0x0187, 0x0187, 0x0187, 0x0187, 0x0187, 0x0187, 0x0187, 0x0187, 0x0187, 
	0x0187, 0x0187, 0x0187, 0x0187, 0x0187, 0x0187, 0x0187, 0x0187, 0x0187, 0x0187, 0x0187, 0x0187, 0x0187, 0x0187, 0x0187, 0x0187, 
	0x0187, 0x0187, 0x0187, 0x0187, 0x0187, 0x0187, 0x0187, 0x0187, 0x0187, 0x0187, 0x0187, 0x0187, 0x0187, 0x0187, 0x0187, 0x0187, 
	0x0187, 0x0187, 0x0187, 0x0187, 0x0187, 0x0187, 0x0187, 0x0187, 0x0187, 0x0187, 0x0187, 0x0187, 0x0187, 0x0187, 0x0187, 0x0187, 
	0x0187, 0x0187, 0x0187, 0x0187, 0x0187, 0x0187, 0x0187, 0x0187, 0x0187, 0x0187, 0x0187, 0x0187, 0x0187, 0x0187, 0x0187, 0x0187, 
	0x0187, 0x0187, 0x0187, 0x0187, 0x0187, 0x0187, 0x0187, 0x0187, 0x0187, 0x0187, 0x0187, 0x0187, 0x0187, 0x0187, 0x0187, 0x0187, 
	0x0187, 0x0187, 0x0187, 0x0187, 0x0187, 0x0187, 0x0187, 0x0187, 0x0187, 0x0187, 0x0187, 0x0187, 0x0187, 0x0187, 0x0187, 0x0187, 
	0x0187, 0x0187, 0x0187, 0x0187, 0x0187, 0x0187, 0x0187, 0x0187, 0x0187, 0x0187, 0x0187, 0x0187, 0x0187, 0x0187, 0x0187, 0x0187, 
	0x0187, 0x0187, 0x0187, 0x0187, 0x0187, 0x0187, 0x0187, 0x0187, 0x0187, 0x0187, 0x0187, 0x0187, 0x0187, 0x0187, 0x0187, 0x0187, 
	0x0187, 0x0187, 0x0187, 0x0187, 0x0187, 0x0187, 0x0187, 0x0187, 0x0187, 0x0187, 0x0187, 0x0187, 0x0187, 0x0187, 0x0187, 0x0187, 
	0x0187, 0x0187, 0x0187, 0x0187, 0x0187, 0x0187, 0x0187, 0x0187, 0x0187, 0x0187, 0x0187, 0x0187, 0x0187, 0x0187, 0x0187, 0x0187, 
	0x0187, 0x0187, 0x0187, 0x0187, 0x0187, 0x0187, 0x0187, 0x0187, 0x0187, 0x0187, 0x0187, 0x0187, 0x0187, 0x0187, 0x0187, 0x0187, 
	0x0187, 0x0187, 0x0187, 0x0187, 0x0187, 0x0187, 0x0187, 0x0187, 0x0187, 0x0187, 0x0187, 0x0187, 0x0187, 0x0187, 0x0187, 0x0187, 
	0x0187, 0x0187, 0x0187, 0x0187, 0x0187, 0x0187, 0x0187, 0x0187, 0x0187, 0x0187, 0x0187, 0x0187, 0x0187, 0x0187, 0x0187, 0x0187, 
	0x0187, 0x0187, 0x0187, 0x0187, 0x0187, 0x0187, 0x0187, 0x0187, 0x0187, 0x0187, 0x0187, 0x0187, 0x0187, 0x0187, 0x0187, 0x0187, 
	0x0187, 0x0187, 0x0187, 0x0187, 0x0187, 0x0187, 0x0187, 0x0187, 0x0187, 0x0187, 0x0187, 0x0187, 0x0187, 0x0187, 0x0187, 0x0187, 
	0x0187, 0x0187, 0x0187, 0x0187, 0x0187, 0x0187, 0x0187, 0x0187, 0x0187, 0x0187, 0x0187, 0x0187, 0x0187, 0x0187, 0x0187, 0x0187, 
	0x0187, 0x0187, 0x0187, 0x0187, 0x0187, 0x0187, 0x0187, 0x0187, 0x0187, 0x0187, 0x0187, 0x0187, 0x0187, 0x0187, 0x0187, 0x0187, 
	0x0187, 0x0187, 0x0187, 0x0187, 0x0187, 0x0187, 0x0187, 0x0187, 0x0187, 0x0187, 0x0187, 0x0187, 0x0187, 0x0187, 0x0187, 0x0187, 
	0x0187, 0x0187, 0x0187, 0x0187, 0x0187, 0x0187, 0x0187, 0x0187, 0x0187, 0x0187, 0x0187, 0x0187, 0x0187, 0x0187, 0x0187, 0x0187, 
	0x0187, 0x0187, 0x0187, 0x0187, 0x0187, 0x0187, 0x0187, 0x0187, 0x0187, 0x0187, 0x0187, 0x0187, 0x0187, 0x0187, 0x0187, 0x0187, 
	0x0187, 0x0187, 0x0187, 0x0187, 0x0187, 0x0187, 0x0187, 0x0187, 0x0187, 0x0187, 0x0187, 0x0187, 0x0187, 0x0187, 0x0187, 0x0187, 
	0x0187, 0x0187, 0x0187, 0x0187, 0x0187, 0x0187, 0x0187, 0x0187, 0x0187, 0x0187, 0x0187, 0x0187, 0x0187, 0x0187, 0x0187, 0x0187, 
	0x0187, 0x0187, 0x0187, 0x0187, 0x0187, 0x0187, 0x0187, 0x0187, 0x0187, 0x0187, 0x0187, 0x0187, 0x0187, 0x0187, 0x0187, 0x0187, 
	0x0187, 0x0187, 0x0187, 0x0187, 0x0187, 0x0187, 0x0187, 0x0187, 0x0187, 0x0187, 0x0187, 0x0187, 0x0187, 0x0187, 0x0187, 0x0187, 
	0x0187, 0x0187, 0x0187, 0x0187, 0x0187, 0x0187, 0x0187, 0x0187, 0x0187, 0x0187, 0x0187, 0x0187, 0x0187, 0x0187, 0x0187, 0x0187, 
	0x0187, 0x0187, 0x0187, 0x0187, 0x0187, 0x0187, 0x0187, 0x0187, 0x0187, 0x0187, 0x0187, 0x0187, 0x0187, 0x0187, 0x0187, 0x0187, 
	0x0187, 0x0187, 0x0187, 0x0187, 0x0187, 0x0187, 0x0187, 0x0187, 0x0187, 0x0187, 0x0187, 0x0187, 0x0187, 0x0187, 0x0187, 0x0187, 
	0x0187, 0x0187, 0x0187, 0x0187, 0x0187, 0x0187, 0x0187, 0x0187, 0x0187, 0x0187, 0x0187, 0x0187, 0x0187, 0x0187, 0x0187, 0x0187, 
	0x0187, 0x0187, 0x0187, 0x0187, 0x0187, 0x0187, 0x0187, 0x0187, 0x0187, 0x0187, 0x0187, 0x0187, 0x0187, 0x0187, 0x0187, 0x0187, 
	0x0187, 0x0187, 0x0187, 0x0187, 0x0187, 0x0187, 0x0187, 0x0187, 0x0187, 0x0187, 0x0187, 0x0187, 0x0187, 0x0187, 0x0187, 0x0187, 
	0x0187, 0x0187, 0x0187, 0x0187, 0x0187, 0x0187, 0x0187, 0x0187, 0x0187, 0x0187, 0x0187, 0x0187, 0x0187, 0x0187, 0x0187, 0x0187, 
	0x0187, 0x0187, 0x0187, 0x0187, 0x0187, 0x0187, 0x0187, 0x0187, 0x0187, 0x0187, 0x0187, 0x0187, 0x0187, 0x0187, 0x0187, 0x0187, 
	0x0187, 0x0187, 0x0187, 0x0187, 0x0187, 0x0187, 0x0187, 0x0187, 0x0187, 0x0187, 0x0187, 0x0187, 0x0187, 0x0187, 0x0187, 0x0187, 
	0x0187, 0x0187, 0x0187, 0x0187, 0x0187, 0x0187, 0x0187, 0x0187, 0x0187, 0x0187, 0x0187, 0x0187, 0x0187, 0x0187, 0x0187, 0x0187, 
	0x0187, 0x0187, 0x0187, 0x0187, 0x0187, 0x0187, 0x0187, 0x0187, 0x0187, 0x0187, 0x0187, 0x0187, 0x0187, 0x0187, 0x0187, 0x0187, 
	0x0187, 0x0187, 0x0187, 0x0187, 0x0187, 0x0187, 0x0187, 0x0187, 0x0187, 0x0187, 0x0187, 0x0187, 0x0187, 0x0187, 0x0187, 0x0187, 
	0x0187, 0x0187, 0x0187, 0x0187, 0x0187, 0x0187, 0x0187, 0x0187, 0x0187, 0x0187, 0x0187, 0x0187, 0x0187, 0x0187, 0x0187, 0x0187, 
	0x0187, 0x0187, 0x0187, 0x0187, 0x0187, 0x0187, 0x0187, 0x0187, 0x0187, 0x0187, 0x0187, 0x0187, 0x0187, 0x0187, 0x0187, 0x0187, 
	0x0187, 0x0187, 0x0187, 0x0187, 0x0187, 0x0187, 0x0187, 0x0187, 0x0187, 0x0187, 0x0187, 0x0187, 0x0187, 0x0187, 0x0187, 0x0187, 
	0x0187, 0x0187, 0x0187, 0x0187, 0x0187, 0x0187, 0x0187, 0x0187, 0x0187, 0x0187, 0x0187, 0x0187, 0x0187, 0x0187, 0x0187, 0x0187, 
	0x0187, 0x0187, 0x0187, 0x0187, 0x0187, 0x0187, 0x0187, 0x0187, 0x0187, 0x0187, 0x0187, 0x0187, 0x0187, 0x0187, 0x0187, 0x0187, 
	0x0187, 0x0187, 0x0187, 0x0187, 0x0187, 0x0187, 0x0187, 0x0187, 0x0187, 0x0187, 0x0187, 0x0187, 0x0187, 0x0187, 0x0187, 0x0187, 
	0x0187, 0x0187, 0x0187, 0x0187, 0x0187, 0x0187, 0x0187, 0x0187, 0x0187, 0x0187, 0x0187, 0x0187, 0x0187, 0x0187, 0x0187, 0x0187, 
	0x0187, 0x0187, 0x0187, 0x0187, 0x0187, 0x0187, 0x0187, 0x0187, 0x0187, 0x0187, 0x0187, 0x0187, 0x0187, 0x0187, 0x0187, 0x0187, 
	0x0187, 0x0187, 0x0187, 0x0187, 0x0187, 0x0187, 0x0187, 0x0187, 0x0187, 0x0187, 0x0187, 0x0187, 0x0187, 0x0187, 0x0187, 0x0187, 
	0x0187, 0x0187, 0x0187, 0x0187, 0x0187, 0x0187, 0x0187, 0x0187, 0x0187, 0x0187, 0x0187, 0x0187, 0x0187, 0x0187, 0x0187, 0x0187, 
	0x0187, 0x0187, 0x0187, 0x0187, 0x0187, 0x0187, 0x0187, 0x0187, 0x0187, 0x0187, 0x0187, 0x0187, 0x0187, 0x0187, 0x0187, 0x0187, 
	0x0187, 0x0187, 0x0187, 0x0187, 0x0187, 0x0187, 0x0187, 0x0187, 0x0187, 0x0187, 0x0187, 0x0187, 0x0187, 0x0187, 0x0187, 0x0187, 
	0x0187, 0x0187, 0x0187, 0x0187, 0x0187, 0x0187, 0x0187, 0x0187, 0x0187, 0x0187, 0x0187, 0x0187, 0x0187, 0x0187, 0x0187, 0x0187, 
	0x0187, 0x0187, 0x0187, 0x0187, 0x0187, 0x0187, 0x0187, 0x0187, 0x0187, 0x0187, 0x0187, 0x0187, 0x0187, 0x0187, 0x0187, 0x0187, 
	0x0187, 0x0187, 0x0187, 0x0187, 0x0187, 0x0187, 0x0187, 0x0187, 0x0187, 0x0187, 0x0187, 0x0187, 0x0187, 0x0187, 0x0187, 0x0187, 
	0x0187, 0x0187, 0x0187, 0x0187, 0x0187, 0x0187, 0x0187, 0x0187, 0x0187, 0x0187, 0x0187, 0x0187, 0x0187, 0x0187, 0x0187, 0x0187, 
	0x0187, 0x0187, 0x0187, 0x0187, 0x0187, 0x0187, 0x0187, 0x0187, 0x0187, 0x0187, 0x0187, 0x0187, 0x0187, 0x0187, 0x0187, 0x0187, 
	0x0187, 0x0187, 0x0187, 0x0187, 0x0187, 0x0187, 0x0187, 0x0187, 0x0187, 0x0187, 0x0187, 0x0187, 0x0187, 0x0187, 0x0187, 0x0187, 
	0x0187, 0x0187, 0x0187, 0x0187, 0x0187, 0x0187, 0x0187, 0x0187, 0x0187, 0x0187, 0x0187, 0x0187, 0x0187, 0x0187, 0x0187, 0x0187, 
	0x0187, 0x0187, 0x0187, 0x0187, 0x0187, 0x0187, 0x0187, 0x0187, 0x0187, 0x0187, 0x0187, 0x0187, 0x0187, 0x0187, 0x0187, 0x0187, 
	0x0187, 0x0187, 0x0187, 0x0187, 0x0187, 0x0187, 0x0187, 0x0187, 0x0187, 0x0187, 0x0187, 0x0187, 0x0187, 0x0187, 0x0187, 0x0187, 
	0x0187, 0x0187, 0x0187, 0x0187, 0x0187, 0x0187, 0x0187, 0x0187, 0x0187, 0x0187, 0x0187, 0x0187, 0x0187, 0x0187, 0x0187, 0x0187, 
	0x0187, 0x0187, 0x0187, 0x0187, 0x0187, 0x0187, 0x0187, 0x0187, 0x0187, 0x0187, 0x0187, 0x0187, 0x0187, 0x0187, 0x0187, 0x0187, 
	0x0187, 0x0187, 0x0187, 0x0187, 0x0187, 0x0187, 0x0187, 0x0187, 0x0187, 0x0187, 0x0187, 0x0187, 0x0187, 0x0187, 0x0187, 0x0187, 
	0x0187, 0x0187, 0x0187, 0x0187, 0x0187, 0x0187, 0x0187, 0x0187, 0x0187, 0x0187, 0x0187, 0x0187, 0x0187, 0x0187, 0x0187, 0x0187, 
	0x0187, 0x0187, 0x0187, 0x0187, 0x0187, 0x0187, 0x0187, 0x0187, 0x0187, 0x0187, 0x0187, 0x0187, 0x0187, 0x0187, 0x0187, 0x0187, 
	0x0187, 0x0187, 0x0187, 0x0187, 0x0187, 0x0187, 0x0187, 0x0187, 0x0187, 0x0187, 0x0187, 0x0187, 0x0187, 0x0187, 0x0187, 0x0187, 
	0x0187, 0x0187, 0x0187, 0x0187, 0x0187, 0x0187, 0x0187, 0x0187, 0x0187, 0x0187, 0x0187, 0x0187, 0x0187, 0x0187, 0x0187, 0x0187, 
	0x0187, 0x0187, 0x0187, 0x0187, 0x0187, 0x0187, 0x0187, 0x0187, 0x0187, 0x0187, 0x0187, 0x0187, 0x0187, 0x0187, 0x0187, 0x0187, 
	0x0187, 0x0187, 0x0187, 0x0187, 0x0187, 0x0187, 0x0187, 0x0187, 0x0187, 0x0187, 0x0187, 0x0187, 0x0187, 0x0187, 0x0187, 0x0187, 
	0x0187, 0x0187, 0x0187, 0x0187, 0x0187, 0x0187, 0x0187, 0x0187, 0x0187, 0x0187, 0x0187, 0x0187, 0x0187, 0x0187, 0x0187, 0x0187, 
	0x0187, 0x0187, 0x0187, 0x0187, 0x0187, 0x0187, 0x0187, 0x0187, 0x0187, 0x0187, 0x0187, 0x0187, 0x0187, 0x0187, 0x0187, 0x0187, 
	0x0187, 0x0187, 0x0187, 0x0187, 0x0187, 0x0187, 0x0187, 0x0187, 0x0187, 0x0187, 0x0187, 0x0187, 0x0187, 0x0187, 0x0187, 0x0187, 
	0x0187, 0x0187, 0x0187, 0x0187, 0x0187, 0x0187, 0x0187, 0x0187, 0x0187, 0x0187, 0x0187, 0x0187, 0x0187, 0x0187, 0x0187, 0x0187, 
	0x0187, 0x0187, 0x0187, 0x0187, 0x0187, 0x0187, 0x0187, 0x0187, 0x0187, 0x0187, 0x0187, 0x0187, 0x0187, 0x0187, 0x0187, 0x0187, 
	0x0187, 0x0187, 0x0187, 0x0187, 0x0187, 0x0187, 0x0187, 0x0187, 0x0187, 0x0187, 0x0187, 0x0187, 0x0187, 0x0187, 0x0187, 0x0187, 
	0x0187, 0x0187, 0x0187, 0x0187, 0x0187, 0x0187, 0x0187, 0x0187, 0x0187, 0x0187, 0x0187, 0x0187, 0x0187, 0x0187, 0x0187, 0x0187, 
	0x0187, 0x0187, 0x0187, 0x0187, 0x0187, 0x0187, 0x0187, 0x0187, 0x0187, 0x0187, 0x0187, 0x0187, 0x0187, 0x0187, 0x0187, 0x0187, 
	0x0187, 0x0187, 0x0187, 0x0187, 0x0187, 0x0187, 0x0187, 0x0187, 0x0187, 0x0187, 0x0187, 0x0187, 0x0187, 0x0187, 0x0187, 0x0187, 
	0x0187, 0x0187, 0x0187, 0x0187, 0x0187, 0x0187, 0x0187, 0x0187, 0x0187, 0x0187, 0x0187, 0x0187, 0x0187, 0x0187, 0x0187, 0x0187, 
	0x0187, 0x0187, 0x0187, 0x0187, 0x0187, 0x0187, 0x0187, 0x0187, 0x0187, 0x0187, 0x0187, 0x0187, 0x0187, 0x0187, 0x0187, 0x0187, 
	0x0187, 0x0187, 0x0187, 0x0187, 0x0187, 0x0187, 0x0187, 0x0187, 0x0187, 0x0187, 0x0187, 0x0187, 0x0187, 0x0187, 0x0187, 0x0187, 
	0x0187, 0x0187, 0x0187, 0x0187, 0x0187, 0x0187, 0x0187, 0x0187, 0x0187, 0x0187, 0x0187, 0x0187, 0x0187, 0x0187, 0x0187, 0x0187, 
	0x0187, 0x0187, 0x0187, 0x0187, 0x0187, 0x0187, 0x0187, 0x0187, 0x0187, 0x0187, 0x0187, 0x0187, 0x0187, 0x0187, 0x0187, 0x0187, 
	0x0187, 0x0187, 0x0187, 0x0187, 0x0187, 0x0187, 0x0187, 0x0187, 0x0187, 0x0187, 0x0187, 0x0187, 0x0187, 0x0187, 0x0187, 0x0187, 
	0x0187, 0x0187, 0x0187, 0x0187, 0x0187, 0x0187, 0x0187, 0x0187, 0x0187, 0x0187, 0x0187, 0x0187, 0x0187, 0x0187, 0x0187, 0x0187, 
	0x0187, 0x0187, 0x0187, 0x0187, 0x0187, 0x0187, 0x0187, 0x0187, 0x0187, 0x0187, 0x0187, 0x0187, 0x0187, 0x0187, 0x0187, 0x0187, 
	0x0187, 0x0187, 0x0187, 0x0187, 0x0187, 0x0187, 0x0187, 0x0187, 0x0187, 0x0187, 0x0187, 0x0187, 0x0187, 0x0187, 0x0187, 0x0187, 
	0x0187, 0x0187, 0x0187, 0x0187, 0x0187, 0x0187, 0x0187, 0x0187, 0x0187, 0x0187, 0x0187, 0x0187, 0x0187, 0x0187, 0x0187, 0x0187, 
	0x0187, 0x0187, 0x0187, 0x0187, 0x0187, 0x0187, 0x0187, 0x0187, 0x0187, 0x0187, 0x0187, 0x0187, 0x0187, 0x0187, 0x0187, 0x0187, 
	0x0187, 0x0187, 0x0187, 0x0187, 0x0187, 0x0187, 0x0187, 0x0187, 0x0187, 0x0187, 0x0187, 0x0187, 0x0187, 0x0187, 0x0187, 0x0187, 
	0x0187, 0x0187, 0x0187, 0x0187, 0x0187, 0x0187, 0x0187, 0x0187, 0x0187, 0x0187, 0x0187, 0x0187, 0x0187, 0x0187, 0x0187, 0x0187, 
	0x0187, 0x0187, 0x0187, 0x0187, 0x0187, 0x0187, 0x0187, 0x0187, 0x0187, 0x0187, 0x0187, 0x0187, 0x0187, 0x0187, 0x0187, 0x0187, 
	0x0187, 0x0187, 0x0187, 0x0187, 0x0187, 0x0187, 0x0187, 0x0187, 0x0187, 0x0187, 0x0187, 0x0187, 0x0187, 0x0187, 0x0187, 0x0187, 
	0x0187, 0x0187, 0x0187, 0x0187, 0x0187, 0x0187, 0x0187, 0x0187, 0x0187, 0x0187, 0x0187, 0x0187, 0x0187, 0x0187, 0x0187, 0x0187, 
	0x0187, 0x0187, 0x0187, 0x0187, 0x0187, 0x0187, 0x0187, 0x0187, 0x0187, 0x0187, 0x0187, 0x0187, 0x0187, 0x0187, 0x0187, 0x0187, 
	0x0187, 0x0187, 0x0187, 0x0187, 0x0187, 0x0187, 0x0187, 0x0187, 0x0187, 0x0187, 0x0187, 0x0187, 0x0187, 0x0187, 0x0187, 0x0187, 
	0x0187, 0x0187, 0x0187, 0x0187, 0x0187, 0x0187, 0x0187, 0x0187, 0x0187, 0x0187, 0x0187, 0x0187, 0x0187, 0x0187, 0x0187, 0x0187, 
	0x0187, 0x0187, 0x0187, 0x0187, 0x0187, 0x0187, 0x0187, 0x0187, 0x0187, 0x0187, 0x0187, 0x0187, 0x0187, 0x0187, 0x0187, 0x0187, 
	0x0187, 0x0187, 0x0187, 0x0187, 0x0187, 0x0187, 0x0187, 0x0187, 0x0187, 0x0187, 0x0187, 0x0187, 0x0187, 0x0187, 0x0187, 0x0187, 
	0x0187, 0x0187, 0x0187, 0x0187, 0x0187, 0x0187, 0x0187, 0x0187, 0x0187, 0x0187, 0x0187, 0x0187, 0x0187, 0x0187, 0x0187, 0x0187, 
	0x0187, 0x0187, 0x0187, 0x0187, 0x0187, 0x0187, 0x0187, 0x0187, 0x0187, 0x0187, 0x0187, 0x0187, 0x0187, 0x0187, 0x0187, 0x0187, 
	0x0187, 0x0187, 0x0187, 0x0187, 0x0187, 0x0187, 0x0187, 0x0187, 0x0187, 0x0187, 0x0187, 0x0187, 0x0187, 0x0187, 0x0187, 0x0187, 
	0x0187, 0x0187, 0x0187, 0x0187, 0x0187, 0x0187, 0x0187, 0x0187, 0x0187, 0x0187, 0x0187, 0x0187, 0x0187, 0x0187, 0x0187, 0x0187, 
	0x0187, 0x0187, 0x0187, 0x0187, 0x0187, 0x0187, 0x0187, 0x0187, 0x0187, 0x0187, 0x0187, 0x0187, 0x0187, 0x0187, 0x0187, 0x0187, 
	0x0187, 0x0187, 0x0187, 0x0187, 0x0187, 0x0187, 0x0187, 0x0187, 0x0187, 0x0187, 0x0187, 0x0187, 0x0187, 0x0187, 0x0187, 0x0187, 
	0x0187, 0x0187, 0x0187, 0x0187, 0x0187, 0x0187, 0x0187, 0x0187, 0x0187, 0x0187, 0x0187, 0x0187, 0x0187, 0x0187, 0x0187, 0x0187, 
	0x0187, 0x0187, 0x0187, 0x0187, 0x0187, 0x0187, 0x0187, 0x0187, 0x0187, 0x0187, 0x0187, 0x0187, 0x0187, 0x0187, 0x0187, 0x0187, 
	0x0187, 0x0187, 0x0187, 0x0187, 0x0187, 0x0187, 0x0187, 0x0187, 0x0187, 0x0187, 0x0187, 0x0187, 0x0187, 0x0187, 0x0187, 0x0187, 
	0x0187, 0x0187, 0x0187, 0x0187, 0x0187, 0x0187, 0x0187, 0x0187, 0x0187, 0x0187, 0x0187, 0x0187, 0x0187, 0x0187, 0x0187, 0x0187, 
	0x0187, 0x0187, 0x0187, 0x0187, 0x0187, 0x0187, 0x0187, 0x0187, 0x0187, 0x0187, 0x0187, 0x0187, 0x0187, 0x0187, 0x0187, 0x0187, 
	0x0187, 0x0187, 0x0187, 0x0187, 0x0187, 0x0187, 0x0187, 0x0187, 0x0187, 0x0187, 0x0187, 0x0187, 0x0187, 0x0187, 0x0187, 0x0187, 
	0x0187, 0x0187, 0x0187, 0x0187, 0x0187, 0x0187, 0x0187, 0x0187, 0x0187, 0x0187, 0x0187, 0x0187, 0x0187, 0x0187, 0x0187, 0x0187, 
	0x0187, 0x0187, 0x0187, 0x0187, 0x0187, 0x0187, 0x0187, 0x0187, 0x0187, 0x0187, 0x0187, 0x0187, 0x0187, 0x0187, 0x0187, 0x0187, 
	0x0187, 0x0187, 0x0187, 0x0187, 0x0187, 0x0187, 0x0187, 0x0187, 0x0187, 0x0187, 0x0187, 0x0187, 0x0187, 0x0187, 0x0187, 0x0187, 
	0x0187, 0x0187, 0x0187, 0x0187, 0x0187, 0x0187, 0x0187, 0x0187, 0x0187, 0x0187, 0x0187, 0x0187, 0x0187, 0x0187, 0x0187, 0x0187, 
	0x0187, 0x0187, 0x0187, 0x0187, 0x0187, 0x0187, 0x0187, 0x0187, 0x0187, 0x0187, 0x0187, 0x0187, 0x0187, 0x0187, 0x0187, 0x0187, 
	0x0187, 0x0187, 0x0187, 0x0187, 0x0187, 0x0187, 0x0187, 0x0187, 0x0187, 0x0187, 0x0187, 0x0187, 0x0187, 0x0187, 0x0187, 0x0187, 
	0x0187, 0x0187, 0x0187, 0x0187, 0x0187, 0x0187, 0x0187, 0x0187, 0x0187, 0x0187, 0x0187, 0x0187, 0x0187, 0x0187, 0x0187, 0x0187, 
	0x0187, 0x0187, 0x0187, 0x0187, 0x0187, 0x0187, 0x0187, 0x0187, 0x0187, 0x0187, 0x0187, 0x0187, 0x0187, 0x0187, 0x0187, 0x0187, 
	0x0187, 0x0187, 0x0187, 0x0187, 0x0187, 0x0187, 0x0187, 0x0187, 0x0187, 0x0187, 0x0187, 0x0187, 0x0187, 0x0187, 0x0187, 0x0187, 
	0x0187, 0x0187, 0x0187, 0x0187, 0x0187, 0x0187, 0x0187, 0x0187, 0x0187, 0x0187, 0x0187, 0x0187, 0x0187, 0x0187, 0x0187, 0x0187, 
	0x0187, 0x0187, 0x0187, 0x0187, 0x0187, 0x0187, 0x0187, 0x0187, 0x0187, 0x0187, 0x0187, 0x0187, 0x0187, 0x0187, 0x0187, 0x0187, 
	0x0187, 0x0187, 0x0187, 0x0187, 0x0187, 0x0187, 0x0187, 0x0187, 0x0187, 0x0187, 0x0187, 0x0187, 0x0187, 0x0187, 0x0187, 0x0187, 
	0x0187, 0x0187, 0x0187, 0x0187, 0x0187, 0x0187, 0x0187, 0x0187, 0x0187, 0x0187, 0x0187, 0x0187, 0x0187, 0x0187, 0x0187, 0x0187, 
	0x0187, 0x0187, 0x0187, 0x0187, 0x0187, 0x0187, 0x0187, 0x0187, 0x0187, 0x0187, 0x0187, 0x0187, 0x0187, 0x0187, 0x0187, 0x0187, 
	0x0187, 0x0187, 0x0187, 0x0187, 0x0187, 0x0187, 0x0187, 0x0187, 0x0187, 0x0187, 0x0187, 0x0187, 0x0187, 0x0187, 0x0187, 0x0187, 
	0x0187, 0x0187, 0x0187, 0x0187, 0x0187, 0x0187, 0x0187, 0x0187, 0x0187, 0x0187, 0x0187, 0x0187, 0x0187, 0x0187, 0x0187, 0x0187, 
	0x0187, 0x0187, 0x0187, 0x0187, 0x0187, 0x0187, 0x0187, 0x0187, 0x0187, 0x0187, 0x0187, 0x0187, 0x0187, 0x0187, 0x0187, 0x0187, 
	0x0187, 0x0187, 0x0187, 0x0187, 0x0187, 0x0187, 0x0187, 0x0187, 0x0187, 0x0187, 0x0187, 0x0187, 0x0187, 0x0187, 0x0187, 0x0187, 
	0x0187, 0x0187, 0x0187, 0x0187, 0x0187, 0x0187, 0x0187, 0x0187, 0x0187, 0x0187, 0x0187, 0x0187, 0x0187, 0x0187, 0x0187, 0x0187, 
	0x0187, 0x0187, 0x0187, 0x0187, 0x0187, 0x0187, 0x0187, 0x0187, 0x0187, 0x0187, 0x0187, 0x0187, 0x0187, 0x0187, 0x0187, 0x0187, 
	0x0187, 0x0187, 0x0187, 0x0187, 0x0187, 0x0187, 0x0187, 0x0187, 0x0187, 0x0187, 0x0187, 0x0187, 0x0187, 0x0187, 0x0187, 0x0187, 
	0x0187, 0x0187, 0x0187, 0x0187, 0x0187, 0x0187, 0x0187, 0x0187, 0x0187, 0x0187, 0x0187, 0x0187, 0x0187, 0x0187, 0x0187, 0x0187, 
	0x0187, 0x0187, 0x0187, 0x0187, 0x0187, 0x0187, 0x0187, 0x0187, 0x0187, 0x0187, 0x0187, 0x0187, 0x0187, 0x0187, 0x0187, 0x0187, 
	0x0187, 0x0187, 0x0187, 0x0187, 0x0187, 0x0187, 0x0187, 0x0187, 0x0187, 0x0187, 0x0187, 0x0187, 0x0187, 0x0187, 0x0187, 0x0187, 
	0x0187, 0x0187, 0x0187, 0x0187, 0x0187, 0x0187, 0x0187, 0x0187, 0x0187, 0x0187, 0x0187, 0x0187, 0x0187, 0x0187, 0x0187, 0x0187, 
	0x0187, 0x0187, 0x0187, 0x0187, 0x0187, 0x0187, 0x0187, 0x0187, 0x0187, 0x0187, 0x0187, 0x0187, 0x0187, 0x0187, 0x0187, 0x0187, 
	0x0187, 0x0187, 0x0187, 0x0187, 0x0187, 0x0187, 0x0187, 0x0187, 0x0187, 0x0187, 0x0187, 0x0187, 0x0187, 0x0187, 0x0187, 0x0187, 
	0x0187, 0x0187, 0x0187, 0x0187, 0x0187, 0x0187, 0x0187, 0x0187, 0x0187, 0x0187, 0x0187, 0x0187, 0x0187, 0x0187, 0x0187, 0x0187, 
	0x0187, 0x0187, 0x0187, 0x0187, 0x0187, 0x0187, 0x0187, 0x0187, 0x0187, 0x0187, 0x0187, 0x0187, 0x0187, 0x0187, 0x0187, 0x0187, 
	0x0187, 0x0187, 0x0187, 0x0187, 0x0187, 0x0187, 0x0187, 0x0187, 0x0187, 0x0187, 0x0187, 0x0187, 0x0187, 0x0187, 0x0187, 0x0187, 
	0x0187, 0x0187, 0x0187, 0x0187, 0x0187, 0x0187, 0x0187, 0x0187, 0x0187, 0x0187, 0x0187, 0x0187, 0x0187, 0x0187, 0x0187, 0x0187, 
	0x0187, 0x0187, 0x0187, 0x0187, 0x0187, 0x0187, 0x0187, 0x0187, 0x0187, 0x0187, 0x0187, 0x0187, 0x0187, 0x0187, 0x0187, 0x0187, 
	0x0187, 0x0187, 0x0187, 0x0187, 0x0187, 0x0187, 0x0187, 0x0187, 0x0187, 0x0187, 0x0187, 0x0187, 0x0187, 0x0187, 0x0187, 0x0187, 
	0x0187, 0x0187, 0x0187, 0x0187, 0x0187, 0x0187, 0x0187, 0x0187, 0x0187, 0x0187, 0x0187, 0x0187, 0x0187, 0x0187, 0x0187, 0x0187, 
	0x0187, 0x0187, 0x0187, 0x0187, 0x0187, 0x0187, 0x0187, 0x0187, 0x0187, 0x0187, 0x0187, 0x0187, 0x0187, 0x0187, 0x0187, 0x0187, 
	0x0187, 0x0187, 0x0187, 0x0187, 0x0187, 0x0187, 0x0187, 0x0187, 0x0187, 0x0187, 0x0187, 0x0187, 0x0187, 0x0187, 0x0187, 0x0187, 
	0x0187, 0x0187, 0x0187, 0x0187, 0x0187, 0x0187, 0x0187, 0x0187, 0x0187, 0x0187, 0x0187, 0x0187, 0x0187, 0x0187, 0x0187, 0x0187, 
	0x0187, 0x0187, 0x0187, 0x0187, 0x0187, 0x0187, 0x0187, 0x0187, 0x0187, 0x0187, 0x0187, 0x0187, 0x0187, 0x0187, 0x0187, 0x0187, 
	0x0187, 0x0187, 0x0187, 0x0187, 0x0187, 0x0187, 0x0187, 0x0187, 0x0187, 0x0187, 0x0187, 0x0187, 0x0187, 0x0187, 0x0187, 0x0187, 
	0x0187, 0x0187, 0x0187, 0x0187, 0x0187, 0x0187, 0x0187, 0x0187, 0x0187, 0x0187, 0x0187, 0x0187, 0x0187, 0x0187, 0x0187, 0x0187, 
	0x0187, 0x0187, 0x0187, 0x0187, 0x0187, 0x0187, 0x0187, 0x0187, 0x0187, 0x0187, 0x0187, 0x0187, 0x0187, 0x0187, 0x0187, 0x0187, 
	0x0187, 0x0187, 0x0187, 0x0187, 0x0187, 0x0187, 0x0187, 0x0187, 0x0187, 0x0187, 0x0187, 0x0187, 0x0187, 0x0187, 0x0187, 0x0187, 
	0x0187, 0x0187, 0x0187, 0x0187, 0x0187, 0x0187, 0x0187, 0x0187, 0x0187, 0x0187, 0x0187, 0x0187, 0x0187, 0x0187, 0x0187, 0x0187, 
	0x0187, 0x0187, 0x0187, 0x0187, 0x0187, 0x0187, 0x0187, 0x0187, 0x0187, 0x0187, 0x0187, 0x0187, 0x0187, 0x0187, 0x0187, 0x0187, 
	0x0187, 0x0187, 0x0187, 0x0187, 0x0187, 0x0187, 0x0187, 0x0187, 0x0187, 0x0187, 0x0187, 0x0187, 0x0187, 0x0187, 0x0187, 0x0187, 
	0x0187, 0x0187, 0x0187, 0x0187, 0x0187, 0x0187, 0x0187, 0x0187, 0x0187, 0x0187, 0x0187, 0x0187, 0x0187, 0x0187, 0x0187, 0x0187, 
	0x0187, 0x0187, 0x0187, 0x0187, 0x0187, 0x0187, 0x0187, 0x0187, 0x0187, 0x0187, 0x0187, 0x0187, 0x0187, 0x0187, 0x0187, 0x0187, 
	0x0187, 0x0187, 0x0187, 0x0187, 0x0187, 0x0187, 0x0187, 0x0187, 0x0187, 0x0187, 0x0187, 0x0187, 0x0187, 0x0187, 0x0187, 0x0187, 
	0x0187, 0x0187, 0x0187, 0x0187, 0x0187, 0x0187, 0x0187, 0x0187, 0x0187, 0x0187, 0x0187, 0x0187, 0x0187, 0x0187, 0x0187, 0x0187, 
	0x0187, 0x0187, 0x0187, 0x0187, 0x0187, 0x0187, 0x0187, 0x0187, 0x0187, 0x0187, 0x0187, 0x0187, 0x0187, 0x0187, 0x0187, 0x0187, 
	0x0187, 0x0187, 0x0187, 0x0187, 0x0187, 0x0187, 0x0187, 0x0187, 0x0187, 0x0187, 0x0187, 0x0187, 0x0187, 0x0187, 0x0187, 0x0187, 
	0x0187, 0x0187, 0x0187, 0x0187, 0x0187, 0x0187, 0x0187, 0x0187, 0x0187, 0x0187, 0x0187, 0x0187, 0x0187, 0x0187, 0x0187, 0x0187, 
	0x0187, 0x0187, 0x0187, 0x0187, 0x0187, 0x0187, 0x0187, 0x0187, 0x0187, 0x0187, 0x0187, 0x0187, 0x0187, 0x0187, 0x0187, 0x0187, 
	0x0187, 0x0187, 0x0187, 0x0187, 0x0187, 0x0187, 0x0187, 0x0187, 0x0187, 0x0187, 0x0187, 0x0187, 0x0187, 0x0187, 0x0187, 0x0187, 
	0x0187, 0x0187, 0x0187, 0x0187, 0x0187, 0x0187, 0x0187, 0x0187, 0x0187, 0x0187, 0x0187, 0x0187, 0x0187, 0x0187, 0x0187, 0x0187, 
	0x0187, 0x0187, 0x0187, 0x0187, 0x0187, 0x0187, 0x0187, 0x0187, 0x0187, 0x0187, 0x0187, 0x0187, 0x0187, 0x0187, 0x0187, 0x0187, 
	0x0187, 0x0187, 0x0187, 0x0187, 0x0187, 0x0187, 0x0187, 0x0187, 0x0187, 0x0187, 0x0187, 0x0187, 0x0187, 0x0187, 0x0187, 0x0187, 
	0x0187, 0x0187, 0x0187, 0x0187, 0x0187, 0x0187, 0x0187, 0x0187, 0x0187, 0x0187, 0x0187, 0x0187, 0x0187, 0x0187, 0x0187, 0x0187, 
	0x0187, 0x0187, 0x0187, 0x0187, 0x0187, 0x0187, 0x0187, 0x0187, 0x0187, 0x0187, 0x0187, 0x0187, 0x0187, 0x0187, 0x0187, 0x0187, 
	0x0187, 0x0187, 0x0187, 0x0187, 0x0187, 0x0187, 0x0187, 0x0187, 0x0187, 0x0187, 0x0187, 0x0187, 0x0187, 0x0187, 0x0187, 0x0187, 
	0x0187, 0x0187, 0x0187, 0x0187, 0x0187, 0x0187, 0x0187, 0x0187, 0x0187, 0x0187, 0x0187, 0x0187, 0x0187, 0x0187, 0x0187, 0x0187, 
	0x0187, 0x0187, 0x0187, 0x0187, 0x0187, 0x0187, 0x0187, 0x0187, 0x0187, 0x0187, 0x0187, 0x0187, 0x0187, 0x0187, 0x0187, 0x0187, 
	0x0187, 0x0187, 0x0187, 0x0187, 0x0187, 0x0187, 0x0187, 0x0187, 0x0187, 0x0187, 0x0187, 0x0187, 0x0187, 0x0187, 0x0187, 0x0187, 
	0x0187, 0x0187, 0x0187, 0x0187, 0x0187, 0x0187, 0x0187, 0x0187, 0x0187, 0x0187, 0x0187, 0x0187, 0x0187, 0x0187, 0x0187, 0x0187, 
	0x0187, 0x0187, 0x0187, 0x0187, 0x0187, 0x0187, 0x0187, 0x0187, 0x0187, 0x0187, 0x0187, 0x0187, 0x0187, 0x0187, 0x0187, 0x0187, 
	0x0187, 0x0187, 0x0187, 0x0187, 0x0187, 0x0187, 0x0187, 0x0187, 0x0187, 0x0187, 0x0187, 0x0187, 0x0187, 0x0187, 0x0187, 0x0187, 
	0x0187, 0x0187, 0x0187, 0x0187, 0x0187, 0x0187, 0x0187, 0x0187, 0x0187, 0x0187, 0x0187, 0x0187, 0x0187, 0x0187, 0x0187, 0x0187, 
	0x0187, 0x0187, 0x0187, 0x0187, 0x0187, 0x0187, 0x0187, 0x0187, 0x0187, 0x0187, 0x0187, 0x0187, 0x0187, 0x0187, 0x0187, 0x0187, 
	0x0187, 0x0187, 0x0187, 0x0187, 0x0187, 0x0187, 0x0187, 0x0187, 0x0187, 0x0187, 0x0187, 0x0187, 0x0187, 0x0187, 0x0187, 0x0187, 
	0x0187, 0x0187, 0x0187, 0x0187, 0x0187, 0x0187, 0x0187, 0x0187, 0x0187, 0x0187, 0x0187, 0x0187, 0x0187, 0x0187, 0x0187, 0x0187, 
	0x0187, 0x0187, 0x0187, 0xf79b, 0xf79b, 0xf79b, 0xf79b, 0xf79b, 0xf79b, 0xf79b, 0xf79b, 0xf79b, 0xf79b, 0xf79b, 0xf79b, 0xf79b, 
	0xf79b, 0xf79b, 0xf79b, 0xf79b, 0xf79b, 0x0187, 0x0187, 0x0187, 0x0187, 0x0187, 0x0187, 0x0187, 0x0187, 0x0187, 0x0187, 0x0187, 
	0x0187, 0x0187, 0x0187, 0x0187, 0x0187, 0x0187, 0x0187, 0x0187, 0x0187, 0x0187, 0x0187, 0x0187, 0x0187, 0x0187, 0x0187, 0x0187, 
	0x0187, 0x0187, 0x0187, 0x0187, 0x0187, 0x0187, 0x0187, 0x0187, 0x0187, 0x0187, 0x0187, 0x0187, 0x0187, 0x0187, 0x0187, 0x0187, 
	0x0187, 0x0187, 0x0187, 0x0187, 0x0187, 0x0187, 0x0187, 0x0187, 0x0187, 0x0187, 0x0187, 0x0187, 0x0187, 0x0187, 0x0187, 0x0187, 
	0x0187, 0x0187, 0x0187, 0x0187, 0x0187, 0x0187, 0x0187, 0x0187, 0x0187, 0x0187, 0x0187, 0x0187, 0x0187, 0x0187, 0x0187, 0x0187, 
	0x0187, 0x0187, 0x0187, 0x0187, 0x0187, 0x0187, 0x0187, 0x0187, 0x0187, 0x0187, 0x0187, 0x0187, 0x0187, 0x0187, 0x0187, 0x0187, 
	0x0187, 0x0187, 0x0187, 0x0187, 0x0187, 0x0187, 0x0187, 0x0187, 0x0187, 0x0187, 0x0187, 0x0187, 0x0187, 0x0187, 0x0187, 0xf79b, 
	0xf79b, 0xf79b, 0xf79b, 0x0187, 0x0187, 0x0187, 0x0187, 0x0187, 0x0187, 0x0187, 0x0187, 0x0187, 0x0187, 0x0187, 0x0187, 0x0187, 
	0x0187, 0x0187, 0x0187, 0x0187, 0x0187, 0x0187, 0x0187, 0x0187, 0x0187, 0x0187, 0x0187, 0x0187, 0x0187, 0x0187, 0x0187, 0xf79b, 
	0xf79b, 0xf79b, 0xf79b, 0x0187, 0x0187, 0x0187, 0x0187, 0x0187, 0x0187, 0x0187, 0x0187, 0x0187, 0x0187, 0x0187, 0x0187, 0x0187, 
	0x0187, 0x0187, 0x0187, 0x0187, 0x0187, 0x0187, 0x0187, 0x0187, 0x0187, 0x0187, 0x0187, 0x0187, 0x0187, 0x0187, 0x0187, 0x0187, 
	0x0187, 0x0187, 0x0187, 0x0187, 0x0187, 0x0187, 0x0187, 0x0187, 0x0187, 0x0187, 0x0187, 0x0187, 0x0187, 0x0187, 0x0187, 0x0187, 
	0x0187, 0x0187, 0x0187, 0x0187, 0x0187, 0x0187, 0x0187, 0x0187, 0x0187, 0x0187, 0x0187, 0x0187, 0x0187, 0x0187, 0x0187, 0x0187, 
	0x0187, 0x0187, 0x0187, 0x0187, 0x0187, 0x0187, 0x0187, 0x0187, 0x0187, 0x0187, 0x0187, 0x0187, 0x0187, 0x0187, 0x0187, 0x0187, 
	0x0187, 0x0187, 0xf79b, 0xf79b, 0xf79b, 0xf79b, 0xf79b, 0xf79b, 0xf79b, 0xf79b, 0xf79b, 0xf79b, 0xf79b, 0xf79b, 0xf79b, 0xf79b, 
	0xf79b, 0xf79b, 0xf79b, 0xf79b, 0xf79b, 0xf79b, 0xf79b, 0xf79b, 0x0187, 0x0187, 0x0187, 0x0187, 0x0187, 0x0187, 0x0187, 0x0187, 
	0x0187, 0x0187, 0x0187, 0x0187, 0x0187, 0x0187, 0xf79b, 0xf79b, 0xf79b, 0xf79b, 0xf79b, 0x0187, 0x0187, 0x0187, 0x0187, 0x0187, 
	0x0187, 0x0187, 0x0187, 0x0187, 0x0187, 0x0187, 0x0187, 0x0187, 0x0187, 0x0187, 0x0187, 0x0187, 0x0187, 0x0187, 0x0187, 0x0187, 
	0x0187, 0x0187, 0x0187, 0x0187, 0x0187, 0x0187, 0x0187, 0x0187, 0x0187, 0x0187, 0x0187, 0x0187, 0x0187, 0x0187, 0x0187, 0x0187, 
	0x0187, 0x0187, 0x0187, 0x0187, 0x0187, 0x0187, 0x0187, 0x0187, 0x0187, 0x0187, 0x0187, 0x0187, 0x0187, 0x0187, 0x0187, 0x0187, 
	0x0187, 0x0187, 0x0187, 0x0187, 0x0187, 0x0187, 0x0187, 0x0187, 0x0187, 0x0187, 0x0187, 0x0187, 0x0187, 0x0187, 0x0187, 0x0187, 
	0x0187, 0x0187, 0x0187, 0x0187, 0x0187, 0x0187, 0x0187, 0x0187, 0x0187, 0x0187, 0x0187, 0x0187, 0x0187, 0x0187, 0xf79b, 0xf79b, 
	0xf79b, 0xf79b, 0xf79b, 0xf79b, 0x0187, 0x0187, 0x0187, 0x0187, 0x0187, 0x0187, 0x0187, 0x0187, 0x0187, 0x0187, 0x0187, 0x0187, 
	0x0187, 0x0187, 0x0187, 0x0187, 0x0187, 0x0187, 0x0187, 0x0187, 0x0187, 0x0187, 0x0187, 0x0187, 0x0187, 0x0187, 0xf79b, 0xf79b, 
	0xf79b, 0xf79b, 0xf79b, 0xf79b, 0x0187, 0x0187, 0x0187, 0x0187, 0x0187, 0x0187, 0x0187, 0x0187, 0x0187, 0x0187, 0x0187, 0x0187, 
	0x0187, 0x0187, 0x0187, 0x0187, 0x0187, 0x0187, 0x0187, 0x0187, 0x0187, 0x0187, 0x0187, 0x0187, 0x0187, 0x0187, 0x0187, 0x0187, 
	0x0187, 0x0187, 0x0187, 0x0187, 0x0187, 0x0187, 0x0187, 0x0187, 0x0187, 0x0187, 0x0187, 0x0187, 0x0187, 0x0187, 0x0187, 0x0187, 
	0x0187, 0x0187, 0x0187, 0x0187, 0x0187, 0x0187, 0x0187, 0x0187, 0x0187, 0x0187, 0x0187, 0x0187, 0x0187, 0x0187, 0x0187, 0x0187, 
	0x0187, 0x0187, 0x0187, 0x0187, 0x0187, 0x0187, 0x0187, 0x0187, 0x0187, 0x0187, 0x0187, 0x0187, 0x0187, 0x0187, 0x0187, 0x0187, 
	0x0187, 0x0187, 0xf79b, 0xf79b, 0xf79b, 0xf79b, 0xf79b, 0xf79b, 0xf79b, 0xf79b, 0xf79b, 0xf79b, 0xf79b, 0xf79b, 0xf79b, 0xf79b, 
	0xf79b, 0xf79b, 0xf79b, 0xf79b, 0xf79b, 0xf79b, 0xf79b, 0xf79b, 0xf79b, 0x0187, 0x0187, 0x0187, 0x0187, 0x0187, 0x0187, 0x0187, 
	0x0187, 0x0187, 0x0187, 0x0187, 0x0187, 0xf79b, 0xf79b, 0xf79b, 0xf79b, 0xf79b, 0xf79b, 0xf79b, 0x0187, 0x0187, 0x0187, 0x0187, 
	0x0187, 0x0187, 0x0187, 0x0187, 0x0187, 0x0187, 0x0187, 0x0187, 0x0187, 0x0187, 0x0187, 0x0187, 0x0187, 0x0187, 0x0187, 0x0187, 
	0x0187, 0x0187, 0x0187, 0x0187, 0x0187, 0x0187, 0x0187, 0x0187, 0x0187, 0x0187, 0x0187, 0x0187, 0x0187, 0x0187, 0x0187, 0x0187, 
	0x0187, 0x0187, 0x0187, 0x0187, 0x0187, 0x0187, 0x0187, 0x0187, 0x0187, 0x0187, 0x0187, 0x0187, 0x0187, 0x0187, 0x0187, 0x0187, 
	0x0187, 0x0187, 0x0187, 0x0187, 0x0187, 0x0187, 0x0187, 0x0187, 0x0187, 0x0187, 0x0187, 0x0187, 0x0187, 0x0187, 0x0187, 0x0187, 
	0x0187, 0x0187, 0x0187, 0x0187, 0x0187, 0x0187, 0x0187, 0x0187, 0x0187, 0x0187, 0x0187, 0x0187, 0x0187, 0x0187, 0xf79b, 0xf79b, 
	0xf79b, 0xf79b, 0xf79b, 0xf79b, 0x0187, 0x0187, 0x0187, 0x0187, 0x0187, 0x0187, 0x0187, 0x0187, 0x0187, 0x0187, 0x0187, 0x0187, 
	0x0187, 0x0187, 0x0187, 0x0187, 0x0187, 0x0187, 0x0187, 0x0187, 0x0187, 0x0187, 0x0187, 0x0187, 0x0187, 0x0187, 0xf79b, 0xf79b, 
	0xf79b, 0xf79b, 0xf79b, 0xf79b, 0x0187, 0x0187, 0x0187, 0x0187, 0x0187, 0x0187, 0x0187, 0x0187, 0x0187, 0x0187, 0x0187, 0x0187, 
	0x0187, 0x0187, 0x0187, 0x0187, 0x0187, 0x0187, 0x0187, 0x0187, 0x0187, 0x0187, 0x0187, 0x0187, 0x0187, 0x0187, 0x0187, 0x0187, 
	0x0187, 0x0187, 0x0187, 0x0187, 0x0187, 0x0187, 0x0187, 0x0187, 0x0187, 0x0187, 0x0187, 0x0187, 0x0187, 0x0187, 0x0187, 0x0187, 
	0x0187, 0x0187, 0x0187, 0x0187, 0x0187, 0x0187, 0x0187, 0x0187, 0x0187, 0x0187, 0x0187, 0x0187, 0x0187, 0x0187, 0x0187, 0x0187, 
	0x0187, 0x0187, 0x0187, 0x0187, 0x0187, 0x0187, 0x0187, 0x0187, 0x0187, 0x0187, 0x0187, 0x0187, 0x0187, 0x0187, 0x0187, 0x0187, 
	0x0187, 0x0187, 0xf79b, 0xf79b, 0xf79b, 0xf79b, 0xf79b, 0xf79b, 0xf79b, 0xf79b, 0xf79b, 0xf79b, 0xf79b, 0xf79b, 0xf79b, 0xf79b, 
	0xf79b, 0xf79b, 0xf79b, 0xf79b, 0xf79b, 0xf79b, 0xf79b, 0xf79b, 0xf79b, 0xf79b, 0xf79b, 0x0187, 0x0187, 0x0187, 0x0187, 0x0187, 
	0x0187, 0x0187, 0x0187, 0x0187, 0x0187, 0xf79b, 0xf79b, 0xf79b, 0xf79b, 0xf79b, 0xf79b, 0xf79b, 0x0187, 0x0187, 0x0187, 0x0187, 
	0x0187, 0x0187, 0x0187, 0x0187, 0x0187, 0x0187, 0x0187, 0x0187, 0x0187, 0x0187, 0x0187, 0x0187, 0x0187, 0x0187, 0x0187, 0x0187, 
	0x0187, 0x0187, 0x0187, 0x0187, 0x0187, 0x0187, 0x0187, 0x0187, 0x0187, 0x0187, 0x0187, 0x0187, 0x0187, 0x0187, 0x0187, 0x0187, 
	0x0187, 0x0187, 0x0187, 0x0187, 0x0187, 0x0187, 0x0187, 0x0187, 0x0187, 0x0187, 0x0187, 0x0187, 0x0187, 0x0187, 0x0187, 0x0187, 
	0x0187, 0x0187, 0x0187, 0x0187, 0x0187, 0x0187, 0x0187, 0x0187, 0x0187, 0x0187, 0x0187, 0x0187, 0x0187, 0x0187, 0x0187, 0x0187, 
	0x0187, 0x0187, 0x0187, 0x0187, 0x0187, 0x0187, 0x0187, 0x0187, 0x0187, 0x0187, 0x0187, 0x0187, 0x0187, 0x0187, 0xf79b, 0xf79b, 
	0xf79b, 0xf79b, 0xf79b, 0xf79b, 0xf79b, 0x0187, 0x0187, 0x0187, 0x0187, 0x0187, 0x0187, 0x0187, 0x0187, 0x0187, 0x0187, 0x0187, 
	0x0187, 0x0187, 0x0187, 0x0187, 0x0187, 0x0187, 0x0187, 0x0187, 0x0187, 0x0187, 0x0187, 0x0187, 0x0187, 0x0187, 0xf79b, 0xf79b, 
	0xf79b, 0xf79b, 0xf79b, 0xf79b, 0x0187, 0x0187, 0x0187, 0x0187, 0x0187, 0x0187, 0x0187, 0x0187, 0x0187, 0x0187, 0x0187, 0x0187, 
	0x0187, 0x0187, 0x0187, 0x0187, 0x0187, 0x0187, 0x0187, 0x0187, 0x0187, 0x0187, 0x0187, 0x0187, 0x0187, 0x0187, 0x0187, 0x0187, 
	0x0187, 0x0187, 0x0187, 0x0187, 0x0187, 0x0187, 0x0187, 0x0187, 0x0187, 0x0187, 0x0187, 0x0187, 0x0187, 0x0187, 0x0187, 0x0187, 
	0x0187, 0x0187, 0x0187, 0x0187, 0x0187, 0x0187, 0x0187, 0x0187, 0x0187, 0x0187, 0x0187, 0x0187, 0x0187, 0x0187, 0x0187, 0x0187, 
	0x0187, 0x0187, 0x0187, 0x0187, 0x0187, 0x0187, 0x0187, 0x0187, 0x0187, 0x0187, 0x0187, 0x0187, 0x0187, 0x0187, 0x0187, 0x0187, 
	0x0187, 0x0187, 0xf79b, 0xf79b, 0xf79b, 0xf79b, 0xf79b, 0xf79b, 0xf79b, 0xf79b, 0xf79b, 0xf79b, 0xf79b, 0xf79b, 0xf79b, 0xf79b, 
	0xf79b, 0xf79b, 0xf79b, 0xf79b, 0xf79b, 0xf79b, 0xf79b, 0xf79b, 0xf79b, 0xf79b, 0xf79b, 0x0187, 0x0187, 0x0187, 0x0187, 0x0187, 
	0x0187, 0x0187, 0x0187, 0x0187, 0x0187, 0xf79b, 0xf79b, 0xf79b, 0xf79b, 0xf79b, 0xf79b, 0xf79b, 0x0187, 0x0187, 0x0187, 0x0187, 
	0x0187, 0x0187, 0x0187, 0x0187, 0x0187, 0x0187, 0x0187, 0x0187, 0x0187, 0x0187, 0x0187, 0x0187, 0x0187, 0x0187, 0x0187, 0x0187, 
	0x0187, 0x0187, 0x0187, 0x0187, 0x0187, 0x0187, 0x0187, 0x0187, 0x0187, 0x0187, 0x0187, 0x0187, 0x0187, 0x0187, 0x0187, 0x0187, 
	0x0187, 0x0187, 0x0187, 0x0187, 0x0187, 0x0187, 0x0187, 0x0187, 0x0187, 0x0187, 0x0187, 0x0187, 0x0187, 0x0187, 0x0187, 0x0187, 
	0x0187, 0x0187, 0x0187, 0x0187, 0x0187, 0x0187, 0x0187, 0x0187, 0x0187, 0x0187, 0x0187, 0x0187, 0x0187, 0x0187, 0x0187, 0x0187, 
	0x0187, 0x0187, 0x0187, 0x0187, 0x0187, 0x0187, 0x0187, 0x0187, 0x0187, 0x0187, 0x0187, 0x0187, 0x0187, 0x0187, 0xf79b, 0xf79b, 
	0xf79b, 0xf79b, 0xf79b, 0xf79b, 0xf79b, 0xf79b, 0x0187, 0x0187, 0x0187, 0x0187, 0x0187, 0x0187, 0x0187, 0x0187, 0x0187, 0x0187, 
	0x0187, 0x0187, 0x0187, 0x0187, 0x0187, 0x0187, 0x0187, 0x0187, 0x0187, 0x0187, 0x0187, 0x0187, 0x0187, 0x0187, 0xf79b, 0xf79b, 
	0xf79b, 0xf79b, 0xf79b, 0xf79b, 0x0187, 0x0187, 0x0187, 0x0187, 0x0187, 0x0187, 0x0187, 0x0187, 0x0187, 0x0187, 0x0187, 0x0187, 
	0x0187, 0x0187, 0x0187, 0x0187, 0x0187, 0x0187, 0x0187, 0x0187, 0x0187, 0x0187, 0x0187, 0x0187, 0x0187, 0x0187, 0x0187, 0x0187, 
	0x0187, 0x0187, 0x0187, 0x0187, 0x0187, 0x0187, 0x0187, 0x0187, 0x0187, 0x0187, 0x0187, 0x0187, 0x0187, 0x0187, 0x0187, 0x0187, 
	0x0187, 0x0187, 0x0187, 0x0187, 0x0187, 0x0187, 0x0187, 0x0187, 0x0187, 0x0187, 0x0187, 0x0187, 0x0187, 0x0187, 0x0187, 0x0187, 
	0x0187, 0x0187, 0x0187, 0x0187, 0x0187, 0x0187, 0x0187, 0x0187, 0x0187, 0x0187, 0x0187, 0x0187, 0x0187, 0x0187, 0x0187, 0x0187, 
	0x0187, 0x0187, 0xf79b, 0xf79b, 0xf79b, 0xf79b, 0xf79b, 0x0187, 0x0187, 0x0187, 0x0187, 0x0187, 0x0187, 0x0187, 0x0187, 0x0187, 
	0x0187, 0x0187, 0x0187, 0xf79b, 0xf79b, 0xf79b, 0xf79b, 0xf79b, 0xf79b, 0xf79b, 0xf79b, 0xf79b, 0x0187, 0x0187, 0x0187, 0x0187, 
	0x0187, 0x0187, 0x0187, 0x0187, 0x0187, 0xf79b, 0xf79b, 0xf79b, 0xf79b, 0xf79b, 0xf79b, 0xf79b, 0x0187, 0x0187, 0x0187, 0x0187, 
	0x0187, 0x0187, 0x0187, 0x0187, 0x0187, 0x0187, 0x0187, 0x0187, 0x0187, 0x0187, 0x0187, 0x0187, 0x0187, 0x0187, 0x0187, 0x0187, 
	0x0187, 0x0187, 0x0187, 0x0187, 0x0187, 0x0187, 0x0187, 0x0187, 0x0187, 0x0187, 0x0187, 0x0187, 0x0187, 0x0187, 0x0187, 0x0187, 
	0x0187, 0x0187, 0x0187, 0x0187, 0x0187, 0x0187, 0x0187, 0x0187, 0x0187, 0x0187, 0x0187, 0x0187, 0x0187, 0x0187, 0x0187, 0x0187, 
	0x0187, 0x0187, 0x0187, 0x0187, 0x0187, 0x0187, 0x0187, 0x0187, 0x0187, 0x0187, 0x0187, 0x0187, 0x0187, 0x0187, 0x0187, 0x0187, 
	0x0187, 0x0187, 0x0187, 0x0187, 0x0187, 0x0187, 0x0187, 0x0187, 0x0187, 0x0187, 0x0187, 0x0187, 0x0187, 0x0187, 0xf79b, 0xf79b, 
	0xf79b, 0xf79b, 0xf79b, 0xf79b, 0xf79b, 0xf79b, 0xf79b, 0x0187, 0x0187, 0x0187, 0x0187, 0x0187, 0x0187, 0x0187, 0x0187, 0x0187, 
	0x0187, 0x0187, 0x0187, 0x0187, 0x0187, 0x0187, 0x0187, 0x0187, 0x0187, 0x0187, 0x0187, 0x0187, 0x0187, 0x0187, 0xf79b, 0xf79b, 
	0xf79b, 0xf79b, 0xf79b, 0xf79b, 0x0187, 0x0187, 0x0187, 0x0187, 0x0187, 0x0187, 0x0187, 0x0187, 0x0187, 0x0187, 0x0187, 0x0187, 
	0x0187, 0x0187, 0x0187, 0x0187, 0x0187, 0x0187, 0x0187, 0x0187, 0x0187, 0x0187, 0x0187, 0x0187, 0x0187, 0x0187, 0x0187, 0x0187, 
	0x0187, 0x0187, 0x0187, 0x0187, 0x0187, 0x0187, 0x0187, 0x0187, 0x0187, 0x0187, 0x0187, 0x0187, 0x0187, 0x0187, 0x0187, 0x0187, 
	0x0187, 0x0187, 0x0187, 0x0187, 0x0187, 0x0187, 0x0187, 0x0187, 0x0187, 0x0187, 0x0187, 0x0187, 0x0187, 0x0187, 0x0187, 0x0187, 
	0x0187, 0x0187, 0x0187, 0x0187, 0x0187, 0x0187, 0x0187, 0x0187, 0x0187, 0x0187, 0x0187, 0x0187, 0x0187, 0x0187, 0x0187, 0x0187, 
	0x0187, 0x0187, 0xf79b, 0xf79b, 0xf79b, 0xf79b, 0xf79b, 0x0187, 0x0187, 0x0187, 0x0187, 0x0187, 0x0187, 0x0187, 0x0187, 0x0187, 
	0x0187, 0x0187, 0x0187, 0x0187, 0x0187, 0xf79b, 0xf79b, 0xf79b, 0xf79b, 0xf79b, 0xf79b, 0xf79b, 0xf79b, 0x0187, 0x0187, 0x0187, 
	0x0187, 0x0187, 0x0187, 0x0187, 0x0187, 0xf79b, 0xf79b, 0xf79b, 0xf79b, 0xf79b, 0xf79b, 0xf79b, 0x0187, 0x0187, 0x0187, 0x0187, 
	0x0187, 0x0187, 0x0187, 0x0187, 0x0187, 0x0187, 0x0187, 0x0187, 0x0187, 0x0187, 0x0187, 0x0187, 0x0187, 0x0187, 0x0187, 0x0187, 
	0x0187, 0x0187, 0x0187, 0x0187, 0x0187, 0x0187, 0x0187, 0x0187, 0x0187, 0x0187, 0x0187, 0x0187, 0x0187, 0x0187, 0x0187, 0x0187, 
	0x0187, 0x0187, 0x0187, 0x0187, 0x0187, 0x0187, 0x0187, 0x0187, 0x0187, 0x0187, 0x0187, 0x0187, 0x0187, 0x0187, 0x0187, 0x0187, 
	0x0187, 0x0187, 0x0187, 0x0187, 0x0187, 0x0187, 0x0187, 0x0187, 0x0187, 0x0187, 0x0187, 0x0187, 0x0187, 0x0187, 0x0187, 0x0187, 
	0x0187, 0x0187, 0x0187, 0x0187, 0x0187, 0x0187, 0x0187, 0x0187, 0x0187, 0x0187, 0x0187, 0x0187, 0x0187, 0x0187, 0xf79b, 0xf79b, 
	0xf79b, 0xf79b, 0xf79b, 0xf79b, 0xf79b, 0xf79b, 0xf79b, 0x0187, 0x0187, 0x0187, 0x0187, 0x0187, 0x0187, 0x0187, 0x0187, 0x0187, 
	0x0187, 0x0187, 0x0187, 0x0187, 0x0187, 0x0187, 0x0187, 0x0187, 0x0187, 0x0187, 0x0187, 0x0187, 0x0187, 0x0187, 0xf79b, 0xf79b, 
	0xf79b, 0xf79b, 0xf79b, 0xf79b, 0x0187, 0x0187, 0x0187, 0x0187, 0x0187, 0x0187, 0x0187, 0x0187, 0x0187, 0x0187, 0x0187, 0x0187, 
	0x0187, 0x0187, 0x0187, 0x0187, 0x0187, 0x0187, 0x0187, 0x0187, 0x0187, 0x0187, 0x0187, 0x0187, 0x0187, 0x0187, 0x0187, 0x0187, 
	0x0187, 0x0187, 0x0187, 0x0187, 0x0187, 0x0187, 0x0187, 0x0187, 0x0187, 0x0187, 0x0187, 0x0187, 0x0187, 0x0187, 0x0187, 0x0187, 
	0x0187, 0x0187, 0x0187, 0x0187, 0x0187, 0x0187, 0x0187, 0x0187, 0x0187, 0x0187, 0x0187, 0x0187, 0x0187, 0x0187, 0x0187, 0x0187, 
	0x0187, 0x0187, 0x0187, 0x0187, 0x0187, 0x0187, 0x0187, 0x0187, 0x0187, 0x0187, 0x0187, 0x0187, 0x0187, 0x0187, 0x0187, 0x0187, 
	0x0187, 0x0187, 0xf79b, 0xf79b, 0xf79b, 0xf79b, 0xf79b, 0x0187, 0x0187, 0x0187, 0x0187, 0x0187, 0x0187, 0x0187, 0x0187, 0x0187, 
	0x0187, 0x0187, 0x0187, 0x0187, 0x0187, 0x0187, 0x0187, 0xf79b, 0xf79b, 0xf79b, 0xf79b, 0xf79b, 0xf79b, 0xf79b, 0x0187, 0x0187, 
	0x0187, 0x0187, 0x0187, 0x0187, 0x0187, 0x0187, 0xf79b, 0xf79b, 0xf79b, 0xf79b, 0xf79b, 0x0187, 0x0187, 0x0187, 0x0187, 0x0187, 
	0x0187, 0x0187, 0x0187, 0x0187, 0x0187, 0x0187, 0x0187, 0x0187, 0x0187, 0x0187, 0x0187, 0x0187, 0x0187, 0x0187, 0x0187, 0x0187, 
	0x0187, 0x0187, 0x0187, 0x0187, 0x0187, 0x0187, 0x0187, 0x0187, 0x0187, 0x0187, 0x0187, 0x0187, 0x0187, 0x0187, 0x0187, 0x0187, 
	0x0187, 0x0187, 0x0187, 0x0187, 0x0187, 0x0187, 0x0187, 0x0187, 0x0187, 0x0187, 0x0187, 0x0187, 0x0187, 0x0187, 0x0187, 0x0187, 
	0x0187, 0x0187, 0x0187, 0x0187, 0x0187, 0x0187, 0x0187, 0x0187, 0x0187, 0x0187, 0x0187, 0x0187, 0x0187, 0x0187, 0x0187, 0x0187, 
	0x0187, 0x0187, 0x0187, 0x0187, 0x0187, 0x0187, 0x0187, 0x0187, 0x0187, 0x0187, 0x0187, 0x0187, 0x0187, 0x0187, 0xf79b, 0xf79b, 
	0xf79b, 0xf79b, 0xf79b, 0xf79b, 0xf79b, 0xf79b, 0xf79b, 0xf79b, 0x0187, 0x0187, 0x0187, 0x0187, 0x0187, 0x0187, 0x0187, 0x0187, 
	0x0187, 0x0187, 0x0187, 0x0187, 0x0187, 0x0187, 0x0187, 0x0187, 0x0187, 0x0187, 0x0187, 0x0187, 0x0187, 0x0187, 0xf79b, 0xf79b, 
	0xf79b, 0xf79b, 0xf79b, 0xf79b, 0x0187, 0x0187, 0x0187, 0x0187, 0x0187, 0x0187, 0x0187, 0x0187, 0x0187, 0x0187, 0x0187, 0x0187, 
	0x0187, 0x0187, 0x0187, 0x0187, 0x0187, 0x0187, 0x0187, 0x0187, 0x0187, 0x0187, 0x0187, 0x0187, 0x0187, 0x0187, 0x0187, 0x0187, 
	0x0187, 0x0187, 0x0187, 0x0187, 0x0187, 0x0187, 0x0187, 0x0187, 0x0187, 0x0187, 0x0187, 0x0187, 0x0187, 0x0187, 0x0187, 0x0187, 
	0x0187, 0x0187, 0x0187, 0x0187, 0x0187, 0x0187, 0x0187, 0x0187, 0x0187, 0x0187, 0x0187, 0x0187, 0x0187, 0x0187, 0x0187, 0x0187, 
	0x0187, 0x0187, 0x0187, 0x0187, 0x0187, 0x0187, 0x0187, 0x0187, 0x0187, 0x0187, 0x0187, 0x0187, 0x0187, 0x0187, 0x0187, 0x0187, 
	0x0187, 0x0187, 0xf79b, 0xf79b, 0xf79b, 0xf79b, 0xf79b, 0x0187, 0x0187, 0x0187, 0x0187, 0x0187, 0x0187, 0x0187, 0x0187, 0x0187, 
	0x0187, 0x0187, 0x0187, 0x0187, 0x0187, 0x0187, 0x0187, 0x0187, 0xf79b, 0xf79b, 0xf79b, 0xf79b, 0xf79b, 0xf79b, 0x0187, 0x0187, 
	0x0187, 0x0187, 0x0187, 0x0187, 0x0187, 0x0187, 0x0187, 0x0187, 0x0187, 0x0187, 0x0187, 0x0187, 0x0187, 0x0187, 0x0187, 0x0187, 
	0x0187, 0x0187, 0x0187, 0x0187, 0x0187, 0x0187, 0x0187, 0x0187, 0x0187, 0x0187, 0x0187, 0x0187, 0x0187, 0x0187, 0x0187, 0x0187, 
	0x0187, 0x0187, 0x0187, 0x0187, 0x0187, 0x0187, 0x0187, 0x0187, 0x0187, 0x0187, 0x0187, 0x0187, 0x0187, 0x0187, 0x0187, 0x0187, 
	0x0187, 0x0187, 0x0187, 0x0187, 0x0187, 0x0187, 0x0187, 0x0187, 0x0187, 0x0187, 0x0187, 0x0187, 0x0187, 0x0187, 0x0187, 0x0187, 
	0x0187, 0x0187, 0x0187, 0x0187, 0x0187, 0x0187, 0x0187, 0x0187, 0x0187, 0x0187, 0x0187, 0x0187, 0x0187, 0x0187, 0x0187, 0x0187, 
	0x0187, 0x0187, 0x0187, 0x0187, 0x0187, 0x0187, 0x0187, 0x0187, 0x0187, 0x0187, 0x0187, 0x0187, 0x0187, 0x0187, 0xf79b, 0xf79b, 
	0xf79b, 0xf79b, 0xf79b, 0xf79b, 0xf79b, 0xf79b, 0xf79b, 0xf79b, 0xf79b, 0x0187, 0x0187, 0x0187, 0x0187, 0x0187, 0x0187, 0x0187, 
	0x0187, 0x0187, 0x0187, 0x0187, 0x0187, 0x0187, 0x0187, 0x0187, 0x0187, 0x0187, 0x0187, 0x0187, 0x0187, 0x0187, 0xf79b, 0xf79b, 
	0xf79b, 0xf79b, 0xf79b, 0xf79b, 0x0187, 0x0187, 0x0187, 0x0187, 0x0187, 0x0187, 0x0187, 0x0187, 0x0187, 0x0187, 0x0187, 0x0187, 
	0x0187, 0x0187, 0x0187, 0x0187, 0x0187, 0x0187, 0x0187, 0x0187, 0x0187, 0x0187, 0x0187, 0x0187, 0x0187, 0x0187, 0x0187, 0x0187, 
	0x0187, 0x0187, 0x0187, 0x0187, 0x0187, 0x0187, 0x0187, 0x0187, 0x0187, 0x0187, 0x0187, 0x0187, 0x0187, 0x0187, 0x0187, 0x0187, 
	0x0187, 0x0187, 0x0187, 0x0187, 0x0187, 0x0187, 0x0187, 0x0187, 0x0187, 0x0187, 0x0187, 0x0187, 0x0187, 0x0187, 0x0187, 0x0187, 
	0x0187, 0x0187, 0x0187, 0x0187, 0x0187, 0x0187, 0x0187, 0x0187, 0x0187, 0x0187, 0x0187, 0x0187, 0x0187, 0x0187, 0x0187, 0x0187, 
	0x0187, 0x0187, 0xf79b, 0xf79b, 0xf79b, 0xf79b, 0xf79b, 0x0187, 0x0187, 0x0187, 0x0187, 0x0187, 0x0187, 0x0187, 0x0187, 0x0187, 
	0x0187, 0x0187, 0x0187, 0x0187, 0x0187, 0x0187, 0x0187, 0x0187, 0x0187, 0xf79b, 0xf79b, 0xf79b, 0xf79b, 0xf79b, 0xf79b, 0x0187, 
	0x0187, 0x0187, 0x0187, 0x0187, 0x0187, 0x0187, 0x0187, 0x0187, 0x0187, 0x0187, 0x0187, 0x0187, 0x0187, 0x0187, 0x0187, 0x0187, 
	0x0187, 0x0187, 0x0187, 0x0187, 0x0187, 0x0187, 0x0187, 0x0187, 0x0187, 0x0187, 0x0187, 0x0187, 0x0187, 0x0187, 0x0187, 0x0187, 
	0x0187, 0x0187, 0x0187, 0x0187, 0x0187, 0x0187, 0x0187, 0x0187, 0x0187, 0x0187, 0x0187, 0x0187, 0x0187, 0x0187, 0x0187, 0x0187, 
	0x0187, 0x0187, 0x0187, 0x0187, 0x0187, 0x0187, 0x0187, 0x0187, 0x0187, 0x0187, 0x0187, 0x0187, 0x0187, 0x0187, 0x0187, 0x0187, 
	0x0187, 0x0187, 0x0187, 0x0187, 0x0187, 0x0187, 0x0187, 0x0187, 0x0187, 0x0187, 0x0187, 0x0187, 0x0187, 0x0187, 0x0187, 0x0187, 
	0x0187, 0x0187, 0x0187, 0x0187, 0x0187, 0x0187, 0x0187, 0x0187, 0x0187, 0x0187, 0x0187, 0x0187, 0x0187, 0x0187, 0xf79b, 0xf79b, 
	0xf79b, 0xf79b, 0xf79b, 0xf79b, 0xf79b, 0xf79b, 0xf79b, 0xf79b, 0xf79b, 0xf79b, 0x0187, 0x0187, 0x0187, 0x0187, 0x0187, 0x0187, 
	0x0187, 0x0187, 0x0187, 0x0187, 0x0187, 0x0187, 0x0187, 0x0187, 0x0187, 0x0187, 0x0187, 0x0187, 0x0187, 0x0187, 0xf79b, 0xf79b, 
	0xf79b, 0xf79b, 0xf79b, 0xf79b, 0x0187, 0x0187, 0x0187, 0x0187, 0x0187, 0x0187, 0x0187, 0x0187, 0x0187, 0x0187, 0x0187, 0x0187, 
	0x0187, 0x0187, 0x0187, 0x0187, 0x0187, 0x0187, 0x0187, 0x0187, 0x0187, 0x0187, 0x0187, 0x0187, 0x0187, 0x0187, 0x0187, 0x0187, 
	0x0187, 0x0187, 0x0187, 0x0187, 0x0187, 0x0187, 0x0187, 0x0187, 0x0187, 0x0187, 0x0187, 0x0187, 0x0187, 0x0187, 0x0187, 0x0187, 
	0x0187, 0x0187, 0x0187, 0x0187, 0x0187, 0x0187, 0x0187, 0x0187, 0x0187, 0x0187, 0x0187, 0x0187, 0x0187, 0x0187, 0x0187, 0x0187, 
	0x0187, 0x0187, 0x0187, 0x0187, 0x0187, 0x0187, 0x0187, 0x0187, 0x0187, 0x0187, 0x0187, 0x0187, 0x0187, 0x0187, 0x0187, 0x0187, 
	0x0187, 0x0187, 0xf79b, 0xf79b, 0xf79b, 0xf79b, 0xf79b, 0x0187, 0x0187, 0x0187, 0x0187, 0x0187, 0x0187, 0x0187, 0x0187, 0x0187, 
	0x0187, 0x0187, 0x0187, 0x0187, 0x0187, 0x0187, 0x0187, 0x0187, 0x0187, 0xf79b, 0xf79b, 0xf79b, 0xf79b, 0xf79b, 0xf79b, 0x0187, 
	0x0187, 0x0187, 0x0187, 0x0187, 0x0187, 0x0187, 0x0187, 0x0187, 0x0187, 0x0187, 0x0187, 0x0187, 0x0187, 0x0187, 0x0187, 0x0187, 
	0x0187, 0x0187, 0x0187, 0x0187, 0x0187, 0x0187, 0x0187, 0x0187, 0x0187, 0x0187, 0x0187, 0x0187, 0x0187, 0x0187, 0x0187, 0x0187, 
	0x0187, 0x0187, 0x0187, 0x0187, 0x0187, 0x0187, 0x0187, 0x0187, 0x0187, 0x0187, 0x0187, 0x0187, 0x0187, 0x0187, 0x0187, 0x0187, 
	0x0187, 0x0187, 0x0187, 0x0187, 0x0187, 0x0187, 0x0187, 0x0187, 0x0187, 0x0187, 0x0187, 0x0187, 0x0187, 0x0187, 0x0187, 0x0187, 
	0x0187, 0x0187, 0x0187, 0x0187, 0x0187, 0x0187, 0x0187, 0x0187, 0x0187, 0x0187, 0x0187, 0x0187, 0x0187, 0x0187, 0x0187, 0x0187, 
	0x0187, 0x0187, 0x0187, 0x0187, 0x0187, 0x0187, 0x0187, 0x0187, 0x0187, 0x0187, 0x0187, 0x0187, 0x0187, 0x0187, 0xf79b, 0xf79b, 
	0xf79b, 0xf79b, 0xf79b, 0xf79b, 0xf79b, 0xf79b, 0xf79b, 0xf79b, 0xf79b, 0xf79b, 0x0187, 0x0187, 0x0187, 0x0187, 0x0187, 0x0187, 
	0x0187, 0x0187, 0x0187, 0x0187, 0x0187, 0x0187, 0x0187, 0x0187, 0x0187, 0x0187, 0x0187, 0x0187, 0x0187, 0x0187, 0xf79b, 0xf79b, 
	0xf79b, 0xf79b, 0xf79b, 0xf79b, 0x0187, 0x0187, 0x0187, 0x0187, 0x0187, 0x0187, 0x0187, 0x0187, 0x0187, 0x0187, 0x0187, 0x0187, 
	0x0187, 0x0187, 0x0187, 0x0187, 0x0187, 0x0187, 0x0187, 0x0187, 0x0187, 0x0187, 0x0187, 0x0187, 0x0187, 0x0187, 0x0187, 0x0187, 
	0x0187, 0x0187, 0x0187, 0x0187, 0x0187, 0x0187, 0x0187, 0x0187, 0x0187, 0x0187, 0x0187, 0x0187, 0x0187, 0x0187, 0x0187, 0x0187, 
	0x0187, 0x0187, 0x0187, 0x0187, 0x0187, 0x0187, 0x0187, 0x0187, 0x0187, 0x0187, 0x0187, 0x0187, 0x0187, 0x0187, 0x0187, 0x0187, 
	0x0187, 0x0187, 0x0187, 0x0187, 0x0187, 0x0187, 0x0187, 0x0187, 0x0187, 0x0187, 0x0187, 0x0187, 0x0187, 0x0187, 0x0187, 0x0187, 
	0x0187, 0x0187, 0xf79b, 0xf79b, 0xf79b, 0xf79b, 0xf79b, 0x0187, 0x0187, 0x0187, 0x0187, 0x0187, 0x0187, 0x0187, 0x0187, 0x0187, 
	0x0187, 0x0187, 0x0187, 0x0187, 0x0187, 0x0187, 0x0187, 0x0187, 0x0187, 0xf79b, 0xf79b, 0xf79b, 0xf79b, 0xf79b, 0xf79b, 0x0187, 
	0x0187, 0x0187, 0x0187, 0x0187, 0x0187, 0x0187, 0x0187, 0x0187, 0x0187, 0x0187, 0x0187, 0x0187, 0x0187, 0x0187, 0x0187, 0x0187, 
	0x0187, 0x0187, 0x0187, 0x0187, 0x0187, 0x0187, 0x0187, 0x0187, 0x0187, 0x0187, 0x0187, 0x0187, 0x0187, 0x0187, 0x0187, 0x0187, 
	0x0187, 0x0187, 0x0187, 0x0187, 0x0187, 0x0187, 0x0187, 0x0187, 0x0187, 0x0187, 0x0187, 0x0187, 0x0187, 0x0187, 0x0187, 0x0187, 
	0x0187, 0x0187, 0x0187, 0x0187, 0x0187, 0x0187, 0x0187, 0x0187, 0x0187, 0x0187, 0x0187, 0x0187, 0x0187, 0x0187, 0x0187, 0x0187, 
	0x0187, 0x0187, 0x0187, 0x0187, 0x0187, 0x0187, 0x0187, 0x0187, 0x0187, 0x0187, 0x0187, 0x0187, 0x0187, 0x0187, 0x0187, 0x0187, 
	0x0187, 0x0187, 0x0187, 0x0187, 0x0187, 0x0187, 0x0187, 0x0187, 0x0187, 0x0187, 0x0187, 0x0187, 0x0187, 0x0187, 0xf79b, 0xf79b, 
	0xf79b, 0xf79b, 0xf79b, 0xf79b, 0x0187, 0xf79b, 0xf79b, 0xf79b, 0xf79b, 0xf79b, 0xf79b, 0x0187, 0x0187, 0x0187, 0x0187, 0x0187, 
	0x0187, 0x0187, 0x0187, 0x0187, 0x0187, 0x0187, 0x0187, 0x0187, 0x0187, 0x0187, 0x0187, 0x0187, 0x0187, 0x0187, 0xf79b, 0xf79b, 
	0xf79b, 0xf79b, 0xf79b, 0xf79b, 0x0187, 0x0187, 0x0187, 0x0187, 0x0187, 0x0187, 0x0187, 0x0187, 0x0187, 0x0187, 0x0187, 0x0187, 
	0x0187, 0x0187, 0x0187, 0x0187, 0x0187, 0x0187, 0x0187, 0x0187, 0x0187, 0x0187, 0x0187, 0x0187, 0x0187, 0x0187, 0x0187, 0x0187, 
	0x0187, 0x0187, 0x0187, 0x0187, 0x0187, 0x0187, 0x0187, 0x0187, 0x0187, 0x0187, 0x0187, 0x0187, 0x0187, 0x0187, 0x0187, 0x0187, 
	0x0187, 0x0187, 0x0187, 0x0187, 0x0187, 0x0187, 0x0187, 0x0187, 0x0187, 0x0187, 0x0187, 0x0187, 0x0187, 0x0187, 0x0187, 0x0187, 
	0x0187, 0x0187, 0x0187, 0x0187, 0x0187, 0x0187, 0x0187, 0x0187, 0x0187, 0x0187, 0x0187, 0x0187, 0x0187, 0x0187, 0x0187, 0x0187, 
	0x0187, 0x0187, 0xf79b, 0xf79b, 0xf79b, 0xf79b, 0xf79b, 0x0187, 0x0187, 0x0187, 0x0187, 0x0187, 0x0187, 0x0187, 0x0187, 0x0187, 
	0x0187, 0x0187, 0x0187, 0x0187, 0x0187, 0x0187, 0x0187, 0x0187, 0x0187, 0x0187, 0xf79b, 0xf79b, 0xf79b, 0xf79b, 0xf79b, 0x0187, 
	0x0187, 0x0187, 0x0187, 0x0187, 0x0187, 0x0187, 0x0187, 0x0187, 0x0187, 0x0187, 0x0187, 0x0187, 0x0187, 0x0187, 0x0187, 0x0187, 
	0x0187, 0x0187, 0x0187, 0x0187, 0x0187, 0x0187, 0x0187, 0x0187, 0x0187, 0x0187, 0x0187, 0x0187, 0x0187, 0x0187, 0x0187, 0x0187, 
	0x0187, 0x0187, 0x0187, 0x0187, 0x0187, 0x0187, 0x0187, 0x0187, 0x0187, 0x0187, 0x0187, 0x0187, 0x0187, 0x0187, 0x0187, 0x0187, 
	0x0187, 0x0187, 0x0187, 0x0187, 0x0187, 0x0187, 0x0187, 0x0187, 0x0187, 0x0187, 0x0187, 0x0187, 0x0187, 0x0187, 0x0187, 0x0187, 
	0x0187, 0x0187, 0x0187, 0x0187, 0x0187, 0x0187, 0x0187, 0x0187, 0x0187, 0x0187, 0x0187, 0x0187, 0x0187, 0x0187, 0x0187, 0x0187, 
	0x0187, 0x0187, 0x0187, 0x0187, 0x0187, 0x0187, 0x0187, 0x0187, 0x0187, 0x0187, 0x0187, 0x0187, 0x0187, 0x0187, 0xf79b, 0xf79b, 
	0xf79b, 0xf79b, 0xf79b, 0xf79b, 0x0187, 0xf79b, 0xf79b, 0xf79b, 0xf79b, 0xf79b, 0xf79b, 0xf79b, 0x0187, 0x0187, 0x0187, 0x0187, 
	0x0187, 0x0187, 0x0187, 0x0187, 0x0187, 0x0187, 0x0187, 0x0187, 0x0187, 0x0187, 0x0187, 0x0187, 0x0187, 0x0187, 0xf79b, 0xf79b, 
	0xf79b, 0xf79b, 0xf79b, 0xf79b, 0x0187, 0x0187, 0x0187, 0x0187, 0x0187, 0x0187, 0x0187, 0x0187, 0x0187, 0x0187, 0x0187, 0x0187, 
	0x0187, 0x0187, 0x0187, 0x0187, 0x0187, 0x0187, 0x0187, 0x0187, 0x0187, 0x0187, 0x0187, 0x0187, 0x0187, 0x0187, 0x0187, 0x0187, 
	0x0187, 0x0187, 0x0187, 0x0187, 0x0187, 0x0187, 0x0187, 0x0187, 0x0187, 0x0187, 0x0187, 0x0187, 0x0187, 0x0187, 0x0187, 0x0187, 
	0x0187, 0x0187, 0x0187, 0x0187, 0x0187, 0x0187, 0x0187, 0x0187, 0x0187, 0x0187, 0x0187, 0x0187, 0x0187, 0x0187, 0x0187, 0x0187, 
	0x0187, 0x0187, 0x0187, 0x0187, 0x0187, 0x0187, 0x0187, 0x0187, 0x0187, 0x0187, 0x0187, 0x0187, 0x0187, 0x0187, 0x0187, 0x0187, 
	0x0187, 0x0187, 0xf79b, 0xf79b, 0xf79b, 0xf79b, 0xf79b, 0x0187, 0x0187, 0x0187, 0x0187, 0x0187, 0x0187, 0x0187, 0x0187, 0x0187, 
	0x0187, 0x0187, 0x0187, 0x0187, 0x0187, 0x0187, 0x0187, 0x0187, 0x0187, 0x0187, 0xf79b, 0xf79b, 0xf79b, 0xf79b, 0xf79b, 0xf79b, 
	0x0187, 0x0187, 0x0187, 0x0187, 0x0187, 0x0187, 0x0187, 0x0187, 0x0187, 0x0187, 0x0187, 0x0187, 0x0187, 0x0187, 0x0187, 0x0187, 
	0x0187, 0x0187, 0x0187, 0x0187, 0x0187, 0x0187, 0x0187, 0x0187, 0x0187, 0x0187, 0x0187, 0x0187, 0x0187, 0x0187, 0x0187, 0x0187, 
	0xf79b, 0xf79b, 0xf79b, 0xf79b, 0xf79b, 0x0187, 0x0187, 0x0187, 0x0187, 0x0187, 0x0187, 0x0187, 0x0187, 0x0187, 0x0187, 0x0187, 
	0x0187, 0x0187, 0x0187, 0x0187, 0x0187, 0x0187, 0x0187, 0x0187, 0x0187, 0x0187, 0x0187, 0x0187, 0x0187, 0x0187, 0x0187, 0x0187, 
	0x0187, 0x0187, 0x0187, 0x0187, 0xf79b, 0xf79b, 0xf79b, 0xf79b, 0x0187, 0x0187, 0x0187, 0x0187, 0x0187, 0x0187, 0x0187, 0x0187, 
	0x0187, 0x0187, 0x0187, 0x0187, 0x0187, 0x0187, 0x0187, 0x0187, 0x0187, 0x0187, 0x0187, 0x0187, 0x0187, 0x0187, 0xf79b, 0xf79b, 
	0xf79b, 0xf79b, 0xf79b, 0xf79b, 0x0187, 0x0187, 0xf79b, 0xf79b, 0xf79b, 0xf79b, 0xf79b, 0xf79b, 0xf79b, 0x0187, 0x0187, 0x0187, 
	0x0187, 0x0187, 0x0187, 0x0187, 0x0187, 0x0187, 0x0187, 0x0187, 0x0187, 0x0187, 0x0187, 0x0187, 0x0187, 0x0187, 0xf79b, 0xf79b, 
	0xf79b, 0xf79b, 0xf79b, 0xf79b, 0x0187, 0x0187, 0x0187, 0x0187, 0x0187, 0x0187, 0x0187, 0x0187, 0x0187, 0x0187, 0x0187, 0x0187, 
	0x0187, 0x0187, 0x0187, 0x0187, 0x0187, 0x0187, 0x0187, 0x0187, 0x0187, 0xf79b, 0xf79b, 0xf79b, 0xf79b, 0xf79b, 0x0187, 0x0187, 
	0x0187, 0x0187, 0x0187, 0x0187, 0x0187, 0x0187, 0x0187, 0x0187, 0x0187, 0x0187, 0x0187, 0x0187, 0x0187, 0x0187, 0x0187, 0x0187, 
	0x0187, 0x0187, 0x0187, 0x0187, 0x0187, 0x0187, 0x0187, 0x0187, 0x0187, 0x0187, 0x0187, 0x0187, 0x0187, 0x0187, 0x0187, 0x0187, 
	0x0187, 0x0187, 0x0187, 0x0187, 0x0187, 0x0187, 0x0187, 0x0187, 0x0187, 0x0187, 0x0187, 0x0187, 0x0187, 0x0187, 0x0187, 0x0187, 
	0x0187, 0x0187, 0xf79b, 0xf79b, 0xf79b, 0xf79b, 0xf79b, 0x0187, 0x0187, 0x0187, 0x0187, 0x0187, 0x0187, 0x0187, 0x0187, 0x0187, 
	0x0187, 0x0187, 0x0187, 0x0187, 0x0187, 0x0187, 0x0187, 0x0187, 0x0187, 0x0187, 0xf79b, 0xf79b, 0xf79b, 0xf79b, 0xf79b, 0xf79b, 
	0x0187, 0x0187, 0x0187, 0x0187, 0x0187, 0x0187, 0x0187, 0xf79b, 0xf79b, 0xf79b, 0xf79b, 0x0187, 0x0187, 0x0187, 0x0187, 0x0187, 
	0x0187, 0x0187, 0x0187, 0x0187, 0x0187, 0x0187, 0x0187, 0x0187, 0x0187, 0x0187, 0x0187, 0x0187, 0xf79b, 0xf79b, 0xf79b, 0xf79b, 
	0xf79b, 0xf79b, 0xf79b, 0xf79b, 0xf79b, 0xf79b, 0xf79b, 0xf79b, 0xf79b, 0x0187, 0x0187, 0x0187, 0x0187, 0x0187, 0x0187, 0x0187, 
	0x0187, 0x0187, 0x0187, 0x0187, 0x0187, 0x0187, 0x0187, 0x0187, 0x0187, 0x0187, 0x0187, 0x0187, 0x0187, 0x0187, 0x0187, 0xf79b, 
	0xf79b, 0xf79b, 0xf79b, 0xf79b, 0xf79b, 0xf79b, 0xf79b, 0xf79b, 0xf79b, 0xf79b, 0xf79b, 0xf79b, 0x0187, 0x0187, 0x0187, 0x0187, 
	0x0187, 0x0187, 0x0187, 0x0187, 0x0187, 0x0187, 0x0187, 0x0187, 0x0187, 0x0187, 0x0187, 0x0187, 0x0187, 0x0187, 0xf79b, 0xf79b, 
	0xf79b, 0xf79b, 0xf79b, 0xf79b, 0x0187, 0x0187, 0x0187, 0xf79b, 0xf79b, 0xf79b, 0xf79b, 0xf79b, 0xf79b, 0x0187, 0x0187, 0x0187, 
	0x0187, 0x0187, 0x0187, 0x0187, 0x0187, 0x0187, 0x0187, 0x0187, 0x0187, 0x0187, 0x0187, 0x0187, 0x0187, 0x0187, 0xf79b, 0xf79b, 
	0xf79b, 0xf79b, 0xf79b, 0xf79b, 0x0187, 0x0187, 0x0187, 0x0187, 0x0187, 0x0187, 0x0187, 0x0187, 0x0187, 0x0187, 0x0187, 0x0187, 
	0x0187, 0x0187, 0x0187, 0x0187, 0x0187, 0xf79b, 0xf79b, 0xf79b, 0xf79b, 0xf79b, 0xf79b, 0xf79b, 0xf79b, 0xf79b, 0xf79b, 0xf79b, 
	0xf79b, 0xf79b, 0x0187, 0x0187, 0x0187, 0x0187, 0x0187, 0x0187, 0x0187, 0x0187, 0x0187, 0x0187, 0x0187, 0x0187, 0x0187, 0xf79b, 
	0xf79b, 0xf79b, 0xf79b, 0x0187, 0x0187, 0x0187, 0x0187, 0x0187, 0x0187, 0x0187, 0x0187, 0x0187, 0x0187, 0x0187, 0x0187, 0x0187, 
	0x0187, 0x0187, 0x0187, 0x0187, 0x0187, 0x0187, 0x0187, 0x0187, 0x0187, 0xf79b, 0xf79b, 0xf79b, 0xf79b, 0x0187, 0x0187, 0x0187, 
	0x0187, 0x0187, 0xf79b, 0xf79b, 0xf79b, 0xf79b, 0xf79b, 0x0187, 0x0187, 0x0187, 0x0187, 0x0187, 0x0187, 0x0187, 0x0187, 0x0187, 
	0x0187, 0x0187, 0x0187, 0x0187, 0x0187, 0x0187, 0x0187, 0x0187, 0x0187, 0x0187, 0xf79b, 0xf79b, 0xf79b, 0xf79b, 0xf79b, 0xf79b, 
	0x0187, 0x0187, 0x0187, 0x0187, 0x0187, 0x0187, 0x0187, 0xf79b, 0xf79b, 0xf79b, 0xf79b, 0x0187, 0x0187, 0x0187, 0x0187, 0x0187, 
	0x0187, 0x0187, 0x0187, 0x0187, 0x0187, 0x0187, 0x0187, 0x0187, 0x0187, 0x0187, 0xf79b, 0xf79b, 0xf79b, 0xf79b, 0xf79b, 0xf79b, 
	0xf79b, 0xf79b, 0xf79b, 0xf79b, 0xf79b, 0xf79b, 0xf79b, 0xf79b, 0xf79b, 0xf79b, 0xf79b, 0x0187, 0x0187, 0x0187, 0x0187, 0x0187, 
	0x0187, 0x0187, 0x0187, 0x0187, 0x0187, 0x0187, 0x0187, 0x0187, 0x0187, 0x0187, 0x0187, 0x0187, 0x0187, 0xf79b, 0xf79b, 0xf79b, 
	0xf79b, 0xf79b, 0xf79b, 0xf79b, 0xf79b, 0xf79b, 0xf79b, 0xf79b, 0xf79b, 0xf79b, 0xf79b, 0xf79b, 0xf79b, 0xf79b, 0xf79b, 0x0187, 
	0x0187, 0x0187, 0x0187, 0x0187, 0x0187, 0x0187, 0x0187, 0x0187, 0x0187, 0x0187, 0x0187, 0x0187, 0x0187, 0x0187, 0xf79b, 0xf79b, 
	0xf79b, 0xf79b, 0xf79b, 0xf79b, 0x0187, 0x0187, 0x0187, 0x0187, 0xf79b, 0xf79b, 0xf79b, 0xf79b, 0xf79b, 0xf79b, 0x0187, 0x0187, 
	0x0187, 0x0187, 0x0187, 0x0187, 0x0187, 0x0187, 0x0187, 0x0187, 0x0187, 0x0187, 0x0187, 0x0187, 0x0187, 0x0187, 0xf79b, 0xf79b, 
	0xf79b, 0xf79b, 0xf79b, 0xf79b, 0x0187, 0x0187, 0x0187, 0x0187, 0x0187, 0x0187, 0x0187, 0x0187, 0x0187, 0x0187, 0x0187, 0x0187, 
	0x0187, 0x0187, 0x0187, 0xf79b, 0xf79b, 0xf79b, 0xf79b, 0xf79b, 0xf79b, 0xf79b, 0xf79b, 0xf79b, 0xf79b, 0xf79b, 0xf79b, 0xf79b, 
	0xf79b, 0xf79b, 0xf79b, 0xf79b, 0xf79b, 0x0187, 0x0187, 0x0187, 0x0187, 0x0187, 0x0187, 0x0187, 0x0187, 0x0187, 0xf79b, 0xf79b, 
	0xf79b, 0xf79b, 0xf79b, 0x0187, 0x0187, 0x0187, 0x0187, 0x0187, 0x0187, 0x0187, 0x0187, 0x0187, 0x0187, 0x0187, 0x0187, 0x0187, 
	0x0187, 0x0187, 0x0187, 0x0187, 0x0187, 0x0187, 0x0187, 0x0187, 0xf79b, 0xf79b, 0xf79b, 0xf79b, 0xf79b, 0xf79b, 0x0187, 0x0187, 
	0x0187, 0x0187, 0xf79b, 0xf79b, 0xf79b, 0xf79b, 0xf79b, 0x0187, 0x0187, 0x0187, 0x0187, 0x0187, 0x0187, 0x0187, 0x0187, 0x0187, 
	0x0187, 0x0187, 0x0187, 0x0187, 0x0187, 0x0187, 0x0187, 0x0187, 0x0187, 0x0187, 0xf79b, 0xf79b, 0xf79b, 0xf79b, 0xf79b, 0xf79b, 
	0x0187, 0x0187, 0x0187, 0x0187, 0x0187, 0x0187, 0xf79b, 0xf79b, 0xf79b, 0xf79b, 0xf79b, 0xf79b, 0x0187, 0x0187, 0x0187, 0x0187, 
	0x0187, 0x0187, 0x0187, 0x0187, 0x0187, 0x0187, 0x0187, 0x0187, 0x0187, 0xf79b, 0xf79b, 0xf79b, 0xf79b, 0xf79b, 0xf79b, 0xf79b, 
	0xf79b, 0xf79b, 0xf79b, 0xf79b, 0xf79b, 0xf79b, 0xf79b, 0xf79b, 0xf79b, 0xf79b, 0xf79b, 0xf79b, 0x0187, 0x0187, 0x0187, 0x0187, 
	0x0187, 0x0187, 0x0187, 0x0187, 0x0187, 0x0187, 0x0187, 0x0187, 0x0187, 0x0187, 0x0187, 0x0187, 0xf79b, 0xf79b, 0xf79b, 0xf79b, 
	0xf79b, 0xf79b, 0xf79b, 0xf79b, 0xf79b, 0xf79b, 0xf79b, 0xf79b, 0xf79b, 0xf79b, 0xf79b, 0xf79b, 0xf79b, 0xf79b, 0xf79b, 0xf79b, 
	0x0187, 0x0187, 0x0187, 0x0187, 0x0187, 0x0187, 0x0187, 0x0187, 0x0187, 0x0187, 0x0187, 0x0187, 0x0187, 0x0187, 0xf79b, 0xf79b, 
	0xf79b, 0xf79b, 0xf79b, 0xf79b, 0x0187, 0x0187, 0x0187, 0x0187, 0xf79b, 0xf79b, 0xf79b, 0xf79b, 0xf79b, 0xf79b, 0xf79b, 0x0187, 
	0x0187, 0x0187, 0x0187, 0x0187, 0x0187, 0x0187, 0x0187, 0x0187, 0x0187, 0x0187, 0x0187, 0x0187, 0x0187, 0x0187, 0xf79b, 0xf79b, 
	0xf79b, 0xf79b, 0xf79b, 0xf79b, 0x0187, 0x0187, 0x0187, 0x0187, 0x0187, 0x0187, 0x0187, 0x0187, 0x0187, 0x0187, 0x0187, 0x0187, 
	0x0187, 0xf79b, 0xf79b, 0xf79b, 0xf79b, 0xf79b, 0xf79b, 0xf79b, 0xf79b, 0xf79b, 0xf79b, 0xf79b, 0xf79b, 0xf79b, 0xf79b, 0xf79b, 
	0xf79b, 0xf79b, 0xf79b, 0xf79b, 0xf79b, 0xf79b, 0x0187, 0x0187, 0x0187, 0x0187, 0x0187, 0x0187, 0x0187, 0x0187, 0xf79b, 0xf79b, 
	0xf79b, 0xf79b, 0xf79b, 0xf79b, 0x0187, 0x0187, 0x0187, 0x0187, 0x0187, 0x0187, 0x0187, 0x0187, 0x0187, 0x0187, 0x0187, 0x0187, 
	0x0187, 0x0187, 0x0187, 0x0187, 0x0187, 0x0187, 0x0187, 0x0187, 0xf79b, 0xf79b, 0xf79b, 0xf79b, 0xf79b, 0xf79b, 0x0187, 0x0187, 
	0x0187, 0x0187, 0xf79b, 0xf79b, 0xf79b, 0xf79b, 0xf79b, 0x0187, 0x0187, 0x0187, 0x0187, 0x0187, 0x0187, 0x0187, 0x0187, 0x0187, 
	0x0187, 0x0187, 0x0187, 0x0187, 0x0187, 0x0187, 0x0187, 0x0187, 0x0187, 0x0187, 0xf79b, 0xf79b, 0xf79b, 0xf79b, 0xf79b, 0x0187, 
	0x0187, 0x0187, 0x0187, 0x0187, 0x0187, 0x0187, 0xf79b, 0xf79b, 0xf79b, 0xf79b, 0xf79b, 0xf79b, 0x0187, 0x0187, 0x0187, 0x0187, 
	0x0187, 0x0187, 0x0187, 0x0187, 0x0187, 0x0187, 0x0187, 0xf79b, 0xf79b, 0xf79b, 0xf79b, 0xf79b, 0xf79b, 0xf79b, 0xf79b, 0xf79b, 
	0xf79b, 0xf79b, 0xf79b, 0xf79b, 0xf79b, 0xf79b, 0xf79b, 0xf79b, 0xf79b, 0xf79b, 0xf79b, 0xf79b, 0xf79b, 0x0187, 0x0187, 0x0187, 
	0x0187, 0x0187, 0x0187, 0x0187, 0x0187, 0x0187, 0x0187, 0x0187, 0x0187, 0x0187, 0xf79b, 0xf79b, 0xf79b, 0xf79b, 0xf79b, 0xf79b, 
	0xf79b, 0xf79b, 0xf79b, 0xf79b, 0xf79b, 0xf79b, 0xf79b, 0xf79b, 0xf79b, 0xf79b, 0xf79b, 0xf79b, 0xf79b, 0xf79b, 0xf79b, 0xf79b, 
	0xf79b, 0x0187, 0x0187, 0x0187, 0x0187, 0x0187, 0x0187, 0x0187, 0x0187, 0x0187, 0x0187, 0x0187, 0x0187, 0x0187, 0xf79b, 0xf79b, 
	0xf79b, 0xf79b, 0xf79b, 0xf79b, 0x0187, 0x0187, 0x0187, 0x0187, 0x0187, 0xf79b, 0xf79b, 0xf79b, 0xf79b, 0xf79b, 0xf79b, 0xf79b, 
	0x0187, 0x0187, 0x0187, 0x0187, 0x0187, 0x0187, 0x0187, 0x0187, 0x0187, 0x0187, 0x0187, 0x0187, 0x0187, 0x0187, 0xf79b, 0xf79b, 
	0xf79b, 0xf79b, 0xf79b, 0xf79b, 0x0187, 0x0187, 0x0187, 0x0187, 0x0187, 0x0187, 0x0187, 0x0187, 0x0187, 0x0187, 0x0187, 0x0187, 
	0xf79b, 0xf79b, 0xf79b, 0xf79b, 0xf79b, 0xf79b, 0xf79b, 0xf79b, 0xf79b, 0xf79b, 0xf79b, 0xf79b, 0xf79b, 0xf79b, 0xf79b, 0xf79b, 
	0xf79b, 0xf79b, 0xf79b, 0xf79b, 0xf79b, 0xf79b, 0xf79b, 0x0187, 0x0187, 0x0187, 0x0187, 0x0187, 0x0187, 0x0187, 0xf79b, 0xf79b, 
	0xf79b, 0xf79b, 0xf79b, 0xf79b, 0x0187, 0x0187, 0x0187, 0x0187, 0x0187, 0x0187, 0x0187, 0x0187, 0x0187, 0x0187, 0x0187, 0x0187, 
	0x0187, 0x0187, 0x0187, 0x0187, 0x0187, 0x0187, 0x0187, 0xf79b, 0xf79b, 0xf79b, 0xf79b, 0xf79b, 0xf79b, 0x0187, 0x0187, 0x0187, 
	0x0187, 0x0187, 0xf79b, 0xf79b, 0xf79b, 0xf79b, 0xf79b, 0x0187, 0x0187, 0x0187, 0x0187, 0x0187, 0x0187, 0x0187, 0x0187, 0x0187, 
	0x0187, 0x0187, 0x0187, 0x0187, 0x0187, 0x0187, 0x0187, 0x0187, 0x0187, 0x0187, 0xf79b, 0xf79b, 0xf79b, 0xf79b, 0xf79b, 0x0187, 
	0x0187, 0x0187, 0x0187, 0x0187, 0x0187, 0x0187, 0xf79b, 0xf79b, 0xf79b, 0xf79b, 0xf79b, 0xf79b, 0x0187, 0x0187, 0x0187, 0x0187, 
	0x0187, 0x0187, 0x0187, 0x0187, 0x0187, 0x0187, 0xf79b, 0xf79b, 0xf79b, 0xf79b, 0xf79b, 0xf79b, 0xf79b, 0xf79b, 0xf79b, 0xf79b, 
	0xf79b, 0x0187, 0x0187, 0x0187, 0x0187, 0xf79b, 0xf79b, 0xf79b, 0xf79b, 0xf79b, 0xf79b, 0xf79b, 0xf79b, 0xf79b, 0x0187, 0x0187, 
	0x0187, 0x0187, 0x0187, 0x0187, 0x0187, 0x0187, 0x0187, 0x0187, 0x0187, 0x0187, 0xf79b, 0xf79b, 0xf79b, 0xf79b, 0xf79b, 0xf79b, 
	0xf79b, 0xf79b, 0xf79b, 0xf79b, 0x0187, 0x0187, 0x0187, 0x0187, 0xf79b, 0xf79b, 0xf79b, 0xf79b, 0xf79b, 0xf79b, 0xf79b, 0xf79b, 
	0xf79b, 0xf79b, 0x0187, 0x0187, 0x0187, 0x0187, 0x0187, 0x0187, 0x0187, 0x0187, 0x0187, 0x0187, 0x0187, 0x0187, 0xf79b, 0xf79b, 
	0xf79b, 0xf79b, 0xf79b, 0xf79b, 0x0187, 0x0187, 0x0187, 0x0187, 0x0187, 0x0187, 0xf79b, 0xf79b, 0xf79b, 0xf79b, 0xf79b, 0xf79b, 
	0xf79b, 0x0187, 0x0187, 0x0187, 0x0187, 0x0187, 0x0187, 0x0187, 0x0187, 0x0187, 0x0187, 0x0187, 0x0187, 0x0187, 0xf79b, 0xf79b, 
	0xf79b, 0xf79b, 0xf79b, 0xf79b, 0x0187, 0x0187, 0x0187, 0x0187, 0x0187, 0x0187, 0x0187, 0x0187, 0x0187, 0x0187, 0x0187, 0xf79b, 
	0xf79b, 0xf79b, 0xf79b, 0xf79b, 0xf79b, 0xf79b, 0xf79b, 0xf79b, 0xf79b, 0xf79b, 0x0187, 0x0187, 0x0187, 0x0187, 0xf79b, 0xf79b, 
	0xf79b, 0xf79b, 0xf79b, 0xf79b, 0xf79b, 0xf79b, 0xf79b, 0xf79b, 0x0187, 0x0187, 0x0187, 0x0187, 0x0187, 0x0187, 0x0187, 0xf79b, 
	0xf79b, 0xf79b, 0xf79b, 0xf79b, 0xf79b, 0x0187, 0x0187, 0x0187, 0x0187, 0x0187, 0x0187, 0x0187, 0x0187, 0x0187, 0x0187, 0x0187, 
	0x0187, 0x0187, 0x0187, 0x0187, 0x0187, 0x0187, 0x0187, 0xf79b, 0xf79b, 0xf79b, 0xf79b, 0xf79b, 0xf79b, 0x0187, 0x0187, 0x0187, 
	0x0187, 0x0187, 0xf79b, 0xf79b, 0xf79b, 0xf79b, 0xf79b, 0x0187, 0x0187, 0x0187, 0x0187, 0x0187, 0x0187, 0x0187, 0x0187, 0x0187, 
	0x0187, 0x0187, 0x0187, 0x0187, 0x0187, 0x0187, 0x0187, 0x0187, 0x0187, 0xf79b, 0xf79b, 0xf79b, 0xf79b, 0xf79b, 0xf79b, 0x0187, 
	0x0187, 0x0187, 0x0187, 0x0187, 0x0187, 0x0187, 0xf79b, 0xf79b, 0xf79b, 0xf79b, 0xf79b, 0xf79b, 0x0187, 0x0187, 0x0187, 0x0187, 
	0x0187, 0x0187, 0x0187, 0x0187, 0x0187, 0x0187, 0xf79b, 0xf79b, 0xf79b, 0xf79b, 0xf79b, 0xf79b, 0xf79b, 0xf79b, 0x0187, 0x0187, 
	0x0187, 0x0187, 0x0187, 0x0187, 0x0187, 0x0187, 0x0187, 0xf79b, 0xf79b, 0xf79b, 0xf79b, 0xf79b, 0xf79b, 0xf79b, 0xf79b, 0x0187, 
	0x0187, 0x0187, 0x0187, 0x0187, 0x0187, 0x0187, 0x0187, 0x0187, 0x0187, 0xf79b, 0xf79b, 0xf79b, 0xf79b, 0xf79b, 0xf79b, 0xf79b, 
	0xf79b, 0x0187, 0x0187, 0x0187, 0x0187, 0x0187, 0x0187, 0x0187, 0x0187, 0x0187, 0x0187, 0xf79b, 0xf79b, 0xf79b, 0xf79b, 0xf79b, 
	0xf79b, 0xf79b, 0xf79b, 0x0187, 0x0187, 0x0187, 0x0187, 0x0187, 0x0187, 0x0187, 0x0187, 0x0187, 0x0187, 0x0187, 0xf79b, 0xf79b, 
	0xf79b, 0xf79b, 0xf79b, 0xf79b, 0x0187, 0x0187, 0x0187, 0x0187, 0x0187, 0x0187, 0x0187, 0xf79b, 0xf79b, 0xf79b, 0xf79b, 0xf79b, 
	0xf79b, 0x0187, 0x0187, 0x0187, 0x0187, 0x0187, 0x0187, 0x0187, 0x0187, 0x0187, 0x0187, 0x0187, 0x0187, 0x0187, 0xf79b, 0xf79b, 
	0xf79b, 0xf79b, 0xf79b, 0xf79b, 0x0187, 0x0187, 0x0187, 0x0187, 0x0187, 0x0187, 0x0187, 0x0187, 0x0187, 0x0187, 0x0187, 0xf79b, 
	0xf79b, 0xf79b, 0xf79b, 0xf79b, 0xf79b, 0xf79b, 0xf79b, 0x0187, 0x0187, 0x0187, 0x0187, 0x0187, 0x0187, 0x0187, 0x0187, 0x0187, 
	0x0187, 0xf79b, 0xf79b, 0xf79b, 0xf79b, 0xf79b, 0xf79b, 0xf79b, 0xf79b, 0x0187, 0x0187, 0x0187, 0x0187, 0x0187, 0x0187, 0xf79b, 
	0xf79b, 0xf79b, 0xf79b, 0xf79b, 0xf79b, 0x0187, 0x0187, 0x0187, 0x0187, 0x0187, 0x0187, 0x0187, 0x0187, 0x0187, 0x0187, 0x0187, 
	0x0187, 0x0187, 0x0187, 0x0187, 0x0187, 0x0187, 0x0187, 0xf79b, 0xf79b, 0xf79b, 0xf79b, 0xf79b, 0x0187, 0x0187, 0x0187, 0x0187, 
	0x0187, 0x0187, 0xf79b, 0xf79b, 0xf79b, 0xf79b, 0xf79b, 0x0187, 0x0187, 0x0187, 0x0187, 0x0187, 0x0187, 0x0187, 0x0187, 0x0187, 
	0x0187, 0x0187, 0x0187, 0x0187, 0x0187, 0x0187, 0x0187, 0x0187, 0x0187, 0xf79b, 0xf79b, 0xf79b, 0xf79b, 0xf79b, 0xf79b, 0x0187, 
	0x0187, 0x0187, 0x0187, 0x0187, 0x0187, 0x0187, 0xf79b, 0xf79b, 0xf79b, 0xf79b, 0xf79b, 0xf79b, 0x0187, 0x0187, 0x0187, 0x0187, 
	0x0187, 0x0187, 0x0187, 0x0187, 0x0187, 0xf79b, 0xf79b, 0xf79b, 0xf79b, 0xf79b, 0xf79b, 0xf79b, 0x0187, 0x0187, 0x0187, 0x0187, 
	0x0187, 0x0187, 0x0187, 0x0187, 0x0187, 0x0187, 0x0187, 0x0187, 0x0187, 0xf79b, 0xf79b, 0xf79b, 0xf79b, 0xf79b, 0xf79b, 0x0187, 
	0x0187, 0x0187, 0x0187, 0x0187, 0x0187, 0x0187, 0x0187, 0x0187, 0xf79b, 0xf79b, 0xf79b, 0xf79b, 0xf79b, 0xf79b, 0xf79b, 0xf79b, 
	0x0187, 0x0187, 0x0187, 0x0187, 0x0187, 0x0187, 0x0187, 0x0187, 0x0187, 0x0187, 0x0187, 0x0187, 0xf79b, 0xf79b, 0xf79b, 0xf79b, 
	0xf79b, 0xf79b, 0xf79b, 0xf79b, 0x0187, 0x0187, 0x0187, 0x0187, 0x0187, 0x0187, 0x0187, 0x0187, 0x0187, 0x0187, 0xf79b, 0xf79b, 
	0xf79b, 0xf79b, 0xf79b, 0xf79b, 0x0187, 0x0187, 0x0187, 0x0187, 0x0187, 0x0187, 0x0187, 0xf79b, 0xf79b, 0xf79b, 0xf79b, 0xf79b, 
	0xf79b, 0xf79b, 0x0187, 0x0187, 0x0187, 0x0187, 0x0187, 0x0187, 0x0187, 0x0187, 0x0187, 0x0187, 0x0187, 0x0187, 0xf79b, 0xf79b, 
	0xf79b, 0xf79b, 0xf79b, 0xf79b, 0x0187, 0x0187, 0x0187, 0x0187, 0x0187, 0x0187, 0x0187, 0x0187, 0x0187, 0x0187, 0xf79b, 0xf79b, 
	0xf79b, 0xf79b, 0xf79b, 0xf79b, 0xf79b, 0x0187, 0x0187, 0x0187, 0x0187, 0x0187, 0x0187, 0x0187, 0x0187, 0x0187, 0x0187, 0x0187, 
	0x0187, 0x0187, 0xf79b, 0xf79b, 0xf79b, 0xf79b, 0xf79b, 0xf79b, 0xf79b, 0xf79b, 0x0187, 0x0187, 0x0187, 0x0187, 0x0187, 0x0187, 
	0xf79b, 0xf79b, 0xf79b, 0xf79b, 0xf79b, 0xf79b, 0x0187, 0x0187, 0x0187, 0x0187, 0x0187, 0x0187, 0x0187, 0x0187, 0x0187, 0x0187, 
	0x0187, 0x0187, 0x0187, 0x0187, 0x0187, 0x0187, 0xf79b, 0xf79b, 0xf79b, 0xf79b, 0xf79b, 0xf79b, 0x0187, 0x0187, 0x0187, 0x0187, 
	0x0187, 0x0187, 0xf79b, 0xf79b, 0xf79b, 0xf79b, 0xf79b, 0x0187, 0x0187, 0x0187, 0x0187, 0x0187, 0x0187, 0x0187, 0x0187, 0x0187, 
	0x0187, 0x0187, 0x0187, 0x0187, 0x0187, 0x0187, 0x0187, 0x0187, 0xf79b, 0xf79b, 0xf79b, 0xf79b, 0xf79b, 0xf79b, 0x0187, 0x0187, 
	0x0187, 0x0187, 0x0187, 0x0187, 0x0187, 0x0187, 0xf79b, 0xf79b, 0xf79b, 0xf79b, 0xf79b, 0xf79b, 0x0187, 0x0187, 0x0187, 0x0187, 
	0x0187, 0x0187, 0x0187, 0x0187, 0xf79b, 0xf79b, 0xf79b, 0xf79b, 0xf79b, 0xf79b, 0xf79b, 0x0187, 0x0187, 0x0187, 0x0187, 0x0187, 
	0x0187, 0x0187, 0x0187, 0x0187, 0x0187, 0x0187, 0x0187, 0x0187, 0x0187, 0x0187, 0xf79b, 0xf79b, 0xf79b, 0xf79b, 0xf79b, 0x0187, 
	0x0187, 0x0187, 0x0187, 0x0187, 0x0187, 0x0187, 0x0187, 0xf79b, 0xf79b, 0xf79b, 0xf79b, 0xf79b, 0xf79b, 0xf79b, 0x0187, 0x0187, 
	0x0187, 0x0187, 0x0187, 0x0187, 0x0187, 0x0187, 0x0187, 0x0187, 0x0187, 0x0187, 0x0187, 0x0187, 0x0187, 0x0187, 0xf79b, 0xf79b, 
	0xf79b, 0xf79b, 0xf79b, 0xf79b, 0xf79b, 0x0187, 0x0187, 0x0187, 0x0187, 0x0187, 0x0187, 0x0187, 0x0187, 0x0187, 0xf79b, 0xf79b, 
	0xf79b, 0xf79b, 0xf79b, 0xf79b, 0x0187, 0x0187, 0x0187, 0x0187, 0x0187, 0x0187, 0x0187, 0x0187, 0xf79b, 0xf79b, 0xf79b, 0xf79b, 
	0xf79b, 0xf79b, 0xf79b, 0x0187, 0x0187, 0x0187, 0x0187, 0x0187, 0x0187, 0x0187, 0x0187, 0x0187, 0x0187, 0x0187, 0xf79b, 0xf79b, 
	0xf79b, 0xf79b, 0xf79b, 0xf79b, 0x0187, 0x0187, 0x0187, 0x0187, 0x0187, 0x0187, 0x0187, 0x0187, 0x0187, 0xf79b, 0xf79b, 0xf79b, 
	0xf79b, 0xf79b, 0xf79b, 0xf79b, 0x0187, 0x0187, 0x0187, 0x0187, 0x0187, 0x0187, 0x0187, 0x0187, 0x0187, 0x0187, 0x0187, 0x0187, 
	0x0187, 0x0187, 0x0187, 0x0187, 0xf79b, 0xf79b, 0xf79b, 0xf79b, 0xf79b, 0xf79b, 0x0187, 0x0187, 0x0187, 0x0187, 0x0187, 0x0187, 
	0xf79b, 0xf79b, 0xf79b, 0xf79b, 0xf79b, 0xf79b, 0x0187, 0x0187, 0x0187, 0x0187, 0x0187, 0x0187, 0x0187, 0x0187, 0x0187, 0x0187, 
	0x0187, 0x0187, 0x0187, 0x0187, 0x0187, 0x0187, 0xf79b, 0xf79b, 0xf79b, 0xf79b, 0xf79b, 0x0187, 0x0187, 0x0187, 0x0187, 0x0187, 
	0x0187, 0x0187, 0xf79b, 0xf79b, 0xf79b, 0xf79b, 0xf79b, 0x0187, 0x0187, 0x0187, 0x0187, 0x0187, 0x0187, 0x0187, 0x0187, 0x0187, 
	0x0187, 0x0187, 0x0187, 0x0187, 0x0187, 0x0187, 0x0187, 0xf79b, 0xf79b, 0xf79b, 0xf79b, 0xf79b, 0xf79b, 0xf79b, 0x0187, 0x0187, 
	0x0187, 0x0187, 0x0187, 0x0187, 0x0187, 0x0187, 0xf79b, 0xf79b, 0xf79b, 0xf79b, 0xf79b, 0xf79b, 0x0187, 0x0187, 0x0187, 0x0187, 
	0x0187, 0x0187, 0x0187, 0x0187, 0xf79b, 0xf79b, 0xf79b, 0xf79b, 0xf79b, 0xf79b, 0x0187, 0x0187, 0x0187, 0x0187, 0x0187, 0x0187, 
	0x0187, 0x0187, 0x0187, 0x0187, 0x0187, 0x0187, 0x0187, 0x0187, 0x0187, 0x0187, 0x0187, 0xf79b, 0xf79b, 0xf79b, 0x0187, 0x0187, 
	0x0187, 0x0187, 0x0187, 0x0187, 0x0187, 0x0187, 0x0187, 0xf79b, 0xf79b, 0xf79b, 0xf79b, 0xf79b, 0xf79b, 0x0187, 0x0187, 0x0187, 
	0x0187, 0x0187, 0x0187, 0x0187, 0x0187, 0x0187, 0x0187, 0x0187, 0x0187, 0x0187, 0x0187, 0x0187, 0x0187, 0x0187, 0xf79b, 0xf79b, 
	0xf79b, 0xf79b, 0xf79b, 0xf79b, 0xf79b, 0x0187, 0x0187, 0x0187, 0x0187, 0x0187, 0x0187, 0x0187, 0x0187, 0x0187, 0xf79b, 0xf79b, 
	0xf79b, 0xf79b, 0xf79b, 0xf79b, 0x0187, 0x0187, 0x0187, 0x0187, 0x0187, 0x0187, 0x0187, 0x0187, 0x0187, 0xf79b, 0xf79b, 0xf79b, 
	0xf79b, 0xf79b, 0xf79b, 0xf79b, 0x0187, 0x0187, 0x0187, 0x0187, 0x0187, 0x0187, 0x0187, 0x0187, 0x0187, 0x0187, 0xf79b, 0xf79b, 
	0xf79b, 0xf79b, 0xf79b, 0xf79b, 0x0187, 0x0187, 0x0187, 0x0187, 0x0187, 0x0187, 0x0187, 0x0187, 0x0187, 0xf79b, 0xf79b, 0xf79b, 
	0xf79b, 0xf79b, 0xf79b, 0x0187, 0x0187, 0x0187, 0x0187, 0x0187, 0x0187, 0x0187, 0x0187, 0x0187, 0x0187, 0x0187, 0x0187, 0x0187, 
	0x0187, 0x0187, 0x0187, 0x0187, 0xf79b, 0xf79b, 0xf79b, 0xf79b, 0xf79b, 0xf79b, 0xf79b, 0x0187, 0x0187, 0x0187, 0x0187, 0x0187, 
	0x0187, 0xf79b, 0xf79b, 0xf79b, 0xf79b, 0xf79b, 0xf79b, 0x0187, 0x0187, 0x0187, 0x0187, 0x0187, 0x0187, 0x0187, 0x0187, 0x0187, 
	0x0187, 0x0187, 0x0187, 0x0187, 0x0187, 0xf79b, 0xf79b, 0xf79b, 0xf79b, 0xf79b, 0xf79b, 0x0187, 0x0187, 0x0187, 0x0187, 0x0187, 
	0x0187, 0x0187, 0xf79b, 0xf79b, 0xf79b, 0xf79b, 0xf79b, 0x0187, 0x0187, 0x0187, 0x0187, 0x0187, 0x0187, 0x0187, 0x0187, 0x0187, 
	0x0187, 0x0187, 0x0187, 0x0187, 0x0187, 0x0187, 0xf79b, 0xf79b, 0xf79b, 0xf79b, 0xf79b, 0xf79b, 0xf79b, 0x0187, 0x0187, 0x0187, 
	0x0187, 0x0187, 0x0187, 0x0187, 0x0187, 0x0187, 0xf79b, 0xf79b, 0xf79b, 0xf79b, 0xf79b, 0xf79b, 0x0187, 0x0187, 0x0187, 0x0187, 
	0x0187, 0x0187, 0x0187, 0x0187, 0xf79b, 0xf79b, 0xf79b, 0xf79b, 0xf79b, 0x0187, 0x0187, 0x0187, 0x0187, 0x0187, 0x0187, 0x0187, 
	0x0187, 0x0187, 0x0187, 0x0187, 0x0187, 0x0187, 0x0187, 0x0187, 0x0187, 0x0187, 0x0187, 0x0187, 0x0187, 0x0187, 0x0187, 0x0187, 
	0x0187, 0x0187, 0x0187, 0x0187, 0x0187, 0x0187, 0xf79b, 0xf79b, 0xf79b, 0xf79b, 0xf79b, 0xf79b, 0x0187, 0x0187, 0x0187, 0x0187, 
	0x0187, 0x0187, 0x0187, 0x0187, 0x0187, 0x0187, 0x0187, 0x0187, 0x0187, 0x0187, 0x0187, 0x0187, 0x0187, 0x0187, 0x0187, 0xf79b, 
	0xf79b, 0xf79b, 0xf79b, 0xf79b, 0xf79b, 0x0187, 0x0187, 0x0187, 0x0187, 0x0187, 0x0187, 0x0187, 0x0187, 0x0187, 0xf79b, 0xf79b, 
	0xf79b, 0xf79b, 0xf79b, 0xf79b, 0x0187, 0x0187, 0x0187, 0x0187, 0x0187, 0x0187, 0x0187, 0x0187, 0x0187, 0x0187, 0xf79b, 0xf79b, 
	0xf79b, 0xf79b, 0xf79b, 0xf79b, 0x0187, 0x0187, 0x0187, 0x0187, 0x0187, 0x0187, 0x0187, 0x0187, 0x0187, 0x0187, 0xf79b, 0xf79b, 
	0xf79b, 0xf79b, 0xf79b, 0xf79b, 0x0187, 0x0187, 0x0187, 0x0187, 0x0187, 0x0187, 0x0187, 0x0187, 0xf79b, 0xf79b, 0xf79b, 0xf79b, 
	0xf79b, 0xf79b, 0x0187, 0x0187, 0x0187, 0x0187, 0x0187, 0x0187, 0x0187, 0x0187, 0x0187, 0x0187, 0x0187, 0x0187, 0x0187, 0x0187, 
	0x0187, 0x0187, 0x0187, 0x0187, 0x0187, 0xf79b, 0xf79b, 0xf79b, 0xf79b, 0xf79b, 0xf79b, 0x0187, 0x0187, 0x0187, 0x0187, 0x0187, 
	0x0187, 0xf79b, 0xf79b, 0xf79b, 0xf79b, 0xf79b, 0xf79b, 0x0187, 0x0187, 0x0187, 0x0187, 0x0187, 0x0187, 0x0187, 0x0187, 0x0187, 
	0x0187, 0x0187, 0x0187, 0x0187, 0x0187, 0xf79b, 0xf79b, 0xf79b, 0xf79b, 0xf79b, 0xf79b, 0x0187, 0x0187, 0x0187, 0x0187, 0x0187, 
	0x0187, 0x0187, 0xf79b, 0xf79b, 0xf79b, 0xf79b, 0xf79b, 0x0187, 0x0187, 0x0187, 0x0187, 0x0187, 0x0187, 0x0187, 0x0187, 0x0187, 
	0x0187, 0x0187, 0x0187, 0x0187, 0xf79b, 0xf79b, 0xf79b, 0xf79b, 0xf79b, 0xf79b, 0xf79b, 0xf79b, 0xf79b, 0x0187, 0x0187, 0x0187, 
	0x0187, 0x0187, 0x0187, 0x0187, 0x0187, 0x0187, 0xf79b, 0xf79b, 0xf79b, 0xf79b, 0xf79b, 0xf79b, 0x0187, 0x0187, 0x0187, 0x0187, 
	0x0187, 0x0187, 0x0187, 0xf79b, 0xf79b, 0xf79b, 0xf79b, 0xf79b, 0xf79b, 0x0187, 0x0187, 0x0187, 0x0187, 0x0187, 0x0187, 0x0187, 
	0x0187, 0x0187, 0x0187, 0x0187, 0x0187, 0x0187, 0x0187, 0x0187, 0x0187, 0x0187, 0x0187, 0x0187, 0x0187, 0x0187, 0x0187, 0x0187, 
	0x0187, 0x0187, 0x0187, 0x0187, 0x0187, 0x0187, 0xf79b, 0xf79b, 0xf79b, 0xf79b, 0xf79b, 0xf79b, 0x0187, 0x0187, 0x0187, 0x0187, 
	0x0187, 0x0187, 0x0187, 0x0187, 0x0187, 0x0187, 0x0187, 0x0187, 0x0187, 0x0187, 0x0187, 0x0187, 0x0187, 0x0187, 0x0187, 0x0187, 
	0xf79b, 0xf79b, 0xf79b, 0xf79b, 0xf79b, 0xf79b, 0x0187, 0x0187, 0x0187, 0x0187, 0x0187, 0x0187, 0x0187, 0x0187, 0xf79b, 0xf79b, 
	0xf79b, 0xf79b, 0xf79b, 0xf79b, 0x0187, 0x0187, 0x0187, 0x0187, 0x0187, 0x0187, 0x0187, 0x0187, 0x0187, 0x0187, 0x0187, 0xf79b, 
	0xf79b, 0xf79b, 0xf79b, 0xf79b, 0xf79b, 0x0187, 0x0187, 0x0187, 0x0187, 0x0187, 0x0187, 0x0187, 0x0187, 0x0187, 0xf79b, 0xf79b, 
	0xf79b, 0xf79b, 0xf79b, 0xf79b, 0x0187, 0x0187, 0x0187, 0x0187, 0x0187, 0x0187, 0x0187, 0x0187, 0xf79b, 0xf79b, 0xf79b, 0xf79b, 
	0xf79b, 0xf79b, 0x0187, 0x0187, 0x0187, 0x0187, 0x0187, 0x0187, 0x0187, 0x0187, 0x0187, 0x0187, 0x0187, 0x0187, 0x0187, 0x0187, 
	0x0187, 0x0187, 0x0187, 0x0187, 0x0187, 0x0187, 0xf79b, 0xf79b, 0xf79b, 0xf79b, 0xf79b, 0xf79b, 0x0187, 0x0187, 0x0187, 0x0187, 
	0x0187, 0x0187, 0xf79b, 0xf79b, 0xf79b, 0xf79b, 0xf79b, 0xf79b, 0x0187, 0x0187, 0x0187, 0x0187, 0x0187, 0x0187, 0x0187, 0x0187, 
	0x0187, 0x0187, 0x0187, 0x0187, 0xf79b, 0xf79b, 0xf79b, 0xf79b, 0xf79b, 0xf79b, 0x0187, 0x0187, 0x0187, 0x0187, 0x0187, 0x0187, 
	0x0187, 0x0187, 0xf79b, 0xf79b, 0xf79b, 0xf79b, 0xf79b, 0xf79b, 0xf79b, 0xf79b, 0xf79b, 0xf79b, 0xf79b, 0xf79b, 0xf79b, 0xf79b, 
	0xf79b, 0xf79b, 0xf79b, 0xf79b, 0xf79b, 0xf79b, 0xf79b, 0xf79b, 0xf79b, 0xf79b, 0xf79b, 0xf79b, 0x0187, 0x0187, 0x0187, 0x0187, 
	0x0187, 0x0187, 0x0187, 0x0187, 0x0187, 0x0187, 0xf79b, 0xf79b, 0xf79b, 0xf79b, 0xf79b, 0xf79b, 0x0187, 0x0187, 0x0187, 0x0187, 
	0x0187, 0x0187, 0x0187, 0xf79b, 0xf79b, 0xf79b, 0xf79b, 0xf79b, 0xf79b, 0x0187, 0x0187, 0x0187, 0x0187, 0x0187, 0x0187, 0x0187, 
	0x0187, 0x0187, 0x0187, 0x0187, 0x0187, 0x0187, 0x0187, 0x0187, 0x0187, 0x0187, 0x0187, 0x0187, 0x0187, 0x0187, 0x0187, 0x0187, 
	0x0187, 0x0187, 0x0187, 0x0187, 0x0187, 0x0187, 0xf79b, 0xf79b, 0xf79b, 0xf79b, 0xf79b, 0x0187, 0x0187, 0x0187, 0x0187, 0x0187, 
	0x0187, 0x0187, 0x0187, 0x0187, 0x0187, 0x0187, 0x0187, 0x0187, 0x0187, 0x0187, 0x0187, 0x0187, 0x0187, 0x0187, 0x0187, 0x0187, 
	0xf79b, 0xf79b, 0xf79b, 0xf79b, 0xf79b, 0xf79b, 0x0187, 0x0187, 0x0187, 0x0187, 0x0187, 0x0187, 0x0187, 0x0187, 0xf79b, 0xf79b, 
	0xf79b, 0xf79b, 0xf79b, 0xf79b, 0x0187, 0x0187, 0x0187, 0x0187, 0x0187, 0x0187, 0x0187, 0x0187, 0x0187, 0x0187, 0x0187, 0xf79b, 
	0xf79b, 0xf79b, 0xf79b, 0xf79b, 0xf79b, 0xf79b, 0x0187, 0x0187, 0x0187, 0x0187, 0x0187, 0x0187, 0x0187, 0x0187, 0xf79b, 0xf79b, 
	0xf79b, 0xf79b, 0xf79b, 0xf79b, 0x0187, 0x0187, 0x0187, 0x0187, 0x0187, 0x0187, 0x0187, 0xf79b, 0xf79b, 0xf79b, 0xf79b, 0xf79b, 
	0xf79b, 0x0187, 0x0187, 0x0187, 0x0187, 0x0187, 0x0187, 0x0187, 0x0187, 0x0187, 0x0187, 0x0187, 0x0187, 0x0187, 0x0187, 0x0187, 
	0x0187, 0x0187, 0x0187, 0x0187, 0x0187, 0x0187, 0xf79b, 0xf79b, 0xf79b, 0xf79b, 0xf79b, 0xf79b, 0x0187, 0x0187, 0x0187, 0x0187, 
	0x0187, 0x0187, 0xf79b, 0xf79b, 0xf79b, 0xf79b, 0xf79b, 0xf79b, 0x0187, 0x0187, 0x0187, 0x0187, 0x0187, 0x0187, 0x0187, 0x0187, 
	0x0187, 0x0187, 0x0187, 0x0187, 0xf79b, 0xf79b, 0xf79b, 0xf79b, 0xf79b, 0xf79b, 0x0187, 0x0187, 0x0187, 0x0187, 0x0187, 0x0187, 
	0x0187, 0x0187, 0xf79b, 0xf79b, 0xf79b, 0xf79b, 0xf79b, 0xf79b, 0xf79b, 0xf79b, 0xf79b, 0xf79b, 0xf79b, 0xf79b, 0xf79b, 0xf79b, 
	0xf79b, 0xf79b, 0xf79b, 0xf79b, 0xf79b, 0xf79b, 0xf79b, 0xf79b, 0xf79b, 0xf79b, 0xf79b, 0x0187, 0x0187, 0x0187, 0x0187, 0x0187, 
	0x0187, 0x0187, 0x0187, 0x0187, 0x0187, 0x0187, 0xf79b, 0xf79b, 0xf79b, 0xf79b, 0xf79b, 0xf79b, 0x0187, 0x0187, 0x0187, 0x0187, 
	0x0187, 0x0187, 0x0187, 0xf79b, 0xf79b, 0xf79b, 0xf79b, 0xf79b, 0x0187, 0x0187, 0x0187, 0x0187, 0x0187, 0x0187, 0x0187, 0x0187, 
	0x0187, 0x0187, 0x0187, 0x0187, 0x0187, 0x0187, 0x0187, 0x0187, 0x0187, 0x0187, 0x0187, 0x0187, 0x0187, 0x0187, 0x0187, 0x0187, 
	0x0187, 0x0187, 0x0187, 0x0187, 0x0187, 0x0187, 0xf79b, 0xf79b, 0xf79b, 0xf79b, 0xf79b, 0x0187, 0x0187, 0x0187, 0x0187, 0x0187, 
	0x0187, 0x0187, 0x0187, 0x0187, 0x0187, 0x0187, 0x0187, 0x0187, 0x0187, 0x0187, 0x0187, 0x0187, 0x0187, 0x0187, 0x0187, 0x0187, 
	0x0187, 0xf79b, 0xf79b, 0xf79b, 0xf79b, 0xf79b, 0x0187, 0x0187, 0x0187, 0x0187, 0x0187, 0x0187, 0x0187, 0x0187, 0xf79b, 0xf79b, 
	0xf79b, 0xf79b, 0xf79b, 0xf79b, 0x0187, 0x0187, 0x0187, 0x0187, 0x0187, 0x0187, 0x0187, 0x0187, 0x0187, 0x0187, 0x0187, 0x0187, 
	0xf79b, 0xf79b, 0xf79b, 0xf79b, 0xf79b, 0xf79b, 0xf79b, 0x0187, 0x0187, 0x0187, 0x0187, 0x0187, 0x0187, 0x0187, 0xf79b, 0xf79b, 
	0xf79b, 0xf79b, 0xf79b, 0xf79b, 0x0187, 0x0187, 0x0187, 0x0187, 0x0187, 0x0187, 0x0187, 0xf79b, 0xf79b, 0xf79b, 0xf79b, 0xf79b, 
	0xf79b, 0x0187, 0x0187, 0x0187, 0x0187, 0x0187, 0x0187, 0x0187, 0x0187, 0x0187, 0x0187, 0x0187, 0x0187, 0x0187, 0x0187, 0x0187, 
	0x0187, 0x0187, 0x0187, 0x0187, 0x0187, 0x0187, 0xf79b, 0xf79b, 0xf79b, 0xf79b, 0xf79b, 0xf79b, 0x0187, 0x0187, 0x0187, 0x0187, 
	0x0187, 0x0187, 0x0187, 0xf79b, 0xf79b, 0xf79b, 0xf79b, 0xf79b, 0xf79b, 0x0187, 0x0187, 0x0187, 0x0187, 0x0187, 0x0187, 0x0187, 
	0x0187, 0x0187, 0x0187, 0xf79b, 0xf79b, 0xf79b, 0xf79b, 0xf79b, 0xf79b, 0x0187, 0x0187, 0x0187, 0x0187, 0x0187, 0x0187, 0x0187, 
	0x0187, 0x0187, 0xf79b, 0xf79b, 0xf79b, 0xf79b, 0xf79b, 0xf79b, 0xf79b, 0xf79b, 0xf79b, 0xf79b, 0xf79b, 0xf79b, 0xf79b, 0xf79b, 
	0xf79b, 0xf79b, 0xf79b, 0xf79b, 0xf79b, 0xf79b, 0xf79b, 0xf79b, 0xf79b, 0xf79b, 0x0187, 0x0187, 0x0187, 0x0187, 0x0187, 0x0187, 
	0x0187, 0x0187, 0x0187, 0x0187, 0x0187, 0x0187, 0xf79b, 0xf79b, 0xf79b, 0xf79b, 0xf79b, 0xf79b, 0x0187, 0x0187, 0x0187, 0x0187, 
	0x0187, 0x0187, 0xf79b, 0xf79b, 0xf79b, 0xf79b, 0xf79b, 0xf79b, 0x0187, 0x0187, 0x0187, 0x0187, 0x0187, 0x0187, 0x0187, 0x0187, 
	0x0187, 0x0187, 0x0187, 0x0187, 0x0187, 0x0187, 0x0187, 0x0187, 0x0187, 0x0187, 0x0187, 0x0187, 0x0187, 0x0187, 0x0187, 0x0187, 
	0x0187, 0x0187, 0x0187, 0x0187, 0x0187, 0xf79b, 0xf79b, 0xf79b, 0xf79b, 0xf79b, 0xf79b, 0x0187, 0x0187, 0x0187, 0x0187, 0x0187, 
	0x0187, 0x0187, 0x0187, 0x0187, 0x0187, 0x0187, 0x0187, 0x0187, 0x0187, 0x0187, 0x0187, 0x0187, 0x0187, 0x0187, 0x0187, 0x0187, 
	0x0187, 0xf79b, 0xf79b, 0xf79b, 0xf79b, 0xf79b, 0xf79b, 0x0187, 0x0187, 0x0187, 0x0187, 0x0187, 0x0187, 0x0187, 0xf79b, 0xf79b, 
	0xf79b, 0xf79b, 0xf79b, 0xf79b, 0x0187, 0x0187, 0x0187, 0x0187, 0x0187, 0x0187, 0x0187, 0x0187, 0x0187, 0x0187, 0x0187, 0x0187, 
	0x0187, 0xf79b, 0xf79b, 0xf79b, 0xf79b, 0xf79b, 0xf79b, 0x0187, 0x0187, 0x0187, 0x0187, 0x0187, 0x0187, 0x0187, 0xf79b, 0xf79b, 
	0xf79b, 0xf79b, 0xf79b, 0xf79b, 0x0187, 0x0187, 0x0187, 0x0187, 0x0187, 0x0187, 0x0187, 0xf79b, 0xf79b, 0xf79b, 0xf79b, 0xf79b, 
	0x0187, 0x0187, 0x0187, 0x0187, 0x0187, 0x0187, 0x0187, 0x0187, 0x0187, 0x0187, 0x0187, 0x0187, 0x0187, 0x0187, 0x0187, 0x0187, 
	0x0187, 0x0187, 0x0187, 0x0187, 0x0187, 0x0187, 0x0187, 0xf79b, 0xf79b, 0xf79b, 0xf79b, 0xf79b, 0x0187, 0x0187, 0x0187, 0x0187, 
	0x0187, 0x0187, 0x0187, 0xf79b, 0xf79b, 0xf79b, 0xf79b, 0xf79b, 0xf79b, 0x0187, 0x0187, 0x0187, 0x0187, 0x0187, 0x0187, 0x0187, 
	0x0187, 0x0187, 0x0187, 0xf79b, 0xf79b, 0xf79b, 0xf79b, 0xf79b, 0xf79b, 0x0187, 0x0187, 0x0187, 0x0187, 0x0187, 0x0187, 0x0187, 
	0x0187, 0x0187, 0xf79b, 0xf79b, 0xf79b, 0xf79b, 0xf79b, 0xf79b, 0xf79b, 0xf79b, 0xf79b, 0xf79b, 0xf79b, 0xf79b, 0xf79b, 0xf79b, 
	0xf79b, 0xf79b, 0xf79b, 0xf79b, 0xf79b, 0xf79b, 0xf79b, 0xf79b, 0x0187, 0x0187, 0x0187, 0x0187, 0x0187, 0x0187, 0x0187, 0x0187, 
	0x0187, 0x0187, 0x0187, 0x0187, 0x0187, 0x0187, 0xf79b, 0xf79b, 0xf79b, 0xf79b, 0xf79b, 0xf79b, 0x0187, 0x0187, 0x0187, 0x0187, 
	0x0187, 0x0187, 0xf79b, 0xf79b, 0xf79b, 0xf79b, 0xf79b, 0xf79b, 0x0187, 0x0187, 0x0187, 0x0187, 0x0187, 0x0187, 0x0187, 0x0187, 
	0x0187, 0x0187, 0x0187, 0x0187, 0x0187, 0x0187, 0x0187, 0x0187, 0x0187, 0x0187, 0x0187, 0x0187, 0x0187, 0x0187, 0x0187, 0x0187, 
	0x0187, 0x0187, 0x0187, 0x0187, 0x0187, 0xf79b, 0xf79b, 0xf79b, 0xf79b, 0xf79b, 0xf79b, 0x0187, 0x0187, 0x0187, 0x0187, 0x0187, 
	0x0187, 0x0187, 0x0187, 0x0187, 0x0187, 0x0187, 0x0187, 0x0187, 0x0187, 0x0187, 0x0187, 0x0187, 0x0187, 0x0187, 0x0187, 0x0187, 
	0x0187, 0xf79b, 0xf79b, 0xf79b, 0xf79b, 0xf79b, 0xf79b, 0x0187, 0x0187, 0x0187, 0x0187, 0x0187, 0x0187, 0x0187, 0xf79b, 0xf79b, 
	0xf79b, 0xf79b, 0xf79b, 0xf79b, 0x0187, 0x0187, 0x0187, 0x0187, 0x0187, 0x0187, 0x0187, 0x0187, 0x0187, 0x0187, 0x0187, 0x0187, 
	0x0187, 0x0187, 0xf79b, 0xf79b, 0xf79b, 0xf79b, 0xf79b, 0xf79b, 0x0187, 0x0187, 0x0187, 0x0187, 0x0187, 0x0187, 0xf79b, 0xf79b, 
	0xf79b, 0xf79b, 0xf79b, 0xf79b, 0x0187, 0x0187, 0x0187, 0x0187, 0x0187, 0x0187, 0x0187, 0xf79b, 0xf79b, 0xf79b, 0xf79b, 0xf79b, 
	0x0187, 0x0187, 0x0187, 0x0187, 0x0187, 0x0187, 0x0187, 0x0187, 0x0187, 0x0187, 0x0187, 0x0187, 0x0187, 0x0187, 0x0187, 0x0187, 
	0x0187, 0x0187, 0x0187, 0x0187, 0x0187, 0x0187, 0x0187, 0xf79b, 0xf79b, 0xf79b, 0xf79b, 0xf79b, 0x0187, 0x0187, 0x0187, 0x0187, 
	0x0187, 0x0187, 0x0187, 0x0187, 0xf79b, 0xf79b, 0xf79b, 0xf79b, 0xf79b, 0xf79b, 0x0187, 0x0187, 0x0187, 0x0187, 0x0187, 0x0187, 
	0x0187, 0x0187, 0xf79b, 0xf79b, 0xf79b, 0xf79b, 0xf79b, 0xf79b, 0x0187, 0x0187, 0x0187, 0x0187, 0x0187, 0x0187, 0x0187, 0x0187, 
	0x0187, 0x0187, 0xf79b, 0xf79b, 0xf79b, 0xf79b, 0xf79b, 0xf79b, 0xf79b, 0xf79b, 0xf79b, 0xf79b, 0xf79b, 0xf79b, 0xf79b, 0xf79b, 
	0xf79b, 0xf79b, 0xf79b, 0xf79b, 0xf79b, 0xf79b, 0x0187, 0x0187, 0x0187, 0x0187, 0x0187, 0x0187, 0x0187, 0x0187, 0x0187, 0x0187, 
	0x0187, 0x0187, 0x0187, 0x0187, 0x0187, 0x0187, 0xf79b, 0xf79b, 0xf79b, 0xf79b, 0xf79b, 0xf79b, 0x0187, 0x0187, 0x0187, 0x0187, 
	0x0187, 0x0187, 0xf79b, 0xf79b, 0xf79b, 0xf79b, 0xf79b, 0xf79b, 0x0187, 0x0187, 0x0187, 0x0187, 0x0187, 0x0187, 0x0187, 0x0187, 
	0x0187, 0x0187, 0x0187, 0x0187, 0x0187, 0x0187, 0x0187, 0x0187, 0x0187, 0x0187, 0x0187, 0x0187, 0x0187, 0x0187, 0x0187, 0x0187, 
	0x0187, 0x0187, 0x0187, 0x0187, 0x0187, 0xf79b, 0xf79b, 0xf79b, 0xf79b, 0xf79b, 0xf79b, 0x0187, 0x0187, 0x0187, 0x0187, 0x0187, 
	0x0187, 0x0187, 0x0187, 0x0187, 0x0187, 0x0187, 0x0187, 0x0187, 0x0187, 0x0187, 0x0187, 0x0187, 0x0187, 0x0187, 0x0187, 0x0187, 
	0x0187, 0xf79b, 0xf79b, 0xf79b, 0xf79b, 0xf79b, 0xf79b, 0x0187, 0x0187, 0x0187, 0x0187, 0x0187, 0x0187, 0x0187, 0xf79b, 0xf79b, 
	0xf79b, 0xf79b, 0xf79b, 0xf79b, 0x0187, 0x0187, 0x0187, 0x0187, 0x0187, 0x0187, 0x0187, 0x0187, 0x0187, 0x0187, 0x0187, 0x0187, 
	0x0187, 0x0187, 0xf79b, 0xf79b, 0xf79b, 0xf79b, 0xf79b, 0xf79b, 0xf79b, 0x0187, 0x0187, 0x0187, 0x0187, 0x0187, 0xf79b, 0xf79b, 
	0xf79b, 0xf79b, 0xf79b, 0xf79b, 0x0187, 0x0187, 0x0187, 0x0187, 0x0187, 0x0187, 0x0187, 0xf79b, 0xf79b, 0xf79b, 0xf79b, 0xf79b, 
	0x0187, 0x0187, 0x0187, 0x0187, 0x0187, 0x0187, 0x0187, 0x0187, 0x0187, 0x0187, 0x0187, 0x0187, 0x0187, 0x0187, 0x0187, 0x0187, 
	0x0187, 0x0187, 0x0187, 0x0187, 0x0187, 0x0187, 0x0187, 0xf79b, 0xf79b, 0xf79b, 0xf79b, 0xf79b, 0x0187, 0x0187, 0x0187, 0x0187, 
	0x0187, 0x0187, 0x0187, 0x0187, 0xf79b, 0xf79b, 0xf79b, 0xf79b, 0xf79b, 0xf79b, 0x0187, 0x0187, 0x0187, 0x0187, 0x0187, 0x0187, 
	0x0187, 0x0187, 0xf79b, 0xf79b, 0xf79b, 0xf79b, 0xf79b, 0xf79b, 0x0187, 0x0187, 0x0187, 0x0187, 0x0187, 0x0187, 0x0187, 0x0187, 
	0x0187, 0x0187, 0xf79b, 0xf79b, 0xf79b, 0xf79b, 0xf79b, 0x0187, 0x0187, 0x0187, 0x0187, 0x0187, 0x0187, 0x0187, 0x0187, 0x0187, 
	0x0187, 0x0187, 0x0187, 0x0187, 0x0187, 0x0187, 0x0187, 0x0187, 0x0187, 0x0187, 0x0187, 0x0187, 0x0187, 0x0187, 0x0187, 0x0187, 
	0x0187, 0x0187, 0x0187, 0x0187, 0x0187, 0x0187, 0xf79b, 0xf79b, 0xf79b, 0xf79b, 0xf79b, 0xf79b, 0x0187, 0x0187, 0x0187, 0x0187, 
	0x0187, 0x0187, 0xf79b, 0xf79b, 0xf79b, 0xf79b, 0xf79b, 0xf79b, 0x0187, 0x0187, 0x0187, 0x0187, 0x0187, 0x0187, 0x0187, 0x0187, 
	0x0187, 0x0187, 0x0187, 0x0187, 0x0187, 0x0187, 0x0187, 0x0187, 0x0187, 0x0187, 0x0187, 0x0187, 0x0187, 0x0187, 0x0187, 0x0187, 
	0x0187, 0x0187, 0x0187, 0x0187, 0x0187, 0xf79b, 0xf79b, 0xf79b, 0xf79b, 0xf79b, 0xf79b, 0x0187, 0x0187, 0x0187, 0x0187, 0x0187, 
	0x0187, 0x0187, 0x0187, 0x0187, 0x0187, 0x0187, 0x0187, 0x0187, 0x0187, 0x0187, 0x0187, 0x0187, 0x0187, 0x0187, 0x0187, 0x0187, 
	0x0187, 0xf79b, 0xf79b, 0xf79b, 0xf79b, 0xf79b, 0xf79b, 0x0187, 0x0187, 0x0187, 0x0187, 0x0187, 0x0187, 0x0187, 0xf79b, 0xf79b, 
	0xf79b, 0xf79b, 0xf79b, 0xf79b, 0x0187, 0x0187, 0x0187, 0x0187, 0x0187, 0x0187, 0x0187, 0x0187, 0x0187, 0x0187, 0x0187, 0x0187, 
	0x0187, 0x0187, 0x0187, 0xf79b, 0xf79b, 0xf79b, 0xf79b, 0xf79b, 0xf79b, 0xf79b, 0x0187, 0x0187, 0x0187, 0x0187, 0xf79b, 0xf79b, 
	0xf79b, 0xf79b, 0xf79b, 0xf79b, 0x0187, 0x0187, 0x0187, 0x0187, 0x0187, 0x0187, 0x0187, 0xf79b, 0xf79b, 0xf79b, 0xf79b, 0xf79b, 
	0x0187, 0x0187, 0x0187, 0x0187, 0x0187, 0x0187, 0x0187, 0x0187, 0x0187, 0x0187, 0x0187, 0x0187, 0x0187, 0x0187, 0x0187, 0x0187, 
	0x0187, 0x0187, 0x0187, 0x0187, 0x0187, 0x0187, 0x0187, 0xf79b, 0xf79b, 0xf79b, 0xf79b, 0xf79b, 0x0187, 0x0187, 0x0187, 0x0187, 
	0x0187, 0x0187, 0x0187, 0x0187, 0x0187, 0xf79b, 0xf79b, 0xf79b, 0xf79b, 0xf79b, 0x0187, 0x0187, 0x0187, 0x0187, 0x0187, 0x0187, 
	0x0187, 0x0187, 0xf79b, 0xf79b, 0xf79b, 0xf79b, 0xf79b, 0x0187, 0x0187, 0x0187, 0x0187, 0x0187, 0x0187, 0x0187, 0x0187, 0x0187, 
	0x0187, 0x0187, 0xf79b, 0xf79b, 0xf79b, 0xf79b, 0xf79b, 0x0187, 0x0187, 0x0187, 0x0187, 0x0187, 0x0187, 0x0187, 0x0187, 0x0187, 
	0x0187, 0x0187, 0x0187, 0x0187, 0x0187, 0x0187, 0x0187, 0x0187, 0x0187, 0x0187, 0x0187, 0x0187, 0x0187, 0x0187, 0x0187, 0x0187, 
	0x0187, 0x0187, 0x0187, 0x0187, 0x0187, 0x0187, 0xf79b, 0xf79b, 0xf79b, 0xf79b, 0xf79b, 0xf79b, 0x0187, 0x0187, 0x0187, 0x0187, 
	0x0187, 0x0187, 0xf79b, 0xf79b, 0xf79b, 0xf79b, 0xf79b, 0xf79b, 0x0187, 0x0187, 0x0187, 0x0187, 0x0187, 0x0187, 0x0187, 0x0187, 
	0x0187, 0x0187, 0x0187, 0x0187, 0x0187, 0x0187, 0x0187, 0x0187, 0x0187, 0x0187, 0x0187, 0x0187, 0x0187, 0x0187, 0x0187, 0x0187, 
	0x0187, 0x0187, 0x0187, 0x0187, 0x0187, 0xf79b, 0xf79b, 0xf79b, 0xf79b, 0xf79b, 0xf79b, 0x0187, 0x0187, 0x0187, 0x0187, 0x0187, 
	0x0187, 0x0187, 0x0187, 0x0187, 0x0187, 0x0187, 0x0187, 0x0187, 0x0187, 0x0187, 0x0187, 0x0187, 0x0187, 0x0187, 0x0187, 0x0187, 
	0x0187, 0xf79b, 0xf79b, 0xf79b, 0xf79b, 0xf79b, 0xf79b, 0x0187, 0x0187, 0x0187, 0x0187, 0x0187, 0x0187, 0x0187, 0xf79b, 0xf79b, 
	0xf79b, 0xf79b, 0xf79b, 0xf79b, 0x0187, 0x0187, 0x0187, 0x0187, 0x0187, 0x0187, 0x0187, 0x0187, 0x0187, 0x0187, 0x0187, 0x0187, 
	0x0187, 0x0187, 0x0187, 0x0187, 0xf79b, 0xf79b, 0xf79b, 0xf79b, 0xf79b, 0xf79b, 0x0187, 0x0187, 0x0187, 0x0187, 0xf79b, 0xf79b, 
	0xf79b, 0xf79b, 0xf79b, 0xf79b, 0x0187, 0x0187, 0x0187, 0x0187, 0x0187, 0x0187, 0x0187, 0xf79b, 0xf79b, 0xf79b, 0xf79b, 0xf79b, 
	0x0187, 0x0187, 0x0187, 0x0187, 0x0187, 0x0187, 0x0187, 0x0187, 0x0187, 0x0187, 0x0187, 0x0187, 0x0187, 0x0187, 0x0187, 0x0187, 
	0x0187, 0x0187, 0x0187, 0x0187, 0x0187, 0x0187, 0x0187, 0xf79b, 0xf79b, 0xf79b, 0xf79b, 0xf79b, 0x0187, 0x0187, 0x0187, 0x0187, 
	0x0187, 0x0187, 0x0187, 0x0187, 0x0187, 0xf79b, 0xf79b, 0xf79b, 0xf79b, 0xf79b, 0xf79b, 0x0187, 0x0187, 0x0187, 0x0187, 0x0187, 
	0x0187, 0xf79b, 0xf79b, 0xf79b, 0xf79b, 0xf79b, 0xf79b, 0x0187, 0x0187, 0x0187, 0x0187, 0x0187, 0x0187, 0x0187, 0x0187, 0x0187, 
	0x0187, 0x0187, 0xf79b, 0xf79b, 0xf79b, 0xf79b, 0xf79b, 0x0187, 0x0187, 0x0187, 0x0187, 0x0187, 0x0187, 0x0187, 0x0187, 0x0187, 
	0x0187, 0x0187, 0x0187, 0x0187, 0x0187, 0x0187, 0x0187, 0x0187, 0x0187, 0x0187, 0x0187, 0x0187, 0x0187, 0x0187, 0x0187, 0x0187, 
	0x0187, 0x0187, 0x0187, 0x0187, 0x0187, 0x0187, 0xf79b, 0xf79b, 0xf79b, 0xf79b, 0xf79b, 0xf79b, 0x0187, 0x0187, 0x0187, 0x0187, 
	0x0187, 0x0187, 0xf79b, 0xf79b, 0xf79b, 0xf79b, 0xf79b, 0xf79b, 0x0187, 0x0187, 0x0187, 0x0187, 0x0187, 0x0187, 0x0187, 0x0187, 
	0x0187, 0x0187, 0x0187, 0x0187, 0x0187, 0x0187, 0x0187, 0x0187, 0x0187, 0x0187, 0x0187, 0x0187, 0x0187, 0x0187, 0x0187, 0x0187, 
	0x0187, 0x0187, 0x0187, 0x0187, 0x0187, 0xf79b, 0xf79b, 0xf79b, 0xf79b, 0xf79b, 0xf79b, 0x0187, 0x0187, 0x0187, 0x0187, 0x0187, 
	0x0187, 0x0187, 0x0187, 0x0187, 0x0187, 0x0187, 0x0187, 0x0187, 0x0187, 0x0187, 0x0187, 0x0187, 0x0187, 0x0187, 0x0187, 0x0187, 
	0x0187, 0xf79b, 0xf79b, 0xf79b, 0xf79b, 0xf79b, 0xf79b, 0x0187, 0x0187, 0x0187, 0x0187, 0x0187, 0x0187, 0x0187, 0xf79b, 0xf79b, 
	0xf79b, 0xf79b, 0xf79b, 0xf79b, 0x0187, 0x0187, 0x0187, 0x0187, 0x0187, 0x0187, 0x0187, 0x0187, 0x0187, 0x0187, 0x0187, 0x0187, 
	0x0187, 0x0187, 0x0187, 0x0187, 0x0187, 0xf79b, 0xf79b, 0xf79b, 0xf79b, 0xf79b, 0xf79b, 0x0187, 0x0187, 0x0187, 0xf79b, 0xf79b, 
	0xf79b, 0xf79b, 0xf79b, 0xf79b, 0x0187, 0x0187, 0x0187, 0x0187, 0x0187, 0x0187, 0x0187, 0xf79b, 0xf79b, 0xf79b, 0xf79b, 0xf79b, 
	0x0187, 0x0187, 0x0187, 0x0187, 0x0187, 0x0187, 0x0187, 0x0187, 0x0187, 0x0187, 0x0187, 0x0187, 0x0187, 0x0187, 0x0187, 0x0187, 
	0x0187, 0x0187, 0x0187, 0x0187, 0x0187, 0x0187, 0x0187, 0xf79b, 0xf79b, 0xf79b, 0xf79b, 0xf79b, 0x0187, 0x0187, 0x0187, 0x0187, 
	0x0187, 0x0187, 0x0187, 0x0187, 0x0187, 0x0187, 0xf79b, 0xf79b, 0xf79b, 0xf79b, 0xf79b, 0x0187, 0x0187, 0x0187, 0x0187, 0x0187, 
	0x0187, 0xf79b, 0xf79b, 0xf79b, 0xf79b, 0xf79b, 0x0187, 0x0187, 0x0187, 0x0187, 0x0187, 0x0187, 0x0187, 0x0187, 0x0187, 0x0187, 
	0x0187, 0x0187, 0xf79b, 0xf79b, 0xf79b, 0xf79b, 0xf79b, 0x0187, 0x0187, 0x0187, 0x0187, 0x0187, 0x0187, 0x0187, 0x0187, 0x0187, 
	0x0187, 0x0187, 0x0187, 0x0187, 0x0187, 0x0187, 0x0187, 0x0187, 0x0187, 0x0187, 0x0187, 0x0187, 0x0187, 0x0187, 0x0187, 0x0187, 
	0x0187, 0x0187, 0x0187, 0x0187, 0x0187, 0x0187, 0xf79b, 0xf79b, 0xf79b, 0xf79b, 0xf79b, 0xf79b, 0x0187, 0x0187, 0x0187, 0x0187, 
	0x0187, 0x0187, 0x0187, 0xf79b, 0xf79b, 0xf79b, 0xf79b, 0xf79b, 0x0187, 0x0187, 0x0187, 0x0187, 0x0187, 0x0187, 0x0187, 0x0187, 
	0x0187, 0x0187, 0x0187, 0x0187, 0x0187, 0x0187, 0x0187, 0x0187, 0x0187, 0x0187, 0x0187, 0x0187, 0x0187, 0x0187, 0x0187, 0x0187, 
	0x0187, 0x0187, 0x0187, 0x0187, 0x0187, 0x0187, 0xf79b, 0xf79b, 0xf79b, 0xf79b, 0xf79b, 0x0187, 0x0187, 0x0187, 0x0187, 0x0187, 
	0x0187, 0x0187, 0x0187, 0x0187, 0x0187, 0x0187, 0x0187, 0x0187, 0x0187, 0x0187, 0x0187, 0x0187, 0x0187, 0x0187, 0x0187, 0x0187, 
	0x0187, 0xf79b, 0xf79b, 0xf79b, 0xf79b, 0xf79b, 0x0187, 0x0187, 0x0187, 0x0187, 0x0187, 0x0187, 0x0187, 0x0187, 0xf79b, 0xf79b, 
	0xf79b, 0xf79b, 0xf79b, 0xf79b, 0x0187, 0x0187, 0x0187, 0x0187, 0x0187, 0x0187, 0x0187, 0x0187, 0x0187, 0x0187, 0x0187, 0x0187, 
	0x0187, 0x0187, 0x0187, 0x0187, 0x0187, 0xf79b, 0xf79b, 0xf79b, 0xf79b, 0xf79b, 0xf79b, 0xf79b, 0x0187, 0x0187, 0xf79b, 0xf79b, 
	0xf79b, 0xf79b, 0xf79b, 0xf79b, 0x0187, 0x0187, 0x0187, 0x0187, 0x0187, 0x0187, 0x0187, 0xf79b, 0xf79b, 0xf79b, 0xf79b, 0xf79b, 
	0xf79b, 0x0187, 0x0187, 0x0187, 0x0187, 0x0187, 0x0187, 0x0187, 0x0187, 0x0187, 0x0187, 0x0187, 0x0187, 0x0187, 0x0187, 0x0187, 
	0x0187, 0x0187, 0x0187, 0x0187, 0x0187, 0x0187, 0xf79b, 0xf79b, 0xf79b, 0xf79b, 0xf79b, 0xf79b, 0x0187, 0x0187, 0x0187, 0x0187, 
	0x0187, 0x0187, 0x0187, 0x0187, 0x0187, 0x0187, 0xf79b, 0xf79b, 0xf79b, 0xf79b, 0xf79b, 0xf79b, 0x0187, 0x0187, 0x0187, 0x0187, 
	0xf79b, 0xf79b, 0xf79b, 0xf79b, 0xf79b, 0xf79b, 0x0187, 0x0187, 0x0187, 0x0187, 0x0187, 0x0187, 0x0187, 0x0187, 0x0187, 0x0187, 
	0x0187, 0x0187, 0xf79b, 0xf79b, 0xf79b, 0xf79b, 0xf79b, 0x0187, 0x0187, 0x0187, 0x0187, 0x0187, 0x0187, 0x0187, 0x0187, 0x0187, 
	0x0187, 0x0187, 0x0187, 0x0187, 0x0187, 0x0187, 0x0187, 0x0187, 0x0187, 0x0187, 0x0187, 0x0187, 0x0187, 0x0187, 0x0187, 0x0187, 
	0x0187, 0x0187, 0x0187, 0x0187, 0x0187, 0x0187, 0xf79b, 0xf79b, 0xf79b, 0xf79b, 0xf79b, 0xf79b, 0x0187, 0x0187, 0x0187, 0x0187, 
	0x0187, 0x0187, 0x0187, 0xf79b, 0xf79b, 0xf79b, 0xf79b, 0xf79b, 0xf79b, 0x0187, 0x0187, 0x0187, 0x0187, 0x0187, 0x0187, 0x0187, 
	0x0187, 0x0187, 0x0187, 0x0187, 0x0187, 0x0187, 0x0187, 0x0187, 0x0187, 0x0187, 0x0187, 0x0187, 0x0187, 0x0187, 0x0187, 0x0187, 
	0x0187, 0x0187, 0x0187, 0x0187, 0x0187, 0x0187, 0xf79b, 0xf79b, 0xf79b, 0xf79b, 0xf79b, 0x0187, 0x0187, 0x0187, 0x0187, 0x0187, 
	0x0187, 0x0187, 0x0187, 0x0187, 0x0187, 0x0187, 0x0187, 0x0187, 0x0187, 0x0187, 0x0187, 0x0187, 0x0187, 0x0187, 0x0187, 0x0187, 
	0xf79b, 0xf79b, 0xf79b, 0xf79b, 0xf79b, 0xf79b, 0x0187, 0x0187, 0x0187, 0x0187, 0x0187, 0x0187, 0x0187, 0x0187, 0xf79b, 0xf79b, 
	0xf79b, 0xf79b, 0xf79b, 0xf79b, 0x0187, 0x0187, 0x0187, 0x0187, 0x0187, 0x0187, 0x0187, 0x0187, 0x0187, 0x0187, 0x0187, 0x0187, 
	0x0187, 0x0187, 0x0187, 0x0187, 0x0187, 0x0187, 0xf79b, 0xf79b, 0xf79b, 0xf79b, 0xf79b, 0xf79b, 0xf79b, 0x0187, 0xf79b, 0xf79b, 
	0xf79b, 0xf79b, 0xf79b, 0xf79b, 0x0187, 0x0187, 0x0187, 0x0187, 0x0187, 0x0187, 0x0187, 0x0187, 0xf79b, 0xf79b, 0xf79b, 0xf79b, 
	0xf79b, 0x0187, 0x0187, 0x0187, 0x0187, 0x0187, 0x0187, 0x0187, 0x0187, 0x0187, 0x0187, 0x0187, 0x0187, 0x0187, 0x0187, 0x0187, 
	0x0187, 0x0187, 0x0187, 0x0187, 0x0187, 0x0187, 0xf79b, 0xf79b, 0xf79b, 0xf79b, 0xf79b, 0xf79b, 0x0187, 0x0187, 0x0187, 0x0187, 
	0x0187, 0x0187, 0x0187, 0x0187, 0x0187, 0x0187, 0x0187, 0xf79b, 0xf79b, 0xf79b, 0xf79b, 0xf79b, 0x0187, 0x0187, 0x0187, 0x0187, 
	0xf79b, 0xf79b, 0xf79b, 0xf79b, 0xf79b, 0x0187, 0x0187, 0x0187, 0x0187, 0x0187, 0x0187, 0x0187, 0x0187, 0x0187, 0x0187, 0x0187, 
	0x0187, 0x0187, 0xf79b, 0xf79b, 0xf79b, 0xf79b, 0xf79b, 0x0187, 0x0187, 0x0187, 0x0187, 0x0187, 0x0187, 0x0187, 0x0187, 0x0187, 
	0x0187, 0x0187, 0x0187, 0x0187, 0x0187, 0x0187, 0x0187, 0x0187, 0x0187, 0x0187, 0x0187, 0x0187, 0x0187, 0x0187, 0x0187, 0x0187, 
	0x0187, 0x0187, 0x0187, 0x0187, 0x0187, 0x0187, 0xf79b, 0xf79b, 0xf79b, 0xf79b, 0xf79b, 0xf79b, 0x0187, 0x0187, 0x0187, 0x0187, 
	0x0187, 0x0187, 0x0187, 0xf79b, 0xf79b, 0xf79b, 0xf79b, 0xf79b, 0xf79b, 0x0187, 0x0187, 0x0187, 0x0187, 0x0187, 0x0187, 0x0187, 
	0x0187, 0x0187, 0x0187, 0x0187, 0x0187, 0x0187, 0x0187, 0x0187, 0x0187, 0x0187, 0x0187, 0x0187, 0x0187, 0x0187, 0x0187, 0x0187, 
	0x0187, 0x0187, 0x0187, 0x0187, 0x0187, 0x0187, 0xf79b, 0xf79b, 0xf79b, 0xf79b, 0xf79b, 0xf79b, 0x0187, 0x0187, 0x0187, 0x0187, 
	0x0187, 0x0187, 0x0187, 0x0187, 0x0187, 0x0187, 0x0187, 0x0187, 0x0187, 0x0187, 0x0187, 0x0187, 0x0187, 0x0187, 0x0187, 0x0187, 
	0xf79b, 0xf79b, 0xf79b, 0xf79b, 0xf79b, 0xf79b, 0x0187, 0x0187, 0x0187, 0x0187, 0x0187, 0x0187, 0x0187, 0x0187, 0xf79b, 0xf79b, 
	0xf79b, 0xf79b, 0xf79b, 0xf79b, 0x0187, 0x0187, 0x0187, 0x0187, 0x0187, 0x0187, 0x0187, 0x0187, 0x0187, 0x0187, 0x0187, 0x0187, 
	0x0187, 0x0187, 0x0187, 0x0187, 0x0187, 0x0187, 0x0187, 0xf79b, 0xf79b, 0xf79b, 0xf79b, 0xf79b, 0xf79b, 0xf79b, 0xf79b, 0xf79b, 
	0xf79b, 0xf79b, 0xf79b, 0xf79b, 0x0187, 0x0187, 0x0187, 0x0187, 0x0187, 0x0187, 0x0187, 0x0187, 0xf79b, 0xf79b, 0xf79b, 0xf79b, 
	0xf79b, 0xf79b, 0x0187, 0x0187, 0x0187, 0x0187, 0x0187, 0x0187, 0x0187, 0x0187, 0x0187, 0x0187, 0x0187, 0x0187, 0x0187, 0x0187, 
	0x0187, 0x0187, 0x0187, 0x0187, 0x0187, 0x0187, 0xf79b, 0xf79b, 0xf79b, 0xf79b, 0xf79b, 0xf79b, 0x0187, 0x0187, 0x0187, 0x0187, 
	0x0187, 0x0187, 0x0187, 0x0187, 0x0187, 0x0187, 0x0187, 0xf79b, 0xf79b, 0xf79b, 0xf79b, 0xf79b, 0xf79b, 0x0187, 0x0187, 0xf79b, 
	0xf79b, 0xf79b, 0xf79b, 0xf79b, 0xf79b, 0x0187, 0x0187, 0x0187, 0x0187, 0x0187, 0x0187, 0x0187, 0x0187, 0x0187, 0x0187, 0x0187, 
	0x0187, 0x0187, 0xf79b, 0xf79b, 0xf79b, 0xf79b, 0xf79b, 0x0187, 0x0187, 0x0187, 0x0187, 0x0187, 0x0187, 0x0187, 0x0187, 0x0187, 
	0x0187, 0x0187, 0x0187, 0x0187, 0x0187, 0x0187, 0x0187, 0x0187, 0x0187, 0x0187, 0x0187, 0x0187, 0x0187, 0x0187, 0x0187, 0x0187, 
	0x0187, 0x0187, 0x0187, 0x0187, 0x0187, 0x0187, 0xf79b, 0xf79b, 0xf79b, 0xf79b, 0xf79b, 0xf79b, 0x0187, 0x0187, 0x0187, 0x0187, 
	0x0187, 0x0187, 0x0187, 0x0187, 0xf79b, 0xf79b, 0xf79b, 0xf79b, 0xf79b, 0x0187, 0x0187, 0x0187, 0x0187, 0x0187, 0x0187, 0x0187, 
	0x0187, 0x0187, 0x0187, 0x0187, 0x0187, 0x0187, 0x0187, 0x0187, 0x0187, 0x0187, 0x0187, 0x0187, 0x0187, 0x0187, 0x0187, 0x0187, 
	0x0187, 0x0187, 0x0187, 0x0187, 0x0187, 0x0187, 0xf79b, 0xf79b, 0xf79b, 0xf79b, 0xf79b, 0xf79b, 0x0187, 0x0187, 0x0187, 0x0187, 
	0x0187, 0x0187, 0x0187, 0x0187, 0x0187, 0x0187, 0x0187, 0x0187, 0x0187, 0x0187, 0x0187, 0x0187, 0x0187, 0x0187, 0x0187, 0xf79b, 
	0xf79b, 0xf79b, 0xf79b, 0xf79b, 0xf79b, 0x0187, 0x0187, 0x0187, 0x0187, 0x0187, 0x0187, 0x0187, 0x0187, 0x0187, 0xf79b, 0xf79b, 
	0xf79b, 0xf79b, 0xf79b, 0xf79b, 0x0187, 0x0187, 0x0187, 0x0187, 0x0187, 0x0187, 0x0187, 0x0187, 0x0187, 0x0187, 0x0187, 0x0187, 
	0x0187, 0x0187, 0x0187, 0x0187, 0x0187, 0x0187, 0x0187, 0x0187, 0xf79b, 0xf79b, 0xf79b, 0xf79b, 0xf79b, 0xf79b, 0xf79b, 0xf79b, 
	0xf79b, 0xf79b, 0xf79b, 0xf79b, 0x0187, 0x0187, 0x0187, 0x0187, 0x0187, 0x0187, 0x0187, 0x0187, 0xf79b, 0xf79b, 0xf79b, 0xf79b, 
	0xf79b, 0xf79b, 0x0187, 0x0187, 0x0187, 0x0187, 0x0187, 0x0187, 0x0187, 0x0187, 0x0187, 0x0187, 0x0187, 0x0187, 0x0187, 0x0187, 
	0x0187, 0x0187, 0x0187, 0x0187, 0x0187, 0xf79b, 0xf79b, 0xf79b, 0xf79b, 0xf79b, 0xf79b, 0xf79b, 0x0187, 0x0187, 0x0187, 0x0187, 
	0x0187, 0x0187, 0x0187, 0x0187, 0x0187, 0x0187, 0x0187, 0xf79b, 0xf79b, 0xf79b, 0xf79b, 0xf79b, 0xf79b, 0x0187, 0x0187, 0xf79b, 
	0xf79b, 0xf79b, 0xf79b, 0xf79b, 0xf79b, 0x0187, 0x0187, 0x0187, 0x0187, 0x0187, 0x0187, 0x0187, 0x0187, 0x0187, 0x0187, 0x0187, 
	0x0187, 0x0187, 0xf79b, 0xf79b, 0xf79b, 0xf79b, 0xf79b, 0x0187, 0x0187, 0x0187, 0x0187, 0x0187, 0x0187, 0x0187, 0x0187, 0x0187, 
	0x0187, 0x0187, 0x0187, 0x0187, 0x0187, 0x0187, 0x0187, 0x0187, 0x0187, 0x0187, 0x0187, 0x0187, 0x0187, 0x0187, 0x0187, 0x0187, 
	0x0187, 0x0187, 0x0187, 0x0187, 0x0187, 0x0187, 0xf79b, 0xf79b, 0xf79b, 0xf79b, 0xf79b, 0xf79b, 0x0187, 0x0187, 0x0187, 0x0187, 
	0x0187, 0x0187, 0x0187, 0x0187, 0xf79b, 0xf79b, 0xf79b, 0xf79b, 0xf79b, 0xf79b, 0x0187, 0x0187, 0x0187, 0x0187, 0x0187, 0x0187, 
	0x0187, 0x0187, 0x0187, 0x0187, 0x0187, 0x0187, 0x0187, 0x0187, 0x0187, 0x0187, 0x0187, 0x0187, 0x0187, 0x0187, 0x0187, 0x0187, 
	0x0187, 0x0187, 0x0187, 0x0187, 0x0187, 0x0187, 0x0187, 0xf79b, 0xf79b, 0xf79b, 0xf79b, 0xf79b, 0xf79b, 0x0187, 0x0187, 0x0187, 
	0x0187, 0x0187, 0x0187, 0x0187, 0x0187, 0x0187, 0x0187, 0x0187, 0x0187, 0x0187, 0x0187, 0x0187, 0x0187, 0x0187, 0x0187, 0xf79b, 
	0xf79b, 0xf79b, 0xf79b, 0xf79b, 0xf79b, 0x0187, 0x0187, 0x0187, 0x0187, 0x0187, 0x0187, 0x0187, 0x0187, 0x0187, 0xf79b, 0xf79b, 
	0xf79b, 0xf79b, 0xf79b, 0xf79b, 0x0187, 0x0187, 0x0187, 0x0187, 0x0187, 0x0187, 0x0187, 0x0187, 0x0187, 0x0187, 0x0187, 0x0187, 
	0x0187, 0x0187, 0x0187, 0x0187, 0x0187, 0x0187, 0x0187, 0x0187, 0x0187, 0xf79b, 0xf79b, 0xf79b, 0xf79b, 0xf79b, 0xf79b, 0xf79b, 
	0xf79b, 0xf79b, 0xf79b, 0xf79b, 0x0187, 0x0187, 0x0187, 0x0187, 0x0187, 0x0187, 0x0187, 0x0187, 0x0187, 0xf79b, 0xf79b, 0xf79b, 
	0xf79b, 0xf79b, 0xf79b, 0x0187, 0x0187, 0x0187, 0x0187, 0x0187, 0x0187, 0x0187, 0x0187, 0x0187, 0x0187, 0x0187, 0x0187, 0x0187, 
	0x0187, 0x0187, 0x0187, 0x0187, 0xf79b, 0xf79b, 0xf79b, 0xf79b, 0xf79b, 0xf79b, 0xf79b, 0xf79b, 0x0187, 0x0187, 0x0187, 0x0187, 
	0x0187, 0x0187, 0x0187, 0x0187, 0x0187, 0x0187, 0x0187, 0x0187, 0xf79b, 0xf79b, 0xf79b, 0xf79b, 0xf79b, 0xf79b, 0xf79b, 0xf79b, 
	0xf79b, 0xf79b, 0xf79b, 0xf79b, 0x0187, 0x0187, 0x0187, 0x0187, 0x0187, 0x0187, 0x0187, 0x0187, 0x0187, 0x0187, 0x0187, 0x0187, 
	0x0187, 0x0187, 0xf79b, 0xf79b, 0xf79b, 0xf79b, 0xf79b, 0x0187, 0x0187, 0x0187, 0x0187, 0x0187, 0x0187, 0x0187, 0x0187, 0x0187, 
	0x0187, 0x0187, 0x0187, 0x0187, 0x0187, 0x0187, 0x0187, 0x0187, 0x0187, 0x0187, 0x0187, 0x0187, 0x0187, 0x0187, 0x0187, 0x0187, 
	0x0187, 0x0187, 0x0187, 0x0187, 0x0187, 0x0187, 0xf79b, 0xf79b, 0xf79b, 0xf79b, 0xf79b, 0xf79b, 0x0187, 0x0187, 0x0187, 0x0187, 
	0x0187, 0x0187, 0x0187, 0x0187, 0xf79b, 0xf79b, 0xf79b, 0xf79b, 0xf79b, 0xf79b, 0xf79b, 0x0187, 0x0187, 0x0187, 0x0187, 0x0187, 
	0x0187, 0x0187, 0x0187, 0x0187, 0x0187, 0x0187, 0x0187, 0x0187, 0x0187, 0x0187, 0x0187, 0x0187, 0x0187, 0x0187, 0x0187, 0x0187, 
	0x0187, 0x0187, 0x0187, 0x0187, 0x0187, 0x0187, 0x0187, 0xf79b, 0xf79b, 0xf79b, 0xf79b, 0xf79b, 0xf79b, 0xf79b, 0x0187, 0x0187, 
	0x0187, 0x0187, 0x0187, 0x0187, 0x0187, 0x0187, 0x0187, 0x0187, 0x0187, 0x0187, 0x0187, 0x0187, 0x0187, 0x0187, 0xf79b, 0xf79b, 
	0xf79b, 0xf79b, 0xf79b, 0xf79b, 0xf79b, 0x0187, 0x0187, 0x0187, 0x0187, 0x0187, 0x0187, 0x0187, 0x0187, 0x0187, 0xf79b, 0xf79b, 
	0xf79b, 0xf79b, 0xf79b, 0xf79b, 0x0187, 0x0187, 0x0187, 0x0187, 0x0187, 0x0187, 0x0187, 0x0187, 0x0187, 0x0187, 0x0187, 0x0187, 
	0x0187, 0x0187, 0x0187, 0x0187, 0x0187, 0x0187, 0x0187, 0x0187, 0x0187, 0xf79b, 0xf79b, 0xf79b, 0xf79b, 0xf79b, 0xf79b, 0xf79b, 
	0xf79b, 0xf79b, 0xf79b, 0xf79b, 0x0187, 0x0187, 0x0187, 0x0187, 0x0187, 0x0187, 0x0187, 0x0187, 0x0187, 0xf79b, 0xf79b, 0xf79b, 
	0xf79b, 0xf79b, 0xf79b, 0xf79b, 0x0187, 0x0187, 0x0187, 0x0187, 0x0187, 0x0187, 0x0187, 0x0187, 0x0187, 0x0187, 0x0187, 0x0187, 
	0x0187, 0x0187, 0x0187, 0x0187, 0xf79b, 0xf79b, 0xf79b, 0xf79b, 0xf79b, 0xf79b, 0xf79b, 0xf79b, 0x0187, 0x0187, 0x0187, 0x0187, 
	0x0187, 0x0187, 0x0187, 0x0187, 0x0187, 0x0187, 0x0187, 0x0187, 0xf79b, 0xf79b, 0xf79b, 0xf79b, 0xf79b, 0xf79b, 0xf79b, 0xf79b, 
	0xf79b, 0xf79b, 0xf79b, 0xf79b, 0x0187, 0x0187, 0x0187, 0x0187, 0x0187, 0x0187, 0x0187, 0x0187, 0x0187, 0x0187, 0x0187, 0x0187, 
	0x0187, 0x0187, 0xf79b, 0xf79b, 0xf79b, 0xf79b, 0xf79b, 0x0187, 0x0187, 0x0187, 0x0187, 0x0187, 0x0187, 0x0187, 0x0187, 0x0187, 
	0x0187, 0x0187, 0x0187, 0x0187, 0x0187, 0x0187, 0x0187, 0x0187, 0x0187, 0x0187, 0x0187, 0x0187, 0x0187, 0x0187, 0x0187, 0x0187, 
	0x0187, 0x0187, 0x0187, 0x0187, 0x0187, 0x0187, 0xf79b, 0xf79b, 0xf79b, 0xf79b, 0xf79b, 0xf79b, 0x0187, 0x0187, 0x0187, 0x0187, 
	0x0187, 0x0187, 0x0187, 0x0187, 0x0187, 0xf79b, 0xf79b, 0xf79b, 0xf79b, 0xf79b, 0xf79b, 0xf79b, 0x0187, 0x0187, 0x0187, 0x0187, 
	0x0187, 0x0187, 0x0187, 0x0187, 0x0187, 0x0187, 0x0187, 0x0187, 0x0187, 0x0187, 0xf79b, 0xf79b, 0xf79b, 0xf79b, 0x0187, 0x0187, 
	0x0187, 0x0187, 0x0187, 0x0187, 0x0187, 0x0187, 0x0187, 0x0187, 0xf79b, 0xf79b, 0xf79b, 0xf79b, 0xf79b, 0xf79b, 0xf79b, 0x0187, 
	0x0187, 0x0187, 0x0187, 0x0187, 0x0187, 0x0187, 0x0187, 0x0187, 0x0187, 0x0187, 0x0187, 0x0187, 0xf79b, 0xf79b, 0xf79b, 0xf79b, 
	0xf79b, 0xf79b, 0xf79b, 0xf79b, 0x0187, 0x0187, 0x0187, 0x0187, 0x0187, 0x0187, 0x0187, 0x0187, 0x0187, 0x0187, 0xf79b, 0xf79b, 
	0xf79b, 0xf79b, 0xf79b, 0xf79b, 0x0187, 0x0187, 0x0187, 0x0187, 0x0187, 0x0187, 0x0187, 0x0187, 0x0187, 0x0187, 0x0187, 0x0187, 
	0x0187, 0x0187, 0x0187, 0x0187, 0x0187, 0x0187, 0x0187, 0x0187, 0x0187, 0x0187, 0xf79b, 0xf79b, 0xf79b, 0xf79b, 0xf79b, 0xf79b, 
	0xf79b, 0xf79b, 0xf79b, 0xf79b, 0x0187, 0x0187, 0x0187, 0x0187, 0x0187, 0x0187, 0x0187, 0x0187, 0x0187, 0x0187, 0xf79b, 0xf79b, 
	0xf79b, 0xf79b, 0xf79b, 0xf79b, 0xf79b, 0x0187, 0x0187, 0x0187, 0x0187, 0x0187, 0x0187, 0x0187, 0x0187, 0x0187, 0x0187, 0x0187, 
	0x0187, 0x0187, 0xf79b, 0xf79b, 0xf79b, 0xf79b, 0xf79b, 0xf79b, 0xf79b, 0xf79b, 0xf79b, 0xf79b, 0x0187, 0x0187, 0x0187, 0x0187, 
	0x0187, 0x0187, 0x0187, 0x0187, 0x0187, 0x0187, 0x0187, 0x0187, 0x0187, 0xf79b, 0xf79b, 0xf79b, 0xf79b, 0xf79b, 0xf79b, 0xf79b, 
	0xf79b, 0xf79b, 0xf79b, 0x0187, 0x0187, 0x0187, 0x0187, 0x0187, 0x0187, 0x0187, 0x0187, 0x0187, 0x0187, 0x0187, 0x0187, 0x0187, 
	0x0187, 0x0187, 0xf79b, 0xf79b, 0xf79b, 0xf79b, 0xf79b, 0x0187, 0x0187, 0x0187, 0x0187, 0x0187, 0x0187, 0x0187, 0x0187, 0x0187, 
	0x0187, 0x0187, 0x0187, 0x0187, 0x0187, 0x0187, 0x0187, 0x0187, 0x0187, 0x0187, 0x0187, 0x0187, 0x0187, 0x0187, 0x0187, 0x0187, 
	0x0187, 0x0187, 0x0187, 0x0187, 0x0187, 0x0187, 0xf79b, 0xf79b, 0xf79b, 0xf79b, 0xf79b, 0xf79b, 0x0187, 0x0187, 0x0187, 0x0187, 
	0x0187, 0x0187, 0x0187, 0x0187, 0x0187, 0x0187, 0xf79b, 0xf79b, 0xf79b, 0xf79b, 0xf79b, 0xf79b, 0xf79b, 0xf79b, 0x0187, 0x0187, 
	0x0187, 0x0187, 0x0187, 0x0187, 0x0187, 0x0187, 0x0187, 0x0187, 0x0187, 0xf79b, 0xf79b, 0xf79b, 0xf79b, 0xf79b, 0x0187, 0x0187, 
	0x0187, 0x0187, 0x0187, 0x0187, 0x0187, 0x0187, 0x0187, 0x0187, 0x0187, 0xf79b, 0xf79b, 0xf79b, 0xf79b, 0xf79b, 0xf79b, 0xf79b, 
	0xf79b, 0x0187, 0x0187, 0x0187, 0x0187, 0x0187, 0x0187, 0x0187, 0x0187, 0x0187, 0x0187, 0xf79b, 0xf79b, 0xf79b, 0xf79b, 0xf79b, 
	0xf79b, 0xf79b, 0xf79b, 0x0187, 0x0187, 0x0187, 0x0187, 0x0187, 0x0187, 0x0187, 0x0187, 0x0187, 0x0187, 0x0187, 0xf79b, 0xf79b, 
	0xf79b, 0xf79b, 0xf79b, 0xf79b, 0x0187, 0x0187, 0x0187, 0x0187, 0x0187, 0x0187, 0x0187, 0x0187, 0x0187, 0x0187, 0x0187, 0x0187, 
	0x0187, 0x0187, 0x0187, 0x0187, 0x0187, 0x0187, 0x0187, 0x0187, 0x0187, 0x0187, 0x0187, 0xf79b, 0xf79b, 0xf79b, 0xf79b, 0xf79b, 
	0xf79b, 0xf79b, 0xf79b, 0xf79b, 0x0187, 0x0187, 0x0187, 0x0187, 0x0187, 0x0187, 0x0187, 0x0187, 0x0187, 0x0187, 0x0187, 0xf79b, 
	0xf79b, 0xf79b, 0xf79b, 0xf79b, 0xf79b, 0xf79b, 0xf79b, 0x0187, 0x0187, 0x0187, 0x0187, 0x0187, 0x0187, 0x0187, 0x0187, 0x0187, 
	0x0187, 0xf79b, 0xf79b, 0xf79b, 0xf79b, 0xf79b, 0xf79b, 0xf79b, 0xf79b, 0xf79b, 0xf79b, 0xf79b, 0x0187, 0x0187, 0x0187, 0x0187, 
	0x0187, 0x0187, 0x0187, 0x0187, 0x0187, 0x0187, 0x0187, 0x0187, 0x0187, 0xf79b, 0xf79b, 0xf79b, 0xf79b, 0xf79b, 0xf79b, 0xf79b, 
	0xf79b, 0xf79b, 0xf79b, 0x0187, 0x0187, 0x0187, 0x0187, 0x0187, 0x0187, 0x0187, 0x0187, 0x0187, 0x0187, 0x0187, 0x0187, 0x0187, 
	0x0187, 0x0187, 0xf79b, 0xf79b, 0xf79b, 0xf79b, 0xf79b, 0x0187, 0x0187, 0x0187, 0x0187, 0x0187, 0x0187, 0x0187, 0x0187, 0x0187, 
	0x0187, 0x0187, 0x0187, 0x0187, 0x0187, 0x0187, 0x0187, 0x0187, 0x0187, 0x0187, 0x0187, 0x0187, 0x0187, 0x0187, 0x0187, 0x0187, 
	0x0187, 0x0187, 0x0187, 0x0187, 0x0187, 0x0187, 0xf79b, 0xf79b, 0xf79b, 0xf79b, 0xf79b, 0xf79b, 0x0187, 0x0187, 0x0187, 0x0187, 
	0x0187, 0x0187, 0x0187, 0x0187, 0x0187, 0x0187, 0x0187, 0xf79b, 0xf79b, 0xf79b, 0xf79b, 0xf79b, 0xf79b, 0xf79b, 0xf79b, 0xf79b, 
	0xf79b, 0x0187, 0x0187, 0x0187, 0x0187, 0xf79b, 0xf79b, 0xf79b, 0xf79b, 0xf79b, 0xf79b, 0xf79b, 0xf79b, 0xf79b, 0x0187, 0x0187, 
	0x0187, 0x0187, 0x0187, 0x0187, 0x0187, 0x0187, 0x0187, 0x0187, 0x0187, 0xf79b, 0xf79b, 0xf79b, 0xf79b, 0xf79b, 0xf79b, 0xf79b, 
	0xf79b, 0xf79b, 0xf79b, 0xf79b, 0x0187, 0x0187, 0x0187, 0x0187, 0xf79b, 0xf79b, 0xf79b, 0xf79b, 0xf79b, 0xf79b, 0xf79b, 0xf79b, 
	0xf79b, 0xf79b, 0x0187, 0x0187, 0x0187, 0x0187, 0x0187, 0x0187, 0x0187, 0x0187, 0x0187, 0x0187, 0x0187, 0x0187, 0xf79b, 0xf79b, 
	0xf79b, 0xf79b, 0xf79b, 0xf79b, 0x0187, 0x0187, 0x0187, 0x0187, 0x0187, 0x0187, 0x0187, 0x0187, 0x0187, 0x0187, 0x0187, 0x0187, 
	0x0187, 0x0187, 0x0187, 0x0187, 0x0187, 0x0187, 0x0187, 0x0187, 0x0187, 0x0187, 0x0187, 0xf79b, 0xf79b, 0xf79b, 0xf79b, 0xf79b, 
	0xf79b, 0xf79b, 0xf79b, 0xf79b, 0x0187, 0x0187, 0x0187, 0x0187, 0x0187, 0x0187, 0x0187, 0x0187, 0x0187, 0x0187, 0x0187, 0xf79b, 
	0xf79b, 0xf79b, 0xf79b, 0xf79b, 0xf79b, 0xf79b, 0xf79b, 0xf79b, 0xf79b, 0xf79b, 0x0187, 0x0187, 0x0187, 0x0187, 0xf79b, 0xf79b, 
	0xf79b, 0xf79b, 0xf79b, 0xf79b, 0xf79b, 0xf79b, 0xf79b, 0xf79b, 0xf79b, 0xf79b, 0xf79b, 0xf79b, 0x0187, 0x0187, 0x0187, 0x0187, 
	0x0187, 0x0187, 0x0187, 0x0187, 0x0187, 0x0187, 0x0187, 0x0187, 0x0187, 0x0187, 0xf79b, 0xf79b, 0xf79b, 0xf79b, 0xf79b, 0xf79b, 
	0xf79b, 0xf79b, 0x0187, 0x0187, 0x0187, 0x0187, 0x0187, 0x0187, 0x0187, 0x0187, 0x0187, 0x0187, 0x0187, 0x0187, 0x0187, 0x0187, 
	0x0187, 0x0187, 0xf79b, 0xf79b, 0xf79b, 0xf79b, 0xf79b, 0x0187, 0x0187, 0x0187, 0x0187, 0x0187, 0x0187, 0x0187, 0x0187, 0x0187, 
	0x0187, 0x0187, 0x0187, 0x0187, 0x0187, 0x0187, 0x0187, 0x0187, 0x0187, 0x0187, 0x0187, 0x0187, 0x0187, 0x0187, 0x0187, 0x0187, 
	0x0187, 0x0187, 0x0187, 0x0187, 0x0187, 0x0187, 0xf79b, 0xf79b, 0xf79b, 0xf79b, 0xf79b, 0xf79b, 0x0187, 0x0187, 0x0187, 0x0187, 
	0x0187, 0x0187, 0x0187, 0x0187, 0x0187, 0x0187, 0x0187, 0xf79b, 0xf79b, 0xf79b, 0xf79b, 0xf79b, 0xf79b, 0xf79b, 0xf79b, 0xf79b, 
	0xf79b, 0xf79b, 0xf79b, 0xf79b, 0xf79b, 0xf79b, 0xf79b, 0xf79b, 0xf79b, 0xf79b, 0xf79b, 0xf79b, 0xf79b, 0xf79b, 0x0187, 0x0187, 
	0x0187, 0x0187, 0x0187, 0x0187, 0x0187, 0x0187, 0x0187, 0x0187, 0x0187, 0x0187, 0xf79b, 0xf79b, 0xf79b, 0xf79b, 0xf79b, 0xf79b, 
	0xf79b, 0xf79b, 0xf79b, 0xf79b, 0xf79b, 0xf79b, 0xf79b, 0xf79b, 0xf79b, 0xf79b, 0xf79b, 0xf79b, 0xf79b, 0xf79b, 0xf79b, 0xf79b, 
	0xf79b, 0xf79b, 0x0187, 0x0187, 0x0187, 0x0187, 0x0187, 0x0187, 0x0187, 0x0187, 0x0187, 0x0187, 0x0187, 0x0187, 0xf79b, 0xf79b, 
	0xf79b, 0xf79b, 0xf79b, 0xf79b, 0x0187, 0x0187, 0x0187, 0x0187, 0x0187, 0x0187, 0x0187, 0x0187, 0x0187, 0x0187, 0x0187, 0x0187, 
	0x0187, 0x0187, 0x0187, 0x0187, 0x0187, 0x0187, 0x0187, 0x0187, 0x0187, 0x0187, 0x0187, 0x0187, 0xf79b, 0xf79b, 0xf79b, 0xf79b, 
	0xf79b, 0xf79b, 0xf79b, 0xf79b, 0x0187, 0x0187, 0x0187, 0x0187, 0x0187, 0x0187, 0x0187, 0x0187, 0x0187, 0x0187, 0x0187, 0x0187, 
	0xf79b, 0xf79b, 0xf79b, 0xf79b, 0xf79b, 0xf79b, 0xf79b, 0xf79b, 0xf79b, 0xf79b, 0xf79b, 0xf79b, 0xf79b, 0xf79b, 0xf79b, 0xf79b, 
	0xf79b, 0xf79b, 0xf79b, 0xf79b, 0xf79b, 0xf79b, 0x0187, 0xf79b, 0xf79b, 0xf79b, 0xf79b, 0xf79b, 0x0187, 0x0187, 0x0187, 0x0187, 
	0x0187, 0x0187, 0x0187, 0x0187, 0x0187, 0x0187, 0x0187, 0x0187, 0x0187, 0x0187, 0xf79b, 0xf79b, 0xf79b, 0xf79b, 0xf79b, 0xf79b, 
	0xf79b, 0xf79b, 0x0187, 0x0187, 0x0187, 0x0187, 0x0187, 0x0187, 0x0187, 0x0187, 0x0187, 0x0187, 0x0187, 0x0187, 0x0187, 0x0187, 
	0x0187, 0x0187, 0xf79b, 0xf79b, 0xf79b, 0xf79b, 0xf79b, 0x0187, 0x0187, 0x0187, 0x0187, 0x0187, 0x0187, 0x0187, 0x0187, 0x0187, 
	0x0187, 0x0187, 0x0187, 0x0187, 0x0187, 0x0187, 0x0187, 0x0187, 0x0187, 0x0187, 0x0187, 0x0187, 0x0187, 0x0187, 0x0187, 0x0187, 
	0x0187, 0x0187, 0x0187, 0x0187, 0x0187, 0x0187, 0xf79b, 0xf79b, 0xf79b, 0xf79b, 0xf79b, 0xf79b, 0x0187, 0x0187, 0x0187, 0x0187, 
	0x0187, 0x0187, 0x0187, 0x0187, 0x0187, 0x0187, 0x0187, 0x0187, 0x0187, 0xf79b, 0xf79b, 0xf79b, 0xf79b, 0xf79b, 0xf79b, 0xf79b, 
	0xf79b, 0xf79b, 0xf79b, 0xf79b, 0xf79b, 0xf79b, 0xf79b, 0xf79b, 0xf79b, 0xf79b, 0xf79b, 0xf79b, 0xf79b, 0x0187, 0x0187, 0x0187, 
	0x0187, 0x0187, 0x0187, 0x0187, 0x0187, 0x0187, 0x0187, 0x0187, 0x0187, 0x0187, 0x0187, 0xf79b, 0xf79b, 0xf79b, 0xf79b, 0xf79b, 
	0xf79b, 0xf79b, 0xf79b, 0xf79b, 0xf79b, 0xf79b, 0xf79b, 0xf79b, 0xf79b, 0xf79b, 0xf79b, 0xf79b, 0xf79b, 0xf79b, 0xf79b, 0xf79b, 
	0x0187, 0x0187, 0x0187, 0x0187, 0x0187, 0x0187, 0x0187, 0x0187, 0x0187, 0x0187, 0x0187, 0x0187, 0x0187, 0x0187, 0xf79b, 0xf79b, 
	0xf79b, 0xf79b, 0xf79b, 0xf79b, 0x0187, 0x0187, 0x0187, 0x0187, 0x0187, 0x0187, 0x0187, 0x0187, 0x0187, 0x0187, 0x0187, 0x0187, 
	0x0187, 0x0187, 0x0187, 0x0187, 0x0187, 0x0187, 0x0187, 0x0187, 0x0187, 0x0187, 0x0187, 0x0187, 0x0187, 0xf79b, 0xf79b, 0xf79b, 
	0xf79b, 0xf79b, 0xf79b, 0xf79b, 0x0187, 0x0187, 0x0187, 0x0187, 0x0187, 0x0187, 0x0187, 0x0187, 0x0187, 0x0187, 0x0187, 0x0187, 
	0x0187, 0xf79b, 0xf79b, 0xf79b, 0xf79b, 0xf79b, 0xf79b, 0xf79b, 0xf79b, 0xf79b, 0xf79b, 0xf79b, 0xf79b, 0xf79b, 0xf79b, 0xf79b, 
	0xf79b, 0xf79b, 0xf79b, 0xf79b, 0xf79b, 0x0187, 0x0187, 0xf79b, 0xf79b, 0xf79b, 0xf79b, 0xf79b, 0x0187, 0x0187, 0x0187, 0x0187, 
	0x0187, 0x0187, 0x0187, 0x0187, 0x0187, 0x0187, 0x0187, 0x0187, 0x0187, 0x0187, 0x0187, 0xf79b, 0xf79b, 0xf79b, 0xf79b, 0xf79b, 
	0xf79b, 0x0187, 0x0187, 0x0187, 0x0187, 0x0187, 0x0187, 0x0187, 0x0187, 0x0187, 0x0187, 0x0187, 0x0187, 0x0187, 0x0187, 0x0187, 
	0x0187, 0x0187, 0xf79b, 0xf79b, 0xf79b, 0xf79b, 0xf79b, 0x0187, 0x0187, 0x0187, 0x0187, 0x0187, 0x0187, 0x0187, 0x0187, 0x0187, 
	0x0187, 0x0187, 0x0187, 0x0187, 0x0187, 0x0187, 0x0187, 0x0187, 0x0187, 0x0187, 0x0187, 0x0187, 0x0187, 0x0187, 0x0187, 0x0187, 
	0x0187, 0x0187, 0x0187, 0x0187, 0x0187, 0x0187, 0x0187, 0xf79b, 0xf79b, 0xf79b, 0xf79b, 0x0187, 0x0187, 0x0187, 0x0187, 0x0187, 
	0x0187, 0x0187, 0x0187, 0x0187, 0x0187, 0x0187, 0x0187, 0x0187, 0x0187, 0x0187, 0xf79b, 0xf79b, 0xf79b, 0xf79b, 0xf79b, 0xf79b, 
	0xf79b, 0xf79b, 0xf79b, 0xf79b, 0xf79b, 0xf79b, 0xf79b, 0xf79b, 0xf79b, 0xf79b, 0xf79b, 0x0187, 0x0187, 0x0187, 0x0187, 0x0187, 
	0x0187, 0x0187, 0x0187, 0x0187, 0x0187, 0x0187, 0x0187, 0x0187, 0x0187, 0x0187, 0x0187, 0x0187, 0x0187, 0xf79b, 0xf79b, 0xf79b, 
	0xf79b, 0xf79b, 0xf79b, 0xf79b, 0xf79b, 0xf79b, 0xf79b, 0xf79b, 0xf79b, 0xf79b, 0xf79b, 0xf79b, 0xf79b, 0xf79b, 0xf79b, 0x0187, 
	0x0187, 0x0187, 0x0187, 0x0187, 0x0187, 0x0187, 0x0187, 0x0187, 0x0187, 0x0187, 0x0187, 0x0187, 0x0187, 0x0187, 0xf79b, 0xf79b, 
	0xf79b, 0xf79b, 0xf79b, 0xf79b, 0x0187, 0x0187, 0x0187, 0x0187, 0x0187, 0x0187, 0x0187, 0x0187, 0x0187, 0x0187, 0x0187, 0x0187, 
	0x0187, 0x0187, 0x0187, 0x0187, 0x0187, 0x0187, 0x0187, 0x0187, 0x0187, 0x0187, 0x0187, 0x0187, 0x0187, 0x0187, 0xf79b, 0xf79b, 
	0xf79b, 0xf79b, 0xf79b, 0xf79b, 0x0187, 0x0187, 0x0187, 0x0187, 0x0187, 0x0187, 0x0187, 0x0187, 0x0187, 0x0187, 0x0187, 0x0187, 
	0x0187, 0x0187, 0x0187, 0xf79b, 0xf79b, 0xf79b, 0xf79b, 0xf79b, 0xf79b, 0xf79b, 0xf79b, 0xf79b, 0xf79b, 0xf79b, 0xf79b, 0xf79b, 
	0xf79b, 0xf79b, 0xf79b, 0x0187, 0x0187, 0x0187, 0x0187, 0xf79b, 0xf79b, 0xf79b, 0xf79b, 0xf79b, 0x0187, 0x0187, 0x0187, 0x0187, 
	0x0187, 0x0187, 0x0187, 0x0187, 0x0187, 0x0187, 0x0187, 0x0187, 0x0187, 0x0187, 0x0187, 0xf79b, 0xf79b, 0xf79b, 0xf79b, 0xf79b, 
	0xf79b, 0x0187, 0x0187, 0x0187, 0x0187, 0x0187, 0x0187, 0x0187, 0x0187, 0x0187, 0x0187, 0x0187, 0x0187, 0x0187, 0x0187, 0x0187, 
	0x0187, 0x0187, 0x0187, 0xf79b, 0xf79b, 0xf79b, 0x0187, 0x0187, 0x0187, 0x0187, 0x0187, 0x0187, 0x0187, 0x0187, 0x0187, 0x0187, 
	0x0187, 0x0187, 0x0187, 0x0187, 0x0187, 0x0187, 0x0187, 0x0187, 0x0187, 0x0187, 0x0187, 0x0187, 0x0187, 0x0187, 0x0187, 0x0187, 
	0x0187, 0x0187, 0x0187, 0x0187, 0x0187, 0x0187, 0x0187, 0xf79b, 0xf79b, 0xf79b, 0xf79b, 0x0187, 0x0187, 0x0187, 0x0187, 0x0187, 
	0x0187, 0x0187, 0x0187, 0x0187, 0x0187, 0x0187, 0x0187, 0x0187, 0x0187, 0x0187, 0x0187, 0x0187, 0xf79b, 0xf79b, 0xf79b, 0xf79b, 
	0xf79b, 0xf79b, 0xf79b, 0xf79b, 0xf79b, 0xf79b, 0xf79b, 0xf79b, 0xf79b, 0x0187, 0x0187, 0x0187, 0x0187, 0x0187, 0x0187, 0x0187, 
	0x0187, 0x0187, 0x0187, 0x0187, 0x0187, 0x0187, 0x0187, 0x0187, 0x0187, 0x0187, 0x0187, 0x0187, 0x0187, 0x0187, 0x0187, 0xf79b, 
	0xf79b, 0xf79b, 0xf79b, 0xf79b, 0xf79b, 0xf79b, 0xf79b, 0xf79b, 0xf79b, 0xf79b, 0xf79b, 0xf79b, 0x0187, 0x0187, 0x0187, 0x0187, 
	0x0187, 0x0187, 0x0187, 0x0187, 0x0187, 0x0187, 0x0187, 0x0187, 0x0187, 0x0187, 0x0187, 0x0187, 0x0187, 0x0187, 0x0187, 0xf79b, 
	0xf79b, 0xf79b, 0xf79b, 0x0187, 0x0187, 0x0187, 0x0187, 0x0187, 0x0187, 0x0187, 0x0187, 0x0187, 0x0187, 0x0187, 0x0187, 0x0187, 
	0x0187, 0x0187, 0x0187, 0x0187, 0x0187, 0x0187, 0x0187, 0x0187, 0x0187, 0x0187, 0x0187, 0x0187, 0x0187, 0x0187, 0x0187, 0xf79b, 
	0xf79b, 0xf79b, 0xf79b, 0x0187, 0x0187, 0x0187, 0x0187, 0x0187, 0x0187, 0x0187, 0x0187, 0x0187, 0x0187, 0x0187, 0x0187, 0x0187, 
	0x0187, 0x0187, 0x0187, 0x0187, 0x0187, 0xf79b, 0xf79b, 0xf79b, 0xf79b, 0xf79b, 0xf79b, 0xf79b, 0xf79b, 0xf79b, 0xf79b, 0xf79b, 
	0xf79b, 0x0187, 0x0187, 0x0187, 0x0187, 0x0187, 0x0187, 0x0187, 0xf79b, 0xf79b, 0xf79b, 0x0187, 0x0187, 0x0187, 0x0187, 0x0187, 
	0x0187, 0x0187, 0x0187, 0x0187, 0x0187, 0x0187, 0x0187, 0x0187, 0x0187, 0x0187, 0x0187, 0x0187, 0xf79b, 0xf79b, 0xf79b, 0xf79b, 
	0x0187, 0x0187, 0x0187, 0x0187, 0x0187, 0x0187, 0x0187, 0x0187, 0x0187, 0x0187, 0x0187, 0x0187, 0x0187, 0x0187, 0x0187, 0x0187, 
	0x0187, 0x0187, 0x0187, 0x0187, 0x0187, 0x0187, 0x0187, 0x0187, 0x0187, 0x0187, 0x0187, 0x0187, 0x0187, 0x0187, 0x0187, 0x0187, 
	0x0187, 0x0187, 0x0187, 0x0187, 0x0187, 0x0187, 0x0187, 0x0187, 0x0187, 0x0187, 0x0187, 0x0187, 0x0187, 0x0187, 0x0187, 0x0187, 
	0x0187, 0x0187, 0x0187, 0x0187, 0x0187, 0x0187, 0x0187, 0x0187, 0x0187, 0x0187, 0x0187, 0x0187, 0x0187, 0x0187, 0x0187, 0x0187, 
	0x0187, 0x0187, 0x0187, 0x0187, 0x0187, 0x0187, 0x0187, 0x0187, 0x0187, 0x0187, 0x0187, 0x0187, 0x0187, 0x0187, 0x0187, 0x0187, 
	0xf79b, 0xf79b, 0xf79b, 0xf79b, 0xf79b, 0x0187, 0x0187, 0x0187, 0x0187, 0x0187, 0x0187, 0x0187, 0x0187, 0x0187, 0x0187, 0x0187, 
	0x0187, 0x0187, 0x0187, 0x0187, 0x0187, 0x0187, 0x0187, 0x0187, 0x0187, 0x0187, 0x0187, 0x0187, 0x0187, 0x0187, 0x0187, 0x0187, 
	0x0187, 0x0187, 0x0187, 0x0187, 0xf79b, 0xf79b, 0xf79b, 0xf79b, 0x0187, 0x0187, 0x0187, 0x0187, 0x0187, 0x0187, 0x0187, 0x0187, 
	0x0187, 0x0187, 0x0187, 0x0187, 0x0187, 0x0187, 0x0187, 0x0187, 0x0187, 0x0187, 0x0187, 0x0187, 0x0187, 0x0187, 0x0187, 0x0187, 
	0x0187, 0x0187, 0x0187, 0x0187, 0x0187, 0x0187, 0x0187, 0x0187, 0x0187, 0x0187, 0x0187, 0x0187, 0x0187, 0x0187, 0x0187, 0x0187, 
	0x0187, 0x0187, 0x0187, 0x0187, 0x0187, 0x0187, 0x0187, 0x0187, 0x0187, 0x0187, 0x0187, 0x0187, 0x0187, 0x0187, 0x0187, 0x0187, 
	0x0187, 0x0187, 0x0187, 0x0187, 0x0187, 0x0187, 0x0187, 0x0187, 0x0187, 0x0187, 0x0187, 0x0187, 0x0187, 0x0187, 0x0187, 0x0187, 
	0x0187, 0x0187, 0x0187, 0x0187, 0x0187, 0x0187, 0x0187, 0x0187, 0x0187, 0xf79b, 0xf79b, 0xf79b, 0xf79b, 0xf79b, 0x0187, 0x0187, 
	0x0187, 0x0187, 0x0187, 0x0187, 0x0187, 0x0187, 0x0187, 0x0187, 0x0187, 0x0187, 0x0187, 0x0187, 0x0187, 0x0187, 0x0187, 0x0187, 
	0x0187, 0x0187, 0x0187, 0x0187, 0x0187, 0x0187, 0x0187, 0x0187, 0x0187, 0x0187, 0x0187, 0x0187, 0x0187, 0x0187, 0x0187, 0x0187, 
	0x0187, 0x0187, 0x0187, 0x0187, 0x0187, 0x0187, 0x0187, 0x0187, 0x0187, 0x0187, 0x0187, 0x0187, 0x0187, 0x0187, 0x0187, 0x0187, 
	0x0187, 0x0187, 0x0187, 0x0187, 0x0187, 0x0187, 0x0187, 0x0187, 0x0187, 0x0187, 0x0187, 0x0187, 0x0187, 0x0187, 0x0187, 0x0187, 
	0x0187, 0x0187, 0x0187, 0x0187, 0x0187, 0x0187, 0x0187, 0x0187, 0x0187, 0x0187, 0x0187, 0x0187, 0x0187, 0x0187, 0x0187, 0x0187, 
	0x0187, 0x0187, 0x0187, 0x0187, 0x0187, 0x0187, 0x0187, 0x0187, 0x0187, 0x0187, 0x0187, 0x0187, 0x0187, 0x0187, 0x0187, 0x0187, 
	0x0187, 0x0187, 0x0187, 0x0187, 0x0187, 0x0187, 0x0187, 0x0187, 0x0187, 0x0187, 0x0187, 0x0187, 0x0187, 0x0187, 0x0187, 0x0187, 
	0x0187, 0x0187, 0x0187, 0x0187, 0x0187, 0x0187, 0x0187, 0x0187, 0x0187, 0x0187, 0x0187, 0x0187, 0x0187, 0x0187, 0x0187, 0x0187, 
	0x0187, 0x0187, 0x0187, 0x0187, 0x0187, 0x0187, 0x0187, 0x0187, 0x0187, 0x0187, 0x0187, 0x0187, 0x0187, 0x0187, 0x0187, 0x0187, 
	0x0187, 0x0187, 0x0187, 0x0187, 0x0187, 0x0187, 0x0187, 0x0187, 0x0187, 0x0187, 0x0187, 0x0187, 0x0187, 0x0187, 0x0187, 0x0187, 
	0x0187, 0x0187, 0x0187, 0x0187, 0x0187, 0x0187, 0x0187, 0x0187, 0x0187, 0x0187, 0x0187, 0x0187, 0x0187, 0x0187, 0x0187, 0x0187, 
	0x0187, 0x0187, 0x0187, 0x0187, 0x0187, 0x0187, 0x0187, 0x0187, 0x0187, 0x0187, 0x0187, 0x0187, 0x0187, 0x0187, 0x0187, 0x0187, 
	0x0187, 0x0187, 0x0187, 0x0187, 0x0187, 0x0187, 0x0187, 0x0187, 0x0187, 0x0187, 0x0187, 0x0187, 0x0187, 0x0187, 0x0187, 0x0187, 
	0x0187, 0x0187, 0x0187, 0x0187, 0x0187, 0x0187, 0x0187, 0x0187, 0x0187, 0x0187, 0x0187, 0x0187, 0x0187, 0x0187, 0x0187, 0x0187, 
	0x0187, 0x0187, 0x0187, 0x0187, 0x0187, 0x0187, 0x0187, 0x0187, 0x0187, 0x0187, 0x0187, 0x0187, 0x0187, 0x0187, 0x0187, 0x0187, 
	0x0187, 0x0187, 0x0187, 0x0187, 0x0187, 0x0187, 0x0187, 0x0187, 0x0187, 0x0187, 0x0187, 0x0187, 0x0187, 0x0187, 0x0187, 0x0187, 
	0x0187, 0x0187, 0x0187, 0x0187, 0x0187, 0x0187, 0x0187, 0x0187, 0x0187, 0x0187, 0x0187, 0x0187, 0x0187, 0x0187, 0x0187, 0x0187, 
	0x0187, 0x0187, 0x0187, 0x0187, 0x0187, 0x0187, 0x0187, 0x0187, 0x0187, 0x0187, 0x0187, 0x0187, 0x0187, 0x0187, 0x0187, 0x0187, 
	0x0187, 0x0187, 0x0187, 0x0187, 0x0187, 0x0187, 0x0187, 0x0187, 0x0187, 0x0187, 0x0187, 0x0187, 0x0187, 0x0187, 0x0187, 0x0187, 
	0x0187, 0x0187, 0x0187, 0x0187, 0x0187, 0x0187, 0x0187, 0x0187, 0x0187, 0x0187, 0x0187, 0x0187, 0x0187, 0x0187, 0x0187, 0x0187, 
	0x0187, 0x0187, 0x0187, 0x0187, 0x0187, 0x0187, 0x0187, 0x0187, 0x0187, 0x0187, 0x0187, 0x0187, 0x0187, 0x0187, 0x0187, 0x0187, 
	0x0187, 0x0187, 0x0187, 0x0187, 0x0187, 0x0187, 0x0187, 0x0187, 0x0187, 0x0187, 0x0187, 0x0187, 0x0187, 0x0187, 0x0187, 0x0187, 
	0x0187, 0x0187, 0x0187, 0x0187, 0x0187, 0x0187, 0x0187, 0x0187, 0x0187, 0x0187, 0x0187, 0x0187, 0x0187, 0x0187, 0x0187, 0x0187, 
	0x0187, 0x0187, 0x0187, 0x0187, 0x0187, 0x0187, 0x0187, 0x0187, 0x0187, 0x0187, 0x0187, 0x0187, 0x0187, 0x0187, 0x0187, 0x0187, 
	0x0187, 0x0187, 0x0187, 0x0187, 0x0187, 0x0187, 0x0187, 0x0187, 0x0187, 0x0187, 0x0187, 0x0187, 0x0187, 0x0187, 0x0187, 0x0187, 
	0x0187, 0x0187, 0x0187, 0x0187, 0x0187, 0x0187, 0x0187, 0x0187, 0x0187, 0x0187, 0x0187, 0x0187, 0x0187, 0x0187, 0x0187, 0x0187, 
	0x0187, 0x0187, 0x0187, 0x0187, 0x0187, 0x0187, 0x0187, 0x0187, 0x0187, 0x0187, 0x0187, 0x0187, 0x0187, 0x0187, 0x0187, 0x0187, 
	0x0187, 0x0187, 0x0187, 0x0187, 0x0187, 0x0187, 0x0187, 0x0187, 0x0187, 0x0187, 0x0187, 0x0187, 0x0187, 0x0187, 0x0187, 0x0187, 
	0x0187, 0x0187, 0x0187, 0x0187, 0x0187, 0x0187, 0x0187, 0x0187, 0x0187, 0x0187, 0x0187, 0x0187, 0x0187, 0x0187, 0x0187, 0x0187, 
	0x0187, 0x0187, 0x0187, 0x0187, 0x0187, 0x0187, 0x0187, 0x0187, 0x0187, 0x0187, 0x0187, 0x0187, 0x0187, 0x0187, 0x0187, 0x0187, 
	0x0187, 0x0187, 0x0187, 0x0187, 0x0187, 0x0187, 0x0187, 0x0187, 0x0187, 0x0187, 0x0187, 0x0187, 0x0187, 0x0187, 0x0187, 0x0187, 
	0x0187, 0x0187, 0x0187, 0x0187, 0x0187, 0x0187, 0x0187, 0x0187, 0x0187, 0x0187, 0x0187, 0x0187, 0x0187, 0x0187, 0x0187, 0x0187, 
	0x0187, 0x0187, 0x0187, 0x0187, 0x0187, 0x0187, 0x0187, 0x0187, 0x0187, 0x0187, 0x0187, 0x0187, 0x0187, 0x0187, 0x0187, 0x0187, 
	0x0187, 0x0187, 0x0187, 0x0187, 0x0187, 0x0187, 0x0187, 0x0187, 0x0187, 0x0187, 0x0187, 0x0187, 0x0187, 0x0187, 0x0187, 0x0187, 
	0x0187, 0x0187, 0x0187, 0x0187, 0x0187, 0x0187, 0x0187, 0x0187, 0x0187, 0x0187, 0x0187, 0x0187, 0x0187, 0x0187, 0x0187, 0x0187, 
	0x0187, 0x0187, 0x0187, 0x0187, 0x0187, 0x0187, 0x0187, 0x0187, 0x0187, 0x0187, 0x0187, 0x0187, 0x0187, 0x0187, 0x0187, 0x0187, 
	0x0187, 0x0187, 0x0187, 0x0187, 0x0187, 0x0187, 0x0187, 0x0187, 0x0187, 0x0187, 0x0187, 0x0187, 0x0187, 0x0187, 0x0187, 0x0187, 
	0x0187, 0x0187, 0x0187, 0x0187, 0x0187, 0x0187, 0x0187, 0x0187, 0x0187, 0x0187, 0x0187, 0x0187, 0x0187, 0x0187, 0x0187, 0x0187, 
	0x0187, 0x0187, 0x0187, 0x0187, 0x0187, 0x0187, 0x0187, 0x0187, 0x0187, 0x0187, 0x0187, 0x0187, 0x0187, 0x0187, 0x0187, 0x0187, 
	0x0187, 0x0187, 0x0187, 0x0187, 0x0187, 0x0187, 0x0187, 0x0187, 0x0187, 0x0187, 0x0187, 0x0187, 0x0187, 0x0187, 0x0187, 0x0187, 
	0x0187, 0x0187, 0x0187, 0x0187, 0x0187, 0x0187, 0x0187, 0x0187, 0x0187, 0x0187, 0x0187, 0x0187, 0x0187, 0x0187, 0x0187, 0x0187, 
	0x0187, 0x0187, 0x0187, 0x0187, 0x0187, 0x0187, 0x0187, 0x0187, 0x0187, 0x0187, 0x0187, 0x0187, 0x0187, 0x0187, 0x0187, 0x0187, 
	0x0187, 0x0187, 0x0187, 0x0187, 0x0187, 0x0187, 0x0187, 0x0187, 0x0187, 0x0187, 0x0187, 0x0187, 0x0187, 0x0187, 0x0187, 0x0187, 
	0x0187, 0x0187, 0x0187, 0x0187, 0x0187, 0x0187, 0x0187, 0x0187, 0x0187, 0x0187, 0x0187, 0x0187, 0x0187, 0x0187, 0x0187, 0x0187, 
	0x0187, 0x0187, 0x0187, 0x0187, 0x0187, 0x0187, 0x0187, 0x0187, 0x0187, 0x0187, 0x0187, 0x0187, 0x0187, 0x0187, 0x0187, 0x0187, 
	0x0187, 0x0187, 0x0187, 0x0187, 0x0187, 0x0187, 0x0187, 0x0187, 0x0187, 0x0187, 0x0187, 0x0187, 0x0187, 0x0187, 0x0187, 0x0187, 
	0x0187, 0x0187, 0x0187, 0x0187, 0x0187, 0x0187, 0x0187, 0x0187, 0x0187, 0x0187, 0x0187, 0x0187, 0x0187, 0x0187, 0x0187, 0x0187, 
	0x0187, 0x0187, 0x0187, 0x0187, 0x0187, 0x0187, 0x0187, 0x0187, 0x0187, 0x0187, 0x0187, 0x0187, 0x0187, 0x0187, 0x0187, 0x0187, 
	0x0187, 0x0187, 0x0187, 0x0187, 0x0187, 0x0187, 0x0187, 0x0187, 0x0187, 0x0187, 0x0187, 0x0187, 0x0187, 0x0187, 0x0187, 0x0187, 
	0x0187, 0x0187, 0x0187, 0x0187, 0x0187, 0x0187, 0x0187, 0x0187, 0x0187, 0x0187, 0x0187, 0x0187, 0x0187, 0x0187, 0x0187, 0x0187, 
	0x0187, 0x0187, 0x0187, 0x0187, 0x0187, 0x0187, 0x0187, 0x0187, 0x0187, 0x0187, 0x0187, 0x0187, 0x0187, 0x0187, 0x0187, 0x0187, 
	0x0187, 0x0187, 0x0187, 0x0187, 0x0187, 0x0187, 0x0187, 0x0187, 0x0187, 0x0187, 0x0187, 0x0187, 0x0187, 0x0187, 0x0187, 0x0187, 
	0x0187, 0x0187, 0x0187, 0x0187, 0x0187, 0x0187, 0x0187, 0x0187, 0x0187, 0x0187, 0x0187, 0x0187, 0x0187, 0x0187, 0x0187, 0x0187, 
	0x0187, 0x0187, 0x0187, 0x0187, 0x0187, 0x0187, 0x0187, 0x0187, 0x0187, 0x0187, 0x0187, 0x0187, 0x0187, 0x0187, 0x0187, 0x0187, 
	0x0187, 0x0187, 0x0187, 0x0187, 0x0187, 0x0187, 0x0187, 0x0187, 0x0187, 0x0187, 0x0187, 0x0187, 0x0187, 0x0187, 0x0187, 0x0187, 
	0x0187, 0x0187, 0x0187, 0x0187, 0x0187, 0x0187, 0x0187, 0x0187, 0x0187, 0x0187, 0x0187, 0x0187, 0x0187, 0x0187, 0x0187, 0x0187, 
	0x0187, 0x0187, 0x0187, 0x0187, 0x0187, 0x0187, 0x0187, 0x0187, 0x0187, 0x0187, 0x0187, 0x0187, 0x0187, 0x0187, 0x0187, 0x0187, 
	0x0187, 0x0187, 0x0187, 0x0187, 0x0187, 0x0187, 0x0187, 0x0187, 0x0187, 0x0187, 0x0187, 0x0187, 0x0187, 0x0187, 0x0187, 0x0187, 
	0x0187, 0x0187, 0x0187, 0x0187, 0x0187, 0x0187, 0x0187, 0x0187, 0x0187, 0x0187, 0x0187, 0x0187, 0x0187, 0x0187, 0x0187, 0x0187, 
	0x0187, 0x0187, 0x0187, 0x0187, 0x0187, 0x0187, 0x0187, 0x0187, 0x0187, 0x0187, 0x0187, 0x0187, 0x0187, 0x0187, 0x0187, 0x0187, 
	0x0187, 0x0187, 0x0187, 0x0187, 0x0187, 0x0187, 0x0187, 0x0187, 0x0187, 0x0187, 0x0187, 0x0187, 0x0187, 0x0187, 0x0187, 0x0187, 
	0x0187, 0x0187, 0x0187, 0x0187, 0x0187, 0x0187, 0x0187, 0x0187, 0x0187, 0x0187, 0x0187, 0x0187, 0x0187, 0x0187, 0x0187, 0x0187, 
	0x0187, 0x0187, 0x0187, 0x0187, 0x0187, 0x0187, 0x0187, 0x0187, 0x0187, 0x0187, 0x0187, 0x0187, 0x0187, 0x0187, 0x0187, 0x0187, 
	0x0187, 0x0187, 0x0187, 0x0187, 0x0187, 0x0187, 0x0187, 0x0187, 0x0187, 0x0187, 0x0187, 0x0187, 0x0187, 0x0187, 0x0187, 0x0187, 
	0x0187, 0x0187, 0x0187, 0x0187, 0x0187, 0x0187, 0x0187, 0x0187, 0x0187, 0x0187, 0x0187, 0x0187, 0x0187, 0x0187, 0x0187, 0x0187, 
	0x0187, 0x0187, 0x0187, 0x0187, 0x0187, 0x0187, 0x0187, 0x0187, 0x0187, 0x0187, 0x0187, 0x0187, 0x0187, 0x0187, 0x0187, 0x0187, 
	0x0187, 0x0187, 0x0187, 0x0187, 0x0187, 0x0187, 0x0187, 0x0187, 0x0187, 0x0187, 0x0187, 0x0187, 0x0187, 0x0187, 0x0187, 0x0187, 
	0x0187, 0x0187, 0x0187, 0x0187, 0x0187, 0x0187, 0x0187, 0x0187, 0x0187, 0x0187, 0x0187, 0x0187, 0x0187, 0x0187, 0x0187, 0x0187, 
	0x0187, 0x0187, 0x0187, 0x0187, 0x0187, 0x0187, 0x0187, 0x0187, 0x0187, 0x0187, 0x0187, 0x0187, 0x0187, 0x0187, 0x0187, 0x0187, 
	0x0187, 0x0187, 0x0187, 0x0187, 0x0187, 0x0187, 0x0187, 0x0187, 0x0187, 0x0187, 0x0187, 0x0187, 0x0187, 0x0187, 0x0187, 0x0187, 
	0x0187, 0x0187, 0x0187, 0x0187, 0x0187, 0x0187, 0x0187, 0x0187, 0x0187, 0x0187, 0x0187, 0x0187, 0x0187, 0x0187, 0x0187, 0x0187, 
	0x0187, 0x0187, 0x0187, 0x0187, 0x0187, 0x0187, 0x0187, 0x0187, 0x0187, 0x0187, 0x0187, 0x0187, 0x0187, 0x0187, 0x0187, 0x0187, 
	0x0187, 0x0187, 0x0187, 0x0187, 0x0187, 0x0187, 0x0187, 0x0187, 0x0187, 0x0187, 0x0187, 0x0187, 0x0187, 0x0187, 0x0187, 0x0187, 
	0x0187, 0x0187, 0x0187, 0x0187, 0x0187, 0x0187, 0x0187, 0x0187, 0x0187, 0x0187, 0x0187, 0x0187, 0x0187, 0x0187, 0x0187, 0x0187, 
	0x0187, 0x0187, 0x0187, 0x0187, 0x0187, 0x0187, 0x0187, 0x0187, 0x0187, 0x0187, 0x0187, 0x0187, 0x0187, 0x0187, 0x0187, 0x0187, 
	0x0187, 0x0187, 0x0187, 0x0187, 0x0187, 0x0187, 0x0187, 0x0187, 0x0187, 0x0187, 0x0187, 0x0187, 0x0187, 0x0187, 0x0187, 0x0187, 
	0x0187, 0x0187, 0x0187, 0x0187, 0x0187, 0x0187, 0x0187, 0x0187, 0x0187, 0x0187, 0x0187, 0x0187, 0x0187, 0x0187, 0x0187, 0x0187, 
	0x0187, 0x0187, 0x0187, 0x0187, 0x0187, 0x0187, 0x0187, 0x0187, 0x0187, 0x0187, 0x0187, 0x0187, 0x0187, 0x0187, 0x0187, 0x0187, 
	0x0187, 0x0187, 0x0187, 0x0187, 0x0187, 0x0187, 0x0187, 0x0187, 0x0187, 0x0187, 0x0187, 0x0187, 0x0187, 0x0187, 0x0187, 0x0187, 
	0x0187, 0x0187, 0x0187, 0x0187, 0x0187, 0x0187, 0x0187, 0x0187, 0x0187, 0x0187, 0x0187, 0x0187, 0x0187, 0x0187, 0x0187, 0x0187, 
	0x0187, 0x0187, 0x0187, 0x0187, 0x0187, 0x0187, 0x0187, 0x0187, 0x0187, 0x0187, 0x0187, 0x0187, 0x0187, 0x0187, 0x0187, 0x0187, 
	0x0187, 0x0187, 0x0187, 0x0187, 0x0187, 0x0187, 0x0187, 0x0187, 0x0187, 0x0187, 0x0187, 0x0187, 0x0187, 0x0187, 0x0187, 0x0187, 
	0x0187, 0x0187, 0x0187, 0x0187, 0x0187, 0x0187, 0x0187, 0x0187, 0x0187, 0x0187, 0x0187, 0x0187, 0x0187, 0x0187, 0x0187, 0x0187, 
	0x0187, 0x0187, 0x0187, 0x0187, 0x0187, 0x0187, 0x0187, 0x0187, 0x0187, 0x0187, 0x0187, 0x0187, 0x0187, 0x0187, 0x0187, 0x0187, 
	0x0187, 0x0187, 0x0187, 0x0187, 0x0187, 0x0187, 0x0187, 0x0187, 0x0187, 0x0187, 0x0187, 0x0187, 0x0187, 0x0187, 0x0187, 0x0187, 
	0x0187, 0x0187, 0x0187, 0x0187, 0x0187, 0x0187, 0x0187, 0x0187, 0x0187, 0x0187, 0x0187, 0x0187, 0x0187, 0x0187, 0x0187, 0x0187, 
	0x0187, 0x0187, 0x0187, 0x0187, 0x0187, 0x0187, 0x0187, 0x0187, 0x0187, 0x0187, 0x0187, 0x0187, 0x0187, 0x0187, 0x0187, 0x0187, 
	0x0187, 0x0187, 0x0187, 0x0187, 0x0187, 0x0187, 0x0187, 0x0187, 0x0187, 0x0187, 0x0187, 0x0187, 0x0187, 0x0187, 0x0187, 0x0187, 
	0x0187, 0x0187, 0x0187, 0x0187, 0x0187, 0x0187, 0x0187, 0x0187, 0x0187, 0x0187, 0x0187, 0x0187, 0x0187, 0x0187, 0x0187, 0x0187, 
	0x0187, 0x0187, 0x0187, 0x0187, 0x0187, 0x0187, 0x0187, 0x0187, 0x0187, 0x0187, 0x0187, 0x0187, 0x0187, 0x0187, 0x0187, 0x0187, 
	0x0187, 0x0187, 0x0187, 0x0187, 0x0187, 0x0187, 0x0187, 0x0187, 0x0187, 0x0187, 0x0187, 0x0187, 0x0187, 0x0187, 0x0187, 0x0187, 
	0x0187, 0x0187, 0x0187, 0x0187, 0x0187, 0x0187, 0x0187, 0x0187, 0x0187, 0x0187, 0x0187, 0x0187, 0x0187, 0x0187, 0x0187, 0x0187, 
	0x0187, 0x0187, 0x0187, 0x0187, 0x0187, 0x0187, 0x0187, 0x0187, 0x0187, 0x0187, 0x0187, 0x0187, 0x0187, 0x0187, 0x0187, 0x0187, 
	0x0187, 0x0187, 0x0187, 0x0187, 0x0187, 0x0187, 0x0187, 0x0187, 0x0187, 0x0187, 0x0187, 0x0187, 0x0187, 0x0187, 0x0187, 0x0187, 
	0x0187, 0x0187, 0x0187, 0x0187, 0x0187, 0x0187, 0x0187, 0x0187, 0x0187, 0x0187, 0x0187, 0x0187, 0x0187, 0x0187, 0x0187, 0x0187, 
	0x0187, 0x0187, 0x0187, 0x0187, 0x0187, 0x0187, 0x0187, 0x0187, 0x0187, 0x0187, 0x0187, 0x0187, 0x0187, 0x0187, 0x0187, 0x0187, 
	0x0187, 0x0187, 0x0187, 0x0187, 0x0187, 0x0187, 0x0187, 0x0187, 0x0187, 0x0187, 0x0187, 0x0187, 0x0187, 0x0187, 0x0187, 0x0187, 
	0x0187, 0x0187, 0x0187, 0x0187, 0x0187, 0x0187, 0x0187, 0x0187, 0x0187, 0x0187, 0x0187, 0x0187, 0x0187, 0x0187, 0x0187, 0x0187, 
	0x0187, 0x0187, 0x0187, 0x0187, 0x0187, 0x0187, 0x0187, 0x0187, 0x0187, 0x0187, 0x0187, 0x0187, 0x0187, 0x0187, 0x0187, 0x0187, 
	0x0187, 0x0187, 0x0187, 0x0187, 0x0187, 0x0187, 0x0187, 0x0187, 0x0187, 0x0187, 0x0187, 0x0187, 0x0187, 0x0187, 0x0187, 0x0187, 
	0x0187, 0x0187, 0x0187, 0x0187, 0x0187, 0x0187, 0x0187, 0x0187, 0x0187, 0x0187, 0x0187, 0x0187, 0x0187, 0x0187, 0x0187, 0x0187, 
	0x0187, 0x0187, 0x0187, 0x0187, 0x0187, 0x0187, 0x0187, 0x0187, 0x0187, 0x0187, 0x0187, 0x0187, 0x0187, 0x0187, 0x0187, 0x0187, 
	0x0187, 0x0187, 0x0187, 0x0187, 0x0187, 0x0187, 0x0187, 0x0187, 0x0187, 0x0187, 0x0187, 0x0187, 0x0187, 0x0187, 0x0187, 0x0187, 
	0x0187, 0x0187, 0x0187, 0x0187, 0x0187, 0x0187, 0x0187, 0x0187, 0x0187, 0x0187, 0x0187, 0x0187, 0x0187, 0x0187, 0x0187, 0x0187, 
	0x0187, 0x0187, 0x0187, 0x0187, 0x0187, 0x0187, 0x0187, 0x0187, 0x0187, 0x0187, 0x0187, 0x0187, 0x0187, 0x0187, 0x0187, 0x0187, 
	0x0187, 0x0187, 0x0187, 0x0187, 0x0187, 0x0187, 0x0187, 0x0187, 0x0187, 0x0187, 0x0187, 0x0187, 0x0187, 0x0187, 0x0187, 0x0187, 
	0x0187, 0x0187, 0x0187, 0x0187, 0x0187, 0x0187, 0x0187, 0x0187, 0x0187, 0x0187, 0x0187, 0x0187, 0x0187, 0x0187, 0x0187, 0x0187, 
	0x0187, 0x0187, 0x0187, 0x0187, 0x0187, 0x0187, 0x0187, 0x0187, 0x0187, 0x0187, 0x0187, 0x0187, 0x0187, 0x0187, 0x0187, 0x0187, 
	0x0187, 0x0187, 0x0187, 0x0187, 0x0187, 0x0187, 0x0187, 0x0187, 0x0187, 0x0187, 0x0187, 0x0187, 0x0187, 0x0187, 0x0187, 0x0187, 
	0x0187, 0x0187, 0x0187, 0x0187, 0x0187, 0x0187, 0x0187, 0x0187, 0x0187, 0x0187, 0x0187, 0x0187, 0x0187, 0x0187, 0x0187, 0x0187, 
	0x0187, 0x0187, 0x0187, 0x0187, 0x0187, 0x0187, 0x0187, 0x0187, 0x0187, 0x0187, 0x0187, 0x0187, 0x0187, 0x0187, 0x0187, 0x0187, 
	0x0187, 0x0187, 0x0187, 0x0187, 0x0187, 0x0187, 0x0187, 0x0187, 0x0187, 0x0187, 0x0187, 0x0187, 0x0187, 0x0187, 0x0187, 0x0187, 
	0x0187, 0x0187, 0x0187, 0x0187, 0x0187, 0x0187, 0x0187, 0x0187, 0x0187, 0x0187, 0x0187, 0x0187, 0x0187, 0x0187, 0x0187, 0x0187, 
	0x0187, 0x0187, 0x0187, 0x0187, 0x0187, 0x0187, 0x0187, 0x0187, 0x0187, 0x0187, 0x0187, 0x0187, 0x0187, 0x0187, 0x0187, 0x0187, 
	0x0187, 0x0187, 0x0187, 0x0187, 0x0187, 0x0187, 0x0187, 0x0187, 0x0187, 0x0187, 0x0187, 0x0187, 0x0187, 0x0187, 0x0187, 0x0187, 
	0x0187, 0x0187, 0x0187, 0x0187, 0x0187, 0x0187, 0x0187, 0x0187, 0x0187, 0x0187, 0x0187, 0x0187, 0x0187, 0x0187, 0x0187, 0x0187, 
	0x0187, 0x0187, 0x0187, 0x0187, 0x0187, 0x0187, 0x0187, 0x0187, 0x0187, 0x0187, 0x0187, 0x0187, 0x0187, 0x0187, 0x0187, 0x0187, 
	0x0187, 0x0187, 0x0187, 0x0187, 0x0187, 0x0187, 0x0187, 0x0187, 0x0187, 0x0187, 0x0187, 0x0187, 0x0187, 0x0187, 0x0187, 0x0187, 
	0x0187, 0x0187, 0x0187, 0x0187, 0x0187, 0x0187, 0x0187, 0x0187, 0x0187, 0x0187, 0x0187, 0x0187, 0x0187, 0x0187, 0x0187, 0x0187, 
	0x0187, 0x0187, 0x0187, 0x0187, 0x0187, 0x0187, 0x0187, 0x0187, 0x0187, 0x0187, 0x0187, 0x0187, 0x0187, 0x0187, 0x0187, 0x0187, 
	0x0187, 0x0187, 0x0187, 0x0187, 0x0187, 0x0187, 0x0187, 0x0187, 0x0187, 0x0187, 0x0187, 0x0187, 0x0187, 0x0187, 0x0187, 0x0187, 
	0x0187, 0x0187, 0x0187, 0x0187, 0x0187, 0x0187, 0x0187, 0x0187, 0x0187, 0x0187, 0x0187, 0x0187, 0x0187, 0x0187, 0x0187, 0x0187, 
	0x0187, 0x0187, 0x0187, 0x0187, 0x0187, 0x0187, 0x0187, 0x0187, 0x0187, 0x0187, 0x0187, 0x0187, 0x0187, 0x0187, 0x0187, 0x0187, 
	0x0187, 0x0187, 0x0187, 0x0187, 0x0187, 0x0187, 0x0187, 0x0187, 0x0187, 0x0187, 0x0187, 0x0187, 0x0187, 0x0187, 0x0187, 0x0187, 
	0x0187, 0x0187, 0x0187, 0x0187, 0x0187, 0x0187, 0x0187, 0x0187, 0x0187, 0x0187, 0x0187, 0x0187, 0x0187, 0x0187, 0x0187, 0x0187, 
	0x0187, 0x0187, 0x0187, 0x0187, 0x0187, 0x0187, 0x0187, 0x0187, 0x0187, 0x0187, 0x0187, 0x0187, 0x0187, 0x0187, 0x0187, 0x0187, 
	0x0187, 0x0187, 0x0187, 0x0187, 0x0187, 0x0187, 0x0187, 0x0187, 0x0187, 0x0187, 0x0187, 0x0187, 0x0187, 0x0187, 0x0187, 0x0187, 
	0x0187, 0x0187, 0x0187, 0x0187, 0x0187, 0x0187, 0x0187, 0x0187, 0x0187, 0x0187, 0x0187, 0x0187, 0x0187, 0x0187, 0x0187, 0x0187, 
	0x0187, 0x0187, 0x0187, 0x0187, 0x0187, 0x0187, 0x0187, 0x0187, 0x0187, 0x0187, 0x0187, 0x0187, 0x0187, 0x0187, 0x0187, 0x0187, 
	0x0187, 0x0187, 0x0187, 0x0187, 0x0187, 0x0187, 0x0187, 0x0187, 0x0187, 0x0187, 0x0187, 0x0187, 0x0187, 0x0187, 0x0187, 0x0187, 
	0x0187, 0x0187, 0x0187, 0x0187, 0x0187, 0x0187, 0x0187, 0x0187, 0x0187, 0x0187, 0x0187, 0x0187, 0x0187, 0x0187, 0x0187, 0x0187, 
	0x0187, 0x0187, 0x0187, 0x0187, 0x0187, 0x0187, 0x0187, 0x0187, 0x0187, 0x0187, 0x0187, 0x0187, 0x0187, 0x0187, 0x0187, 0x0187, 
	0x0187, 0x0187, 0x0187, 0x0187, 0x0187, 0x0187, 0x0187, 0x0187, 0x0187, 0x0187, 0x0187, 0x0187, 0x0187, 0x0187, 0x0187, 0x0187, 
	0x0187, 0x0187, 0x0187, 0x0187, 0x0187, 0x0187, 0x0187, 0x0187, 0x0187, 0x0187, 0x0187, 0x0187, 0x0187, 0x0187, 0x0187, 0x0187, 
	0x0187, 0x0187, 0x0187, 0x0187, 0x0187, 0x0187, 0x0187, 0x0187, 0x0187, 0x0187, 0x0187, 0x0187, 0x0187, 0x0187, 0x0187, 0x0187, 
	0x0187, 0x0187, 0x0187, 0x0187, 0x0187, 0x0187, 0x0187, 0x0187, 0x0187, 0x0187, 0x0187, 0x0187, 0x0187, 0x0187, 0x0187, 0x0187, 
	0x0187, 0x0187, 0x0187, 0x0187, 0x0187, 0x0187, 0x0187, 0x0187, 0x0187, 0x0187, 0x0187, 0x0187, 0x0187, 0x0187, 0x0187, 0x0187, 
	0x0187, 0x0187, 0x0187, 0x0187, 0x0187, 0x0187, 0x0187, 0x0187, 0x0187, 0x0187, 0x0187, 0x0187, 0x0187, 0x0187, 0x0187, 0x0187, 
	0x0187, 0x0187, 0x0187, 0x0187, 0x0187, 0x0187, 0x0187, 0x0187, 0x0187, 0x0187, 0x0187, 0x0187, 0x0187, 0x0187, 0x0187, 0x0187, 
	0x0187, 0x0187, 0x0187, 0x0187, 0x0187, 0x0187, 0x0187, 0x0187, 0x0187, 0x0187, 0x0187, 0x0187, 0x0187, 0x0187, 0x0187, 0x0187, 
	0x0187, 0x0187, 0x0187, 0x0187, 0x0187, 0x0187, 0x0187, 0x0187, 0x0187, 0x0187, 0x0187, 0x0187, 0x0187, 0x0187, 0x0187, 0x0187, 
	0x0187, 0x0187, 0x0187, 0x0187, 0x0187, 0x0187, 0x0187, 0x0187, 0x0187, 0x0187, 0x0187, 0x0187, 0x0187, 0x0187, 0x0187, 0x0187, 
	0x0187, 0x0187, 0x0187, 0x0187, 0x0187, 0x0187, 0x0187, 0x0187, 0x0187, 0x0187, 0x0187, 0x0187, 0x0187, 0x0187, 0x0187, 0x0187, 
	0x0187, 0x0187, 0x0187, 0x0187, 0x0187, 0x0187, 0x0187, 0x0187, 0x0187, 0x0187, 0x0187, 0x0187, 0x0187, 0x0187, 0x0187, 0x0187, 
	0x0187, 0x0187, 0x0187, 0x0187, 0x0187, 0x0187, 0x0187, 0x0187, 0x0187, 0x0187, 0x0187, 0x0187, 0x0187, 0x0187, 0x0187, 0x0187, 
	0x0187, 0x0187, 0x0187, 0x0187, 0x0187, 0x0187, 0x0187, 0x0187, 0x0187, 0x0187, 0x0187, 0x0187, 0x0187, 0x0187, 0x0187, 0x0187, 
	0x0187, 0x0187, 0x0187, 0x0187, 0x0187, 0x0187, 0x0187, 0x0187, 0x0187, 0x0187, 0x0187, 0x0187, 0x0187, 0x0187, 0x0187, 0x0187, 
	0x0187, 0x0187, 0x0187, 0x0187, 0x0187, 0x0187, 0x0187, 0x0187, 0x0187, 0x0187, 0x0187, 0x0187, 0x0187, 0x0187, 0x0187, 0x0187, 
	0x0187, 0x0187, 0x0187, 0x0187, 0x0187, 0x0187, 0x0187, 0x0187, 0x0187, 0x0187, 0x0187, 0x0187, 0x0187, 0x0187, 0x0187, 0x0187, 
	0x0187, 0x0187, 0x0187, 0x0187, 0x0187, 0x0187, 0x0187, 0x0187, 0x0187, 0x0187, 0x0187, 0x0187, 0x0187, 0x0187, 0x0187, 0x0187, 
	0x0187, 0x0187, 0x0187, 0x0187, 0x0187, 0x0187, 0x0187, 0x0187, 0x0187, 0x0187, 0x0187, 0x0187, 0x0187, 0x0187, 0x0187, 0x0187, 
	0x0187, 0x0187, 0x0187, 0x0187, 0x0187, 0x0187, 0x0187, 0x0187, 0x0187, 0x0187, 0x0187, 0x0187, 0x0187, 0x0187, 0x0187, 0x0187, 
	0x0187, 0x0187, 0x0187, 0x0187, 0x0187, 0x0187, 0x0187, 0x0187, 0x0187, 0x0187, 0x0187, 0x0187, 0x0187, 0x0187, 0x0187, 0x0187, 
	0x0187, 0x0187, 0x0187, 0x0187, 0x0187, 0x0187, 0x0187, 0x0187, 0x0187, 0x0187, 0x0187, 0x0187, 0x0187, 0x0187, 0x0187, 0x0187, 
	0x0187, 0x0187, 0x0187, 0x0187, 0x0187, 0x0187, 0x0187, 0x0187, 0x0187, 0x0187, 0x0187, 0x0187, 0x0187, 0x0187, 0x0187, 0x0187, 
	0x0187, 0x0187, 0x0187, 0x0187, 0x0187, 0x0187, 0x0187, 0x0187, 0x0187, 0x0187, 0x0187, 0x0187, 0x0187, 0x0187, 0x0187, 0x0187, 
	0x0187, 0x0187, 0x0187, 0x0187, 0x0187, 0x0187, 0x0187, 0x0187, 0x0187, 0x0187, 0x0187, 0x0187, 0x0187, 0x0187, 0x0187, 0x0187, 
	0x0187, 0x0187, 0x0187, 0x0187, 0x0187, 0x0187, 0x0187, 0x0187, 0x0187, 0x0187, 0x0187, 0x0187, 0x0187, 0x0187, 0x0187, 0x0187, 
	0x0187, 0x0187, 0x0187, 0x0187, 0x0187, 0x0187, 0x0187, 0x0187, 0x0187, 0x0187, 0x0187, 0x0187, 0x0187, 0x0187, 0x0187, 0x0187, 
	0x0187, 0x0187, 0x0187, 0x0187, 0x0187, 0x0187, 0x0187, 0x0187, 0x0187, 0x0187, 0x0187, 0x0187, 0x0187, 0x0187, 0x0187, 0x0187, 
	0x0187, 0x0187, 0x0187, 0x0187, 0x0187, 0x0187, 0x0187, 0x0187, 0x0187, 0x0187, 0x0187, 0x0187, 0x0187, 0x0187, 0x0187, 0x0187, 
	0x0187, 0x0187, 0x0187, 0x0187, 0x0187, 0x0187, 0x0187, 0x0187, 0x0187, 0x0187, 0x0187, 0x0187, 0x0187, 0x0187, 0x0187, 0x0187, 
	0x0187, 0x0187, 0x0187, 0x0187, 0x0187, 0x0187, 0x0187, 0x0187, 0x0187, 0x0187, 0x0187, 0x0187, 0x0187, 0x0187, 0x0187, 0x0187, 
	0x0187, 0x0187, 0x0187, 0x0187, 0x0187, 0x0187, 0x0187, 0x0187, 0x0187, 0x0187, 0x0187, 0x0187, 0x0187, 0x0187, 0x0187, 0x0187, 
	0x0187, 0x0187, 0x0187, 0x0187, 0x0187, 0x0187, 0x0187, 0x0187, 0x0187, 0x0187, 0x0187, 0x0187, 0x0187, 0x0187, 0x0187, 0x0187, 
	0x0187, 0x0187, 0x0187, 0x0187, 0x0187, 0x0187, 0x0187, 0x0187, 0x0187, 0x0187, 0x0187, 0x0187, 0x0187, 0x0187, 0x0187, 0x0187, 
	0x0187, 0x0187, 0x0187, 0x0187, 0x0187, 0x0187, 0x0187, 0x0187, 0x0187, 0x0187, 0x0187, 0x0187, 0x0187, 0x0187, 0x0187, 0x0187, 
	0x0187, 0x0187, 0x0187, 0x0187, 0x0187, 0x0187, 0x0187, 0x0187, 0x0187, 0x0187, 0x0187, 0x0187, 0x0187, 0x0187, 0x0187, 0x0187, 
	0x0187, 0x0187, 0x0187, 0x0187, 0x0187, 0x0187, 0x0187, 0x0187, 0x0187, 0x0187, 0x0187, 0x0187, 0x0187, 0x0187, 0x0187, 0x0187, 
	0x0187, 0x0187, 0x0187, 0x0187, 0x0187, 0x0187, 0x0187, 0x0187, 0x0187, 0x0187, 0x0187, 0x0187, 0x0187, 0x0187, 0x0187, 0x0187, 
	0x0187, 0x0187, 0x0187, 0x0187, 0x0187, 0x0187, 0x0187, 0x0187, 0x0187, 0x0187, 0x0187, 0x0187, 0x0187, 0x0187, 0x0187, 0x0187, 
	0x0187, 0x0187, 0x0187, 0x0187, 0x0187, 0x0187, 0x0187, 0x0187, 0x0187, 0x0187, 0x0187, 0x0187, 0x0187, 0x0187, 0x0187, 0x0187, 
	0x0187, 0x0187, 0x0187, 0x0187, 0x0187, 0x0187, 0x0187, 0x0187, 0x0187, 0x0187, 0x0187, 0x0187, 0x0187, 0x0187, 0x0187, 0x0187, 
	0x0187, 0x0187, 0x0187, 0x0187, 0x0187, 0x0187, 0x0187, 0x0187, 0x0187, 0x0187, 0x0187, 0x0187, 0x0187, 0x0187, 0x0187, 0x0187, 
	0x0187, 0x0187, 0x0187, 0x0187, 0x0187, 0x0187, 0x0187, 0x0187, 0x0187, 0x0187, 0x0187, 0x0187, 0x0187, 0x0187, 0x0187, 0x0187, 
	0x0187, 0x0187, 0x0187, 0x0187, 0x0187, 0x0187, 0x0187, 0x0187, 0x0187, 0x0187, 0x0187, 0x0187, 0x0187, 0x0187, 0x0187, 0x0187, 
	0x0187, 0x0187, 0x0187, 0x0187, 0x0187, 0x0187, 0x0187, 0x0187, 0x0187, 0x0187, 0x0187, 0x0187, 0x0187, 0x0187, 0x0187, 0x0187, 
	0x0187, 0x0187, 0x0187, 0x0187, 0x0187, 0x0187, 0x0187, 0x0187, 0x0187, 0x0187, 0x0187, 0x0187, 0x0187, 0x0187, 0x0187, 0x0187, 
	0x0187, 0x0187, 0x0187, 0x0187, 0x0187, 0x0187, 0x0187, 0x0187, 0x0187, 0x0187, 0x0187, 0x0187, 0x0187, 0x0187, 0x0187, 0x0187, 
	0x0187, 0x0187, 0x0187, 0x0187, 0x0187, 0x0187, 0x0187, 0x0187, 0x0187, 0x0187, 0x0187, 0x0187, 0x0187, 0x0187, 0x0187, 0x0187, 
	0x0187, 0x0187, 0x0187, 0x0187, 0x0187, 0x0187, 0x0187, 0x0187, 0x0187, 0x0187, 0x0187, 0x0187, 0x0187, 0x0187, 0x0187, 0x0187, 
	0x0187, 0x0187, 0x0187, 0x0187, 0x0187, 0x0187, 0x0187, 0x0187, 0x0187, 0x0187, 0x0187, 0x0187, 0x0187, 0x0187, 0x0187, 0x0187, 
	0x0187, 0x0187, 0x0187, 0x0187, 0x0187, 0x0187, 0x0187, 0x0187, 0x0187, 0x0187, 0x0187, 0x0187, 0x0187, 0x0187, 0x0187, 0x0187, 
	0x0187, 0x0187, 0x0187, 0x0187, 0x0187, 0x0187, 0x0187, 0x0187, 0x0187, 0x0187, 0x0187, 0x0187, 0x0187, 0x0187, 0x0187, 0x0187, 
	0x0187, 0x0187, 0x0187, 0x0187, 0x0187, 0x0187, 0x0187, 0x0187, 0x0187, 0x0187, 0x0187, 0x0187, 0x0187, 0x0187, 0x0187, 0x0187, 
	0x0187, 0x0187, 0x0187, 0x0187, 0x0187, 0x0187, 0x0187, 0x0187, 0x0187, 0x0187, 0x0187, 0x0187, 0x0187, 0x0187, 0x0187, 0x0187, 
	0x0187, 0x0187, 0x0187, 0x0187, 0x0187, 0x0187, 0x0187, 0x0187, 0x0187, 0x0187, 0x0187, 0x0187, 0x0187, 0x0187, 0x0187, 0x0187, 
	0x0187, 0x0187, 0x0187, 0x0187, 0x0187, 0x0187, 0x0187, 0x0187, 0x0187, 0x0187, 0x0187, 0x0187, 0x0187, 0x0187, 0x0187, 0x0187, 
	0x0187, 0x0187, 0x0187, 0x0187, 0x0187, 0x0187, 0x0187, 0x0187, 0x0187, 0x0187, 0x0187, 0x0187, 0x0187, 0x0187, 0x0187, 0x0187, 
	0x0187, 0x0187, 0x0187, 0x0187, 0x0187, 0x0187, 0x0187, 0x0187, 0x0187, 0x0187, 0x0187, 0x0187, 0x0187, 0x0187, 0x0187, 0x0187, 
	0x0187, 0x0187, 0x0187, 0x0187, 0x0187, 0x0187, 0x0187, 0x0187, 0x0187, 0x0187, 0x0187, 0x0187, 0x0187, 0x0187, 0x0187, 0x0187, 
	0x0187, 0x0187, 0x0187, 0x0187, 0x0187, 0x0187, 0x0187, 0x0187, 0x0187, 0x0187, 0x0187, 0x0187, 0x0187, 0x0187, 0x0187, 0x0187, 
	0x0187, 0x0187, 0x0187, 0x0187, 0x0187, 0x0187, 0x0187, 0x0187, 0x0187, 0x0187, 0x0187, 0x0187, 0x0187, 0x0187, 0x0187, 0x0187, 
	0x0187, 0x0187, 0x0187, 0x0187, 0x0187, 0x0187, 0x0187, 0x0187, 0x0187, 0x0187, 0x0187, 0x0187, 0x0187, 0x0187, 0x0187, 0x0187, 
	0x0187, 0x0187, 0x0187, 0x0187, 0x0187, 0x0187, 0x0187, 0x0187, 0x0187, 0x0187, 0x0187, 0x0187, 0x0187, 0x0187, 0x0187, 0x0187, 
	0x0187, 0x0187, 0x0187, 0x0187, 0x0187, 0x0187, 0x0187, 0x0187, 0x0187, 0x0187, 0x0187, 0x0187, 0x0187, 0x0187, 0x0187, 0x0187, 
	0x0187, 0x0187, 0x0187, 0x0187, 0x0187, 0x0187, 0x0187, 0x0187, 0x0187, 0x0187, 0x0187, 0x0187, 0x0187, 0x0187, 0x0187, 0x0187, 
	0x0187, 0x0187, 0x0187, 0x0187, 0x0187, 0x0187, 0x0187, 0x0187, 0x0187, 0x0187, 0x0187, 0x0187, 0x0187, 0x0187, 0x0187, 0x0187, 
	0x0187, 0x0187, 0x0187, 0x0187, 0x0187, 0x0187, 0x0187, 0x0187, 0x0187, 0x0187, 0x0187, 0x0187, 0x0187, 0x0187, 0x0187, 0x0187, 
	0x0187, 0x0187, 0x0187, 0x0187, 0x0187, 0x0187, 0x0187, 0x0187, 0x0187, 0x0187, 0x0187, 0x0187, 0x0187, 0x0187, 0x0187, 0x0187, 
	0x0187, 0x0187, 0x0187, 0x0187, 0x0187, 0x0187, 0x0187, 0x0187, 0x0187, 0x0187, 0x0187, 0x0187, 0x0187, 0x0187, 0x0187, 0x0187, 
	0x0187, 0x0187, 0x0187, 0x0187, 0x0187, 0x0187, 0x0187, 0x0187, 0x0187, 0x0187, 0x0187, 0x0187, 0x0187, 0x0187, 0x0187, 0x0187, 
	0x0187, 0x0187, 0x0187, 0x0187, 0x0187, 0x0187, 0x0187, 0x0187, 0x0187, 0x0187, 0x0187, 0x0187, 0x0187, 0x0187, 0x0187, 0x0187, 
	0x0187, 0x0187, 0x0187, 0x0187, 0x0187, 0x0187, 0x0187, 0x0187, 0x0187, 0x0187, 0x0187, 0x0187, 0x0187, 0x0187, 0x0187, 0x0187, 
	0x0187, 0x0187, 0x0187, 0x0187, 0x0187, 0x0187, 0x0187, 0x0187, 0x0187, 0x0187, 0x0187, 0x0187, 0x0187, 0x0187, 0x0187, 0x0187, 
	0x0187, 0x0187, 0x0187, 0x0187, 0x0187, 0x0187, 0x0187, 0x0187, 0x0187, 0x0187, 0x0187, 0x0187, 0x0187, 0x0187, 0x0187, 0x0187, 
	0x0187, 0x0187, 0x0187, 0x0187, 0x0187, 0x0187, 0x0187, 0x0187, 0x0187, 0x0187, 0x0187, 0x0187, 0x0187, 0x0187, 0x0187, 0x0187, 
	0x0187, 0x0187, 0x0187, 0x0187, 0x0187, 0x0187, 0x0187, 0x0187, 0x0187, 0x0187, 0x0187, 0x0187, 0x0187, 0x0187, 0x0187, 0x0187, 
	0x0187, 0x0187, 0x0187, 0x0187, 0x0187, 0x0187, 0x0187, 0x0187, 0x0187, 0x0187, 0x0187, 0x0187, 0x0187, 0x0187, 0x0187, 0x0187, 
	0x0187, 0x0187, 0x0187, 0x0187, 0x0187, 0x0187, 0x0187, 0x0187, 0x0187, 0x0187, 0x0187, 0x0187, 0x0187, 0x0187, 0x0187, 0x0187, 
	0x0187, 0x0187, 0x0187, 0x0187, 0x0187, 0x0187, 0x0187, 0x0187, 0x0187, 0x0187, 0x0187, 0x0187, 0x0187, 0x0187, 0x0187, 0x0187, 
	0x0187, 0x0187, 0x0187, 0x0187, 0x0187, 0x0187, 0x0187, 0x0187, 0x0187, 0x0187, 0x0187, 0x0187, 0x0187, 0x0187, 0x0187, 0x0187, 
	0x0187, 0x0187, 0x0187, 0x0187, 0x0187, 0x0187, 0x0187, 0x0187, 0x0187, 0x0187, 0x0187, 0x0187, 0x0187, 0x0187, 0x0187, 0x0187, 
	0x0187, 0x0187, 0x0187, 0x0187, 0x0187, 0x0187, 0x0187, 0x0187, 0x0187, 0x0187, 0x0187, 0x0187, 0x0187, 0x0187, 0x0187, 0x0187, 
	0x0187, 0x0187, 0x0187, 0x0187, 0x0187, 0x0187, 0x0187, 0x0187, 0x0187, 0x0187, 0x0187, 0x0187, 0x0187, 0x0187, 0x0187, 0x0187, 
	0x0187, 0x0187, 0x0187, 0x0187, 0x0187, 0x0187, 0x0187, 0x0187, 0x0187, 0x0187, 0x0187, 0x0187, 0x0187, 0x0187, 0x0187, 0x0187, 
	0x0187, 0x0187, 0x0187, 0x0187, 0x0187, 0x0187, 0x0187, 0x0187, 0x0187, 0x0187, 0x0187, 0x0187, 0x0187, 0x0187, 0x0187, 0x0187, 
	0x0187, 0x0187, 0x0187, 0x0187, 0x0187, 0x0187, 0x0187, 0x0187, 0x0187, 0x0187, 0x0187, 0x0187, 0x0187, 0x0187, 0x0187, 0x0187, 
	0x0187, 0x0187, 0x0187, 0x0187, 0x0187, 0x0187, 0x0187, 0x0187, 0x0187, 0x0187, 0x0187, 0x0187, 0x0187, 0x0187, 0x0187, 0x0187, 
	0x0187, 0x0187, 0x0187, 0x0187, 0x0187, 0x0187, 0x0187, 0x0187, 0x0187, 0x0187, 0x0187, 0x0187, 0x0187, 0x0187, 0x0187, 0x0187, 
	0x0187, 0x0187, 0x0187, 0x0187, 0x0187, 0x0187, 0x0187, 0x0187, 0x0187, 0x0187, 0x0187, 0x0187, 0x0187, 0x0187, 0x0187, 0x0187, 
	0x0187, 0x0187, 0x0187, 0x0187, 0x0187, 0x0187, 0x0187, 0x0187, 0x0187, 0x0187, 0x0187, 0x0187, 0x0187, 0x0187, 0x0187, 0x0187, 
	0x0187, 0x0187, 0x0187, 0x0187, 0x0187, 0x0187, 0x0187, 0x0187, 0x0187, 0x0187, 0x0187, 0x0187, 0x0187, 0x0187, 0x0187, 0x0187, 
	0x0187, 0x0187, 0x0187, 0x0187, 0x0187, 0x0187, 0x0187, 0x0187, 0x0187, 0x0187, 0x0187, 0x0187, 0x0187, 0x0187, 0x0187, 0x0187, 
	0x0187, 0x0187, 0x0187, 0x0187, 0x0187, 0x0187, 0x0187, 0x0187, 0x0187, 0x0187, 0x0187, 0x0187, 0x0187, 0x0187, 0x0187, 0x0187, 
	0x0187, 0x0187, 0x0187, 0x0187, 0x0187, 0x0187, 0x0187, 0x0187, 0x0187, 0x0187, 0x0187, 0x0187, 0x0187, 0x0187, 0x0187, 0x0187, 
	0x0187, 0x0187, 0x0187, 0x0187, 0x0187, 0x0187, 0x0187, 0x0187, 0x0187, 0x0187, 0x0187, 0x0187, 0x0187, 0x0187, 0x0187, 0x0187, 
	0x0187, 0x0187, 0x0187, 0x0187, 0x0187, 0x0187, 0x0187, 0x0187, 0x0187, 0x0187, 0x0187, 0x0187, 0x0187, 0x0187, 0x0187, 0x0187, 
	0x0187, 0x0187, 0x0187, 0x0187, 0x0187, 0x0187, 0x0187, 0x0187, 0x0187, 0x0187, 0x0187, 0x0187, 0x0187, 0x0187, 0x0187, 0x0187, 
	0x0187, 0x0187, 0x0187, 0x0187, 0x0187, 0x0187, 0x0187, 0x0187, 0x0187, 0x0187, 0x0187, 0x0187, 0x0187, 0x0187, 0x0187, 0x0187, 
	0x0187, 0x0187, 0x0187, 0x0187, 0x0187, 0x0187, 0x0187, 0x0187, 0x0187, 0x0187, 0x0187, 0x0187, 0x0187, 0x0187, 0x0187, 0x0187, 
	0x0187, 0x0187, 0x0187, 0x0187, 0x0187, 0x0187, 0x0187, 0x0187, 0x0187, 0x0187, 0x0187, 0x0187, 0x0187, 0x0187, 0x0187, 0x0187, 
	0x0187, 0x0187, 0x0187, 0x0187, 0x0187, 0x0187, 0x0187, 0x0187, 0x0187, 0x0187, 0x0187, 0x0187, 0x0187, 0x0187, 0x0187, 0x0187, 
	0x0187, 0x0187, 0x0187, 0x0187, 0x0187, 0x0187, 0x0187, 0x0187, 0x0187, 0x0187, 0x0187, 0x0187, 0x0187, 0x0187, 0x0187, 0x0187, 
	0x0187, 0x0187, 0x0187, 0x0187, 0x0187, 0x0187, 0x0187, 0x0187, 0x0187, 0x0187, 0x0187, 0x0187, 0x0187, 0x0187, 0x0187, 0x0187, 
	0x0187, 0x0187, 0x0187, 0x0187, 0x0187, 0x0187, 0x0187, 0x0187, 0x0187, 0x0187, 0x0187, 0x0187, 0x0187, 0x0187, 0x0187, 0x0187, 
	0x0187, 0x0187, 0x0187, 0x0187, 0x0187, 0x0187, 0x0187, 0x0187, 0x0187, 0x0187, 0x0187, 0x0187, 0x0187, 0x0187, 0x0187, 0x0187, 
	0x0187, 0x0187, 0x0187, 0x0187, 0x0187, 0x0187, 0x0187, 0x0187, 0x0187, 0x0187, 0x0187, 0x0187, 0x0187, 0x0187, 0x0187, 0x0187, 
	0x0187, 0x0187, 0x0187, 0x0187, 0x0187, 0x0187, 0x0187, 0x0187, 0x0187, 0x0187, 0x0187, 0x0187, 0x0187, 0x0187, 0x0187, 0x0187, 
	0x0187, 0x0187, 0x0187, 0x0187, 0x0187, 0x0187, 0x0187, 0x0187, 0x0187, 0x0187, 0x0187, 0x0187, 0x0187, 0x0187, 0x0187, 0x0187, 
	0x0187, 0x0187, 0x0187, 0x0187, 0x0187, 0x0187, 0x0187, 0x0187, 0x0187, 0x0187, 0x0187, 0x0187, 0x0187, 0x0187, 0x0187, 0x0187, 
	0x0187, 0x0187, 0x0187, 0x0187, 0x0187, 0x0187, 0x0187, 0x0187, 0x0187, 0x0187, 0x0187, 0x0187, 0x0187, 0x0187, 0x0187, 0x0187, 
	0x0187, 0x0187, 0x0187, 0x0187, 0x0187, 0x0187, 0x0187, 0x0187, 0x0187, 0x0187, 0x0187, 0x0187, 0x0187, 0x0187, 0x0187, 0x0187, 
	0x0187, 0x0187, 0x0187, 0x0187, 0x0187, 0x0187, 0x0187, 0x0187, 0x0187, 0x0187, 0x0187, 0x0187, 0x0187, 0x0187, 0x0187, 0x0187, 
	0x0187, 0x0187, 0x0187, 0x0187, 0x0187, 0x0187, 0x0187, 0x0187, 0x0187, 0x0187, 0x0187, 0x0187, 0x0187, 0x0187, 0x0187, 0x0187, 
	0x0187, 0x0187, 0x0187, 0x0187, 0x0187, 0x0187, 0x0187, 0x0187, 0x0187, 0x0187, 0x0187, 0x0187, 0x0187, 0x0187, 0x0187, 0x0187, 
	0x0187, 0x0187, 0x0187, 0x0187, 0x0187, 0x0187, 0x0187, 0x0187, 0x0187, 0x0187, 0x0187, 0x0187, 0x0187, 0x0187, 0x0187, 0x0187, 
	0x0187, 0x0187, 0x0187, 0x0187, 0x0187, 0x0187, 0x0187, 0x0187, 0x0187, 0x0187, 0x0187, 0x0187, 0x0187, 0x0187, 0x0187, 0x0187, 
	0x0187, 0x0187, 0x0187, 0x0187, 0x0187, 0x0187, 0x0187, 0x0187, 0x0187, 0x0187, 0x0187, 0x0187, 0x0187, 0x0187, 0x0187, 0x0187, 
	0x0187, 0x0187, 0x0187, 0x0187, 0x0187, 0x0187, 0x0187, 0x0187, 0x0187, 0x0187, 0x0187, 0x0187, 0x0187, 0x0187, 0x0187, 0x0187, 
	0x0187, 0x0187, 0x0187, 0x0187, 0x0187, 0x0187, 0x0187, 0x0187, 0x0187, 0x0187, 0x0187, 0x0187, 0x0187, 0x0187, 0x0187, 0x0187, 
	0x0187, 0x0187, 0x0187, 0x0187, 0x0187, 0x0187, 0x0187, 0x0187, 0x0187, 0x0187, 0x0187, 0x0187, 0x0187, 0x0187, 0x0187, 0x0187, 
	0x0187, 0x0187, 0x0187, 0x0187, 0x0187, 0x0187, 0x0187, 0x0187, 0x0187, 0x0187, 0x0187, 0x0187, 0x0187, 0x0187, 0x0187, 0x0187, 
	0x0187, 0x0187, 0x0187, 0x0187, 0x0187, 0x0187, 0x0187, 0x0187, 0x0187, 0x0187, 0x0187, 0x0187, 0x0187, 0x0187, 0x0187, 0x0187, 
	0x0187, 0x0187, 0x0187, 0x0187, 0x0187, 0x0187, 0x0187, 0x0187, 0x0187, 0x0187, 0x0187, 0x0187, 0x0187, 0x0187, 0x0187, 0x0187, 
	0x0187, 0x0187, 0x0187, 0x0187, 0x0187, 0x0187, 0x0187, 0x0187, 0x0187, 0x0187, 0x0187, 0x0187, 0x0187, 0x0187, 0x0187, 0x0187, 
	0x0187, 0x0187, 0x0187, 0x0187, 0x0187, 0x0187, 0x0187, 0x0187, 0x0187, 0x0187, 0x0187, 0x0187, 0x0187, 0x0187, 0x0187, 0x0187, 
	0x0187, 0x0187, 0x0187, 0x0187, 0x0187, 0x0187, 0x0187, 0x0187, 0x0187, 0x0187, 0x0187, 0x0187, 0x0187, 0x0187, 0x0187, 0x0187, 
	0x0187, 0x0187, 0x0187, 0x0187, 0x0187, 0x0187, 0x0187, 0x0187, 0x0187, 0x0187, 0x0187, 0x0187, 0x0187, 0x0187, 0x0187, 0x0187, 
	0x0187, 0x0187, 0x0187, 0x0187, 0x0187, 0x0187, 0x0187, 0x0187, 0x0187, 0x0187, 0x0187, 0x0187, 0x0187, 0x0187, 0x0187, 0x0187, 
	0x0187, 0x0187, 0x0187, 0x0187, 0x0187, 0x0187, 0x0187, 0x0187, 0x0187, 0x0187, 0x0187, 0x0187, 0x0187, 0x0187, 0x0187, 0x0187, 
	0x0187, 0x0187, 0x0187, 0x0187, 0x0187, 0x0187, 0x0187, 0x0187, 0x0187, 0x0187, 0x0187, 0x0187, 0x0187, 0x0187, 0x0187, 0x0187, 
	0x0187, 0x0187, 0x0187, 0x0187, 0x0187, 0x0187, 0x0187, 0x0187, 0x0187, 0x0187, 0x0187, 0x0187, 0x0187, 0x0187, 0x0187, 0x0187, 
	0x0187, 0x0187, 0x0187, 0x0187, 0x0187, 0x0187, 0x0187, 0x0187, 0x0187, 0x0187, 0x0187, 0x0187, 0x0187, 0x0187, 0x0187, 0x0187, 
	0x0187, 0x0187, 0x0187, 0x0187, 0x0187, 0x0187, 0x0187, 0x0187, 0x0187, 0x0187, 0x0187, 0x0187, 0x0187, 0x0187, 0x0187, 0x0187, 
	0x0187, 0x0187, 0x0187, 0x0187, 0x0187, 0x0187, 0x0187, 0x0187, 0x0187, 0x0187, 0x0187, 0x0187, 0x0187, 0x0187, 0x0187, 0x0187, 
	0x0187, 0x0187, 0x0187, 0x0187, 0x0187, 0x0187, 0x0187, 0x0187, 0x0187, 0x0187, 0x0187, 0x0187, 0x0187, 0x0187, 0x0187, 0x0187, 
	0x0187, 0x0187, 0x0187, 0x0187, 0x0187, 0x0187, 0x0187, 0x0187, 0x0187, 0x0187, 0x0187, 0x0187, 0x0187, 0x0187, 0x0187, 0x0187, 
	0x0187, 0x0187, 0x0187, 0x0187, 0x0187, 0x0187, 0x0187, 0x0187, 0x0187, 0x0187, 0x0187, 0x0187, 0x0187, 0x0187, 0x0187, 0x0187, 
	0x0187, 0x0187, 0x0187, 0x0187, 0x0187, 0x0187, 0x0187, 0x0187, 0x0187, 0x0187, 0x0187, 0x0187, 0x0187, 0x0187, 0x0187, 0x0187, 
	0x0187, 0x0187, 0x0187, 0x0187, 0x0187, 0x0187, 0x0187, 0x0187, 0x0187, 0x0187, 0x0187, 0x0187, 0x0187, 0x0187, 0x0187, 0x0187, 
	0x0187, 0x0187, 0x0187, 0x0187, 0x0187, 0x0187, 0x0187, 0x0187, 0x0187, 0x0187, 0x0187, 0x0187, 0x0187, 0x0187, 0x0187, 0x0187, 
	0x0187, 0x0187, 0x0187, 0x0187, 0x0187, 0x0187, 0x0187, 0x0187, 0x0187, 0x0187, 0x0187, 0x0187, 0x0187, 0x0187, 0x0187, 0x0187, 
	0x0187, 0x0187, 0x0187, 0x0187, 0x0187, 0x0187, 0x0187, 0x0187, 0x0187, 0x0187, 0x0187, 0x0187, 0x0187, 0x0187, 0x0187, 0x0187, 
	0x0187, 0x0187, 0x0187, 0x0187, 0x0187, 0x0187, 0x0187, 0x0187, 0x0187, 0x0187, 0x0187, 0x0187, 0x0187, 0x0187, 0x0187, 0x0187, 
	0x0187, 0x0187, 0x0187, 0x0187, 0x0187, 0x0187, 0x0187, 0x0187, 0x0187, 0x0187, 0x0187, 0x0187, 0x0187, 0x0187, 0x0187, 0x0187, 
	0x0187, 0x0187, 0x0187, 0x0187, 0x0187, 0x0187, 0x0187, 0x0187, 0x0187, 0x0187, 0x0187, 0x0187, 0x0187, 0x0187, 0x0187, 0x0187, 
	0x0187, 0x0187, 0x0187, 0x0187, 0x0187, 0x0187, 0x0187, 0x0187, 0x0187, 0x0187, 0x0187, 0x0187, 0x0187, 0x0187, 0x0187, 0x0187, 
	0x0187, 0x0187, 0x0187, 0x0187, 0x0187, 0x0187, 0x0187, 0x0187, 0x0187, 0x0187, 0x0187, 0x0187, 0x0187, 0x0187, 0x0187, 0x0187, 
	0x0187, 0x0187, 0x0187, 0x0187, 0x0187, 0x0187, 0x0187, 0x0187, 0x0187, 0x0187, 0x0187, 0x0187, 0x0187, 0x0187, 0x0187, 0x0187, 
	0x0187, 0x0187, 0x0187, 0x0187, 0x0187, 0x0187, 0x0187, 0x0187, 0x0187, 0x0187, 0x0187, 0x0187, 0x0187, 0x0187, 0x0187, 0x0187, 
	0x0187, 0x0187, 0x0187, 0x0187, 0x0187, 0x0187, 0x0187, 0x0187, 0x0187, 0x0187, 0x0187, 0x0187, 0x0187, 0x0187, 0x0187, 0x0187, 
	0x0187, 0x0187, 0x0187, 0x0187, 0x0187, 0x0187, 0x0187, 0x0187, 0x0187, 0x0187, 0x0187, 0x0187, 0x0187, 0x0187, 0x0187, 0x0187, 
	0x0187, 0x0187, 0x0187, 0x0187, 0x0187, 0x0187, 0x0187, 0x0187, 0x0187, 0x0187, 0x0187, 0x0187, 0x0187, 0x0187, 0x0187, 0x0187, 
	0x0187, 0x0187, 0x0187, 0x0187, 0x0187, 0x0187, 0x0187, 0x0187, 0x0187, 0x0187, 0x0187, 0x0187, 0x0187, 0x0187, 0x0187, 0x0187, 
	0x0187, 0x0187, 0x0187, 0x0187, 0x0187, 0x0187, 0x0187, 0x0187, 0x0187, 0x0187, 0x0187, 0x0187, 0x0187, 0x0187, 0x0187, 0x0187, 
	0x0187, 0x0187, 0x0187, 0x0187, 0x0187, 0x0187, 0x0187, 0x0187, 0x0187, 0x0187, 0x0187, 0x0187, 0x0187, 0x0187, 0x0187, 0x0187, 
	0x0187, 0x0187, 0x0187, 0x0187, 0x0187, 0x0187, 0x0187, 0x0187, 0x0187, 0x0187, 0x0187, 0x0187, 0x0187, 0x0187, 0x0187, 0x0187, 
	0x0187, 0x0187, 0x0187, 0x0187, 0x0187, 0x0187, 0x0187, 0x0187, 0x0187, 0x0187, 0x0187, 0x0187, 0x0187, 0x0187, 0x0187, 0x0187, 
	0x0187, 0x0187, 0x0187, 0x0187, 0x0187, 0x0187, 0x0187, 0x0187, 0x0187, 0x0187, 0x0187, 0x0187, 0x0187, 0x0187, 0x0187, 0x0187, 
	0x0187, 0x0187, 0x0187, 0x0187, 0x0187, 0x0187, 0x0187, 0x0187, 0x0187, 0x0187, 0x0187, 0x0187, 0x0187, 0x0187, 0x0187, 0x0187, 
	0x0187, 0x0187, 0x0187, 0x0187, 0x0187, 0x0187, 0x0187, 0x0187, 0x0187, 0x0187, 0x0187, 0x0187, 0x0187, 0x0187, 0x0187, 0x0187, 
	0x0187, 0x0187, 0x0187, 0x0187, 0x0187, 0x0187, 0x0187, 0x0187, 0x0187, 0x0187, 0x0187, 0x0187, 0x0187, 0x0187, 0x0187, 0x0187, 
	0x0187, 0x0187, 0x0187, 0x0187, 0x0187, 0x0187, 0x0187, 0x0187, 0x0187, 0x0187, 0x0187, 0x0187, 0x0187, 0x0187, 0x0187, 0x0187, 
	0x0187, 0x0187, 0x0187, 0x0187, 0x0187, 0x0187, 0x0187, 0x0187, 0x0187, 0x0187, 0x0187, 0x0187, 0x0187, 0x0187, 0x0187, 0x0187, 
	0x0187, 0x0187, 0x0187, 0x0187, 0x0187, 0x0187, 0x0187, 0x0187, 0x0187, 0x0187, 0x0187, 0x0187, 0x0187, 0x0187, 0x0187, 0x0187, 
	0x0187, 0x0187, 0x0187, 0x0187, 0x0187, 0x0187, 0x0187, 0x0187, 0x0187, 0x0187, 0x0187, 0x0187, 0x0187, 0x0187, 0x0187, 0x0187, 
	0x0187, 0x0187, 0x0187, 0x0187, 0x0187, 0x0187, 0x0187, 0x0187, 0x0187, 0x0187, 0x0187, 0x0187, 0x0187, 0x0187, 0x0187, 0x0187, 
	0x0187, 0x0187, 0x0187, 0x0187, 0x0187, 0x0187, 0x0187, 0x0187, 0x0187, 0x0187, 0x0187, 0x0187, 0x0187, 0x0187, 0x0187, 0x0187, 
	0x0187, 0x0187, 0x0187, 0x0187, 0x0187, 0x0187, 0x0187, 0x0187, 0x0187, 0x0187, 0x0187, 0x0187, 0x0187, 0x0187, 0x0187, 0x0187, 
	0x0187, 0x0187, 0x0187, 0x0187, 0x0187, 0x0187, 0x0187, 0x0187, 0x0187, 0x0187, 0x0187, 0x0187, 0x0187, 0x0187, 0x0187, 0x0187, 
	0x0187, 0x0187, 0x0187, 0x0187, 0x0187, 0x0187, 0x0187, 0x0187, 0x0187, 0x0187, 0x0187, 0x0187, 0x0187, 0x0187, 0x0187, 0x0187, 
	0x0187, 0x0187, 0x0187, 0x0187, 0x0187, 0x0187, 0x0187, 0x0187, 0x0187, 0x0187, 0x0187, 0x0187, 0x0187, 0x0187, 0x0187, 0x0187, 
	0x0187, 0x0187, 0x0187, 0x0187, 0x0187, 0x0187, 0x0187, 0x0187, 0x0187, 0x0187, 0x0187, 0x0187, 0x0187, 0x0187, 0x0187, 0x0187, 
	0x0187, 0x0187, 0x0187, 0x0187, 0x0187, 0x0187, 0x0187, 0x0187, 0x0187, 0x0187, 0x0187, 0x0187, 0x0187, 0x0187, 0x0187, 0x0187, 
	0x0187, 0x0187, 0x0187, 0x0187, 0x0187, 0x0187, 0x0187, 0x0187, 0x0187, 0x0187, 0x0187, 0x0187, 0x0187, 0x0187, 0x0187, 0x0187, 
	0x0187, 0x0187, 0x0187, 0x0187, 0x0187, 0x0187, 0x0187, 0x0187, 0x0187, 0x0187, 0x0187, 0x0187, 0x0187, 0x0187, 0x0187, 0x0187, 
	0x0187, 0x0187, 0x0187, 0x0187, 0x0187, 0x0187, 0x0187, 0x0187, 0x0187, 0x0187, 0x0187, 0x0187, 0x0187, 0x0187, 0x0187, 0x0187, 
	0x0187, 0x0187, 0x0187, 0x0187, 0x0187, 0x0187, 0x0187, 0x0187, 0x0187, 0x0187, 0x0187, 0x0187, 0x0187, 0x0187, 0x0187, 0x0187, 
	0x0187, 0x0187, 0x0187, 0x0187, 0x0187, 0x0187, 0x0187, 0x0187, 0x0187, 0x0187, 0x0187, 0x0187, 0x0187, 0x0187, 0x0187, 0x0187, 
	0x0187, 0x0187, 0x0187, 0x0187, 0x0187, 0x0187, 0x0187, 0x0187, 0x0187, 0x0187, 0x0187, 0x0187, 0x0187, 0x0187, 0x0187, 0x0187, 
	0x0187, 0x0187, 0x0187, 0x0187, 0x0187, 0x0187, 0x0187, 0x0187, 0x0187, 0x0187, 0x0187, 0x0187, 0x0187, 0x0187, 0x0187, 0x0187, 
	0x0187, 0x0187, 0x0187, 0x0187, 0x0187, 0x0187, 0x0187, 0x0187, 0x0187, 0x0187, 0x0187, 0x0187, 0x0187, 0x0187, 0x0187, 0x0187, 
	0x0187, 0x0187, 0x0187, 0x0187, 0x0187, 0x0187, 0x0187, 0x0187, 0x0187, 0x0187, 0x0187, 0x0187, 0x0187, 0x0187, 0x0187, 0x0187, 
	0x0187, 0x0187, 0x0187, 0x0187, 0x0187, 0x0187, 0x0187, 0x0187, 0x0187, 0x0187, 0x0187, 0x0187, 0x0187, 0x0187, 0x0187, 0x0187, 
	0x0187, 0x0187, 0x0187, 0x0187, 0x0187, 0x0187, 0x0187, 0x0187, 0x0187, 0x0187, 0x0187, 0x0187, 0x0187, 0x0187, 0x0187, 0x0187, 
	0x0187, 0x0187, 0x0187, 0x0187, 0x0187, 0x0187, 0x0187, 0x0187, 0x0187, 0x0187, 0x0187, 0x0187, 0x0187, 0x0187, 0x0187, 0x0187, 
	0x0187, 0x0187, 0x0187, 0x0187, 0x0187, 0x0187, 0x0187, 0x0187, 0x0187, 0x0187, 0x0187, 0x0187, 0x0187, 0x0187, 0x0187, 0x0187, 
	0x0187, 0x0187, 0x0187, 0x0187, 0x0187, 0x0187, 0x0187, 0x0187, 0x0187, 0x0187, 0x0187, 0x0187, 0x0187, 0x0187, 0x0187, 0x0187, 
	0x0187, 0x0187, 0x0187, 0x0187, 0x0187, 0x0187, 0x0187, 0x0187, 0x0187, 0x0187, 0x0187, 0x0187, 0x0187, 0x0187, 0x0187, 0x0187, 
	0x0187, 0x0187, 0x0187, 0x0187, 0x0187, 0x0187, 0x0187, 0x0187, 0x0187, 0x0187, 0x0187, 0x0187, 0x0187, 0x0187, 0x0187, 0x0187, 
	0x0187, 0x0187, 0x0187, 0x0187, 0x0187, 0x0187, 0x0187, 0x0187, 0x0187, 0x0187, 0x0187, 0x0187, 0x0187, 0x0187, 0x0187, 0x0187, 
	0x0187, 0x0187, 0x0187, 0x0187, 0x0187, 0x0187, 0x0187, 0x0187, 0x0187, 0x0187, 0x0187, 0x0187, 0x0187, 0x0187, 0x0187, 0x0187, 
	0x0187, 0x0187, 0x0187, 0x0187, 0x0187, 0x0187, 0x0187, 0x0187, 0x0187, 0x0187, 0x0187, 0x0187, 0x0187, 0x0187, 0x0187, 0x0187, 
	0x0187, 0x0187, 0x0187, 0x0187, 0x0187, 0x0187, 0x0187, 0x0187, 0x0187, 0x0187, 0x0187, 0x0187, 0x0187, 0x0187, 0x0187, 0x0187, 
	0x0187, 0x0187, 0x0187, 0x0187, 0x0187, 0x0187, 0x0187, 0x0187, 0x0187, 0x0187, 0x0187, 0x0187, 0x0187, 0x0187, 0x0187, 0x0187, 
	0x0187, 0x0187, 0x0187, 0x0187, 0x0187, 0x0187, 0x0187, 0x0187, 0x0187, 0x0187, 0x0187, 0x0187, 0x0187, 0x0187, 0x0187, 0x0187, 
	0x0187, 0x0187, 0x0187, 0x0187, 0x0187, 0x0187, 0x0187, 0x0187, 0x0187, 0x0187, 0x0187, 0x0187, 0x0187, 0x0187, 0x0187, 0x0187, 
	0x0187, 0x0187, 0x0187, 0x0187, 0x0187, 0x0187, 0x0187, 0x0187, 0x0187, 0x0187, 0x0187, 0x0187, 0x0187, 0x0187, 0x0187, 0x0187, 
	0x0187, 0x0187, 0x0187, 0x0187, 0x0187, 0x0187, 0x0187, 0x0187, 0x0187, 0x0187, 0x0187, 0x0187, 0x0187, 0x0187, 0x0187, 0x0187, 
	0x0187, 0x0187, 0x0187, 0x0187, 0x0187, 0x0187, 0x0187, 0x0187, 0x0187, 0x0187, 0x0187, 0x0187, 0x0187, 0x0187, 0x0187, 0x0187, 
	0x0187, 0x0187, 0x0187, 0x0187, 0x0187, 0x0187, 0x0187, 0x0187, 0x0187, 0x0187, 0x0187, 0x0187, 0x0187, 0x0187, 0x0187, 0x0187, 
	0x0187, 0x0187, 0x0187, 0x0187, 0x0187, 0x0187, 0x0187, 0x0187, 0x0187, 0x0187, 0x0187, 0x0187, 0x0187, 0x0187, 0x0187, 0x0187, 
	0x0187, 0x0187, 0x0187, 0x0187, 0x0187, 0x0187, 0x0187, 0x0187, 0x0187, 0x0187, 0x0187, 0x0187, 0x0187, 0x0187, 0x0187, 0x0187, 
	0x0187, 0x0187, 0x0187, 0x0187, 0x0187, 0x0187, 0x0187, 0x0187, 0x0187, 0x0187, 0x0187, 0x0187, 0x0187, 0x0187, 0x0187, 0x0187, 
	0x0187, 0x0187, 0x0187, 0x0187, 0x0187, 0x0187, 0x0187, 0x0187, 0x0187, 0x0187, 0x0187, 0x0187, 0x0187, 0x0187, 0x0187, 0x0187, 
	0x0187, 0x0187, 0x0187, 0x0187, 0x0187, 0x0187, 0x0187, 0x0187, 0x0187, 0x0187, 0x0187, 0x0187, 0x0187, 0x0187, 0x0187, 0x0187, 
	0x0187, 0x0187, 0x0187, 0x0187, 0x0187, 0x0187, 0x0187, 0x0187, 0x0187, 0x0187, 0x0187, 0x0187, 0x0187, 0x0187, 0x0187, 0x0187, 
	0x0187, 0x0187, 0x0187, 0x0187, 0x0187, 0x0187, 0x0187, 0x0187, 0x0187, 0x0187, 0x0187, 0x0187, 0x0187, 0x0187, 0x0187, 0x0187, 
	0x0187, 0x0187, 0x0187, 0x0187, 0x0187, 0x0187, 0x0187, 0x0187, 0x0187, 0x0187, 0x0187, 0x0187, 0x0187, 0x0187, 0x0187, 0x0187, 
	0x0187, 0x0187, 0x0187, 0x0187, 0x0187, 0x0187, 0x0187, 0x0187, 0x0187, 0x0187, 0x0187, 0x0187, 0x0187, 0x0187, 0x0187, 0x0187, 
	0x0187, 0x0187, 0x0187, 0x0187, 0x0187, 0x0187, 0x0187, 0x0187, 0x0187, 0x0187, 0x0187, 0x0187, 0x0187, 0x0187, 0x0187, 0x0187, 
	0x0187, 0x0187, 0x0187, 0x0187, 0x0187, 0x0187, 0x0187, 0x0187, 0x0187, 0x0187, 0x0187, 0x0187, 0x0187, 0x0187, 0x0187, 0x0187, 
	0x0187, 0x0187, 0x0187, 0x0187, 0x0187, 0x0187, 0x0187, 0x0187, 0x0187, 0x0187, 0x0187, 0x0187, 0x0187, 0x0187, 0x0187, 0x0187, 
	0x0187, 0x0187, 0x0187, 0x0187, 0x0187, 0x0187, 0x0187, 0x0187, 0x0187, 0x0187, 0x0187, 0x0187, 0x0187, 0x0187, 0x0187, 0x0187, 
	0x0187, 0x0187, 0x0187, 0x0187, 0x0187, 0x0187, 0x0187, 0x0187, 0x0187, 0x0187, 0x0187, 0x0187, 0x0187, 0x0187, 0x0187, 0x0187, 
	0x0187, 0x0187, 0x0187, 0x0187, 0x0187, 0x0187, 0x0187, 0x0187, 0x0187, 0x0187, 0x0187, 0x0187, 0x0187, 0x0187, 0x0187, 0x0187, 
	0x0187, 0x0187, 0x0187, 0x0187, 0x0187, 0x0187, 0x0187, 0x0187, 0x0187, 0x0187, 0x0187, 0x0187, 0x0187, 0x0187, 0x0187, 0x0187, 
	0x0187, 0x0187, 0x0187, 0x0187, 0x0187, 0x0187, 0x0187, 0x0187, 0x0187, 0x0187, 0x0187, 0x0187, 0x0187, 0x0187, 0x0187, 0x0187, 
	0x0187, 0x0187, 0x0187, 0x0187, 0x0187, 0x0187, 0x0187, 0x0187, 0x0187, 0x0187, 0x0187, 0x0187, 0x0187, 0x0187, 0x0187, 0x0187, 
	0x0187, 0x0187, 0x0187, 0x0187, 0x0187, 0x0187, 0x0187, 0x0187, 0x0187, 0x0187, 0x0187, 0x0187, 0x0187, 0x0187, 0x0187, 0x0187, 
	0x0187, 0x0187, 0x0187, 0x0187, 0x0187, 0x0187, 0x0187, 0x0187, 0x0187, 0x0187, 0x0187, 0x0187, 0x0187, 0x0187, 0x0187, 0x0187, 
	0x0187, 0x0187, 0x0187, 0x0187, 0x0187, 0x0187, 0x0187, 0x0187, 0x0187, 0x0187, 0x0187, 0x0187, 0x0187, 0x0187, 0x0187, 0x0187, 
	0x0187, 0x0187, 0x0187, 0x0187, 0x0187, 0x0187, 0x0187, 0x0187, 0x0187, 0x0187, 0x0187, 0x0187, 0x0187, 0x0187, 0x0187, 0x0187, 
	0x0187, 0x0187, 0x0187, 0x0187, 0x0187, 0x0187, 0x0187, 0x0187, 0x0187, 0x0187, 0x0187, 0x0187, 0x0187, 0x0187, 0x0187, 0x0187, 
	0x0187, 0x0187, 0x0187, 0x0187, 0x0187, 0x0187, 0x0187, 0x0187, 0x0187, 0x0187, 0x0187, 0x0187, 0x0187, 0x0187, 0x0187, 0x0187, 
	0x0187, 0x0187, 0x0187, 0x0187, 0x0187, 0x0187, 0x0187, 0x0187, 0x0187, 0x0187, 0x0187, 0x0187, 0x0187, 0x0187, 0x0187, 0x0187, 
	0x0187, 0x0187, 0x0187, 0x0187, 0x0187, 0x0187, 0x0187, 0x0187, 0x0187, 0x0187, 0x0187, 0x0187, 0x0187, 0x0187, 0x0187, 0x0187, 
	0x0187, 0x0187, 0x0187, 0x0187, 0x0187, 0x0187, 0x0187, 0x0187, 0x0187, 0x0187, 0x0187, 0x0187, 0x0187, 0x0187, 0x0187, 0x0187, 
	0x0187, 0x0187, 0x0187, 0x0187, 0x0187, 0x0187, 0x0187, 0x0187, 0x0187, 0x0187, 0x0187, 0x0187, 0x0187, 0x0187, 0x0187, 0x0187, 
	0x0187, 0x0187, 0x0187, 0x0187, 0x0187, 0x0187, 0x0187, 0x0187, 0x0187, 0x0187, 0x0187, 0x0187, 0x0187, 0x0187, 0x0187, 0x0187, 
	0x0187, 0x0187, 0x0187, 0x0187, 0x0187, 0x0187, 0x0187, 0x0187, 0x0187, 0x0187, 0x0187, 0x0187, 0x0187, 0x0187, 0x0187, 0x0187, 
	0x0187, 0x0187, 0x0187, 0x0187, 0x0187, 0x0187, 0x0187, 0x0187, 0x0187, 0x0187, 0x0187, 0x0187, 0x0187, 0x0187, 0x0187, 0x0187, 
	0x0187, 0x0187, 0x0187, 0x0187, 0x0187, 0x0187, 0x0187, 0x0187, 0x0187, 0x0187, 0x0187, 0x0187, 0x0187, 0x0187, 0x0187, 0x0187, 
	0x0187, 0x0187, 0x0187, 0x0187, 0x0187, 0x0187, 0x0187, 0x0187, 0x0187, 0x0187, 0x0187, 0x0187, 0x0187, 0x0187, 0x0187, 0x0187, 
	0x0187, 0x0187, 0x0187, 0x0187, 0x0187, 0x0187, 0x0187, 0x0187, 0x0187, 0x0187, 0x0187, 0x0187, 0x0187, 0x0187, 0x0187, 0x0187, 
	0x0187, 0x0187, 0x0187, 0x0187, 0x0187, 0x0187, 0x0187, 0x0187, 0x0187, 0x0187, 0x0187, 0x0187, 0x0187, 0x0187, 0x0187, 0x0187, 
	0x0187, 0x0187, 0x0187, 0x0187, 0x0187, 0x0187, 0x0187, 0x0187, 0x0187, 0x0187, 0x0187, 0x0187, 0x0187, 0x0187, 0x0187, 0x0187, 
	0x0187, 0x0187, 0x0187, 0x0187, 0x0187, 0x0187, 0x0187, 0x0187, 0x0187, 0x0187, 0x0187, 0x0187, 0x0187, 0x0187, 0x0187, 0x0187, 
	0x0187, 0x0187, 0x0187, 0x0187, 0x0187, 0x0187, 0x0187, 0x0187, 0x0187, 0x0187, 0x0187, 0x0187, 0x0187, 0x0187, 0x0187, 0x0187, 
	0x0187, 0x0187, 0x0187, 0x0187, 0x0187, 0x0187, 0x0187, 0x0187, 0x0187, 0x0187, 0x0187, 0x0187, 0x0187, 0x0187, 0x0187, 0x0187, 
	0x0187, 0x0187, 0x0187, 0x0187, 0x0187, 0x0187, 0x0187, 0x0187, 0x0187, 0x0187, 0x0187, 0x0187, 0x0187, 0x0187, 0x0187, 0x0187, 
	0x0187, 0x0187, 0x0187, 0x0187, 0x0187, 0x0187, 0x0187, 0x0187, 0x0187, 0x0187, 0x0187, 0x0187, 0x0187, 0x0187, 0x0187, 0x0187, 
	0x0187, 0x0187, 0x0187, 0x0187, 0x0187, 0x0187, 0x0187, 0x0187, 0x0187, 0x0187, 0x0187, 0x0187, 0x0187, 0x0187, 0x0187, 0x0187, 
	0x0187, 0x0187, 0x0187, 0x0187, 0x0187, 0x0187, 0x0187, 0x0187, 0x0187, 0x0187, 0x0187, 0x0187, 0x0187, 0x0187, 0x0187, 0x0187, 
	0x0187, 0x0187, 0x0187, 0x0187, 0x0187, 0x0187, 0x0187, 0x0187, 0x0187, 0x0187, 0x0187, 0x0187, 0x0187, 0x0187, 0x0187, 0x0187, 
	0x0187, 0x0187, 0x0187, 0x0187, 0x0187, 0x0187, 0x0187, 0x0187, 0x0187, 0x0187, 0x0187, 0x0187, 0x0187, 0x0187, 0x0187, 0x0187, 
	0x0187, 0x0187, 0x0187, 0x0187, 0x0187, 0x0187, 0x0187, 0x0187, 0x0187, 0x0187, 0x0187, 0x0187, 0x0187, 0x0187, 0x0187, 0x0187, 
	0x0187, 0x0187, 0x0187, 0x0187, 0x0187, 0x0187, 0x0187, 0x0187, 0x0187, 0x0187, 0x0187, 0x0187, 0x0187, 0x0187, 0x0187, 0x0187, 
	0x0187, 0x0187, 0x0187, 0x0187, 0x0187, 0x0187, 0x0187, 0x0187, 0x0187, 0x0187, 0x0187, 0x0187, 0x0187, 0x0187, 0x0187, 0x0187, 
	0x0187, 0x0187, 0x0187, 0x0187, 0x0187, 0x0187, 0x0187, 0x0187, 0x0187, 0x0187, 0x0187, 0x0187, 0x0187, 0x0187, 0x0187, 0x0187, 
	0x0187, 0x0187, 0x0187, 0x0187, 0x0187, 0x0187, 0x0187, 0x0187, 0x0187, 0x0187, 0x0187, 0x0187, 0x0187, 0x0187, 0x0187, 0x0187, 
	0x0187, 0x0187, 0x0187, 0x0187, 0x0187, 0x0187, 0x0187, 0x0187, 0x0187, 0x0187, 0x0187, 0x0187, 0x0187, 0x0187, 0x0187, 0x0187, 
	0x0187, 0x0187, 0x0187, 0x0187, 0x0187, 0x0187, 0x0187, 0x0187, 0x0187, 0x0187, 0x0187, 0x0187, 0x0187, 0x0187, 0x0187, 0x0187, 
	0x0187, 0x0187, 0x0187, 0x0187, 0x0187, 0x0187, 0x0187, 0x0187, 0x0187, 0x0187, 0x0187, 0x0187, 0x0187, 0x0187, 0x0187, 0x0187, 
	0x0187, 0x0187, 0x0187, 0x0187, 0x0187, 0x0187, 0x0187, 0x0187, 0x0187, 0x0187, 0x0187, 0x0187, 0x0187, 0x0187, 0x0187, 0x0187, 
	0x0187, 0x0187, 0x0187, 0x0187, 0x0187, 0x0187, 0x0187, 0x0187, 0x0187, 0x0187, 0x0187, 0x0187, 0x0187, 0x0187, 0x0187, 0x0187, 
	0x0187, 0x0187, 0x0187, 0x0187, 0x0187, 0x0187, 0x0187, 0x0187, 0x0187, 0x0187, 0x0187, 0x0187, 0x0187, 0x0187, 0x0187, 0x0187, 
	0x0187, 0x0187, 0x0187, 0x0187, 0x0187, 0x0187, 0x0187, 0x0187, 0x0187, 0x0187, 0x0187, 0x0187, 0x0187, 0x0187, 0x0187, 0x0187, 
	0x0187, 0x0187, 0x0187, 0x0187, 0x0187, 0x0187, 0x0187, 0x0187, 0x0187, 0x0187, 0x0187, 0x0187, 0x0187, 0x0187, 0x0187, 0x0187, 
	0x0187, 0x0187, 0x0187, 0x0187, 0x0187, 0x0187, 0x0187, 0x0187, 0x0187, 0x0187, 0x0187, 0x0187, 0x0187, 0x0187, 0x0187, 0x0187, 
	0x0187, 0x0187, 0x0187, 0x0187, 0x0187, 0x0187, 0x0187, 0x0187, 0x0187, 0x0187, 0x0187, 0x0187, 0x0187, 0x0187, 0x0187, 0x0187, 
	0x0187, 0x0187, 0x0187, 0x0187, 0x0187, 0x0187, 0x0187, 0x0187, 0x0187, 0x0187, 0x0187, 0x0187, 0x0187, 0x0187, 0x0187, 0x0187, 
	0x0187, 0x0187, 0x0187, 0x0187, 0x0187, 0x0187, 0x0187, 0x0187, 0x0187, 0x0187, 0x0187, 0x0187, 0x0187, 0x0187, 0x0187, 0x0187, 
	0x0187, 0x0187, 0x0187, 0x0187, 0x0187, 0x0187, 0x0187, 0x0187, 0x0187, 0x0187, 0x0187, 0x0187, 0x0187, 0x0187, 0x0187, 0x0187, 
	0x0187, 0x0187, 0x0187, 0x0187, 0x0187, 0x0187, 0x0187, 0x0187, 0x0187, 0x0187, 0x0187, 0x0187, 0x0187, 0x0187, 0x0187, 0x0187, 
	0x0187, 0x0187, 0x0187, 0x0187, 0x0187, 0x0187, 0x0187, 0x0187, 0x0187, 0x0187, 0x0187, 0x0187, 0x0187, 0x0187, 0x0187, 0x0187, 
	0x0187, 0x0187, 0x0187, 0x0187, 0x0187, 0x0187, 0x0187, 0x0187, 0x0187, 0x0187, 0x0187, 0x0187, 0x0187, 0x0187, 0x0187, 0x0187, 
	0x0187, 0x0187, 0x0187, 0x0187, 0x0187, 0x0187, 0x0187, 0x0187, 0x0187, 0x0187, 0x0187, 0x0187, 0x0187, 0x0187, 0x0187, 0x0187, 
	0x0187, 0x0187, 0x0187, 0x0187, 0x0187, 0x0187, 0x0187, 0x0187, 0x0187, 0x0187, 0x0187, 0x0187, 0x0187, 0x0187, 0x0187, 0x0187, 
	0x0187, 0x0187, 0x0187, 0x0187, 0x0187, 0x0187, 0x0187, 0x0187, 0x0187, 0x0187, 0x0187, 0x0187, 0x0187, 0x0187, 0x0187, 0x0187, 
	0x0187, 0x0187, 0x0187, 0x0187, 0x0187, 0x0187, 0x0187, 0x0187, 0x0187, 0x0187, 0x0187, 0x0187, 0x0187, 0x0187, 0x0187, 0x0187, 
	0x0187, 0x0187, 0x0187, 0x0187, 0x0187, 0x0187, 0x0187, 0x0187, 0x0187, 0x0187, 0x0187, 0x0187, 0x0187, 0x0187, 0x0187, 0x0187, 
	0x0187, 0x0187, 0x0187, 0x0187, 0x0187, 0x0187, 0x0187, 0x0187, 0x0187, 0x0187, 0x0187, 0x0187, 0x0187, 0x0187, 0x0187, 0x0187, 
	0x0187, 0x0187, 0x0187, 0x0187, 0x0187, 0x0187, 0x0187, 0x0187, 0x0187, 0x0187, 0x0187, 0x0187, 0x0187, 0x0187, 0x0187, 0x0187, 
	0x0187, 0x0187, 0x0187, 0x0187, 0x0187, 0x0187, 0x0187, 0x0187, 0x0187, 0x0187, 0x0187, 0x0187, 0x0187, 0x0187, 0x0187, 0x0187, 
	0x0187, 0x0187, 0x0187, 0x0187, 0x0187, 0x0187, 0x0187, 0x0187, 0x0187, 0x0187, 0x0187, 0x0187, 0x0187, 0x0187, 0x0187, 0x0187, 
	0x0187, 0x0187, 0x0187, 0x0187, 0x0187, 0x0187, 0x0187, 0x0187, 0x0187, 0x0187, 0x0187, 0x0187, 0x0187, 0x0187, 0x0187, 0x0187, 
	0x0187, 0x0187, 0x0187, 0x0187, 0x0187, 0x0187, 0x0187, 0x0187, 0x0187, 0x0187, 0x0187, 0x0187, 0x0187, 0x0187, 0x0187, 0x0187, 
	0x0187, 0x0187, 0x0187, 0x0187, 0x0187, 0x0187, 0x0187, 0x0187, 0x0187, 0x0187, 0x0187, 0x0187, 0x0187, 0x0187, 0x0187, 0x0187, 
	0x0187, 0x0187, 0x0187, 0x0187, 0x0187, 0x0187, 0x0187, 0x0187, 0x0187, 0x0187, 0x0187, 0x0187, 0x0187, 0x0187, 0x0187, 0x0187, 
	0x0187, 0x0187, 0x0187, 0x0187, 0x0187, 0x0187, 0x0187, 0x0187, 0x0187, 0x0187, 0x0187, 0x0187, 0x0187, 0x0187, 0x0187, 0x0187, 
	0x0187, 0x0187, 0x0187, 0x0187, 0x0187, 0x0187, 0x0187, 0x0187, 0x0187, 0x0187, 0x0187, 0x0187, 0x0187, 0x0187, 0x0187, 0x0187, 
	0x0187, 0x0187, 0x0187, 0x0187, 0x0187, 0x0187, 0x0187, 0x0187, 0x0187, 0x0187, 0x0187, 0x0187, 0x0187, 0x0187, 0x0187, 0x0187, 
	0x0187, 0x0187, 0x0187, 0x0187, 0x0187, 0x0187, 0x0187, 0x0187, 0x0187, 0x0187, 0x0187, 0x0187, 0x0187, 0x0187, 0x0187, 0x0187, 
	0x0187, 0x0187, 0x0187, 0x0187, 0x0187, 0x0187, 0x0187, 0x0187, 0x0187, 0x0187, 0x0187, 0x0187, 0x0187, 0x0187, 0x0187, 0x0187, 
	0x0187, 0x0187, 0x0187, 0x0187, 0x0187, 0x0187, 0x0187, 0x0187, 0x0187, 0x0187, 0x0187, 0x0187, 0x0187, 0x0187, 0x0187, 0x0187, 
	0x0187, 0x0187, 0x0187, 0x0187, 0x0187, 0x0187, 0x0187, 0x0187, 0x0187, 0x0187, 0x0187, 0x0187, 0x0187, 0x0187, 0x0187, 0x0187, 
	0x0187, 0x0187, 0x0187, 0x0187, 0x0187, 0x0187, 0x0187, 0x0187, 0x0187, 0x0187, 0x0187, 0x0187, 0x0187, 0x0187, 0x0187, 0x0187, 
	0x0187, 0x0187, 0x0187, 0x0187, 0x0187, 0x0187, 0x0187, 0x0187, 0x0187, 0x0187, 0x0187, 0x0187, 0x0187, 0x0187, 0x0187, 0x0187, 
	0x0187, 0x0187, 0x0187, 0x0187, 0x0187, 0x0187, 0x0187, 0x0187, 0x0187, 0x0187, 0x0187, 0x0187, 0x0187, 0x0187, 0x0187, 0x0187, 
	0x0187, 0x0187, 0x0187, 0x0187, 0x0187, 0x0187, 0x0187, 0x0187, 0x0187, 0x0187, 0x0187, 0x0187, 0x0187, 0x0187, 0x0187, 0x0187, 
	0x0187, 0x0187, 0x0187, 0x0187, 0x0187, 0x0187, 0x0187, 0x0187, 0x0187, 0x0187, 0x0187, 0x0187, 0x0187, 0x0187, 0x0187, 0x0187, 
	0x0187, 0x0187, 0x0187, 0x0187, 0x0187, 0x0187, 0x0187, 0x0187, 0x0187, 0x0187, 0x0187, 0x0187, 0x0187, 0x0187, 0x0187, 0x0187, 
	0x0187, 0x0187, 0x0187, 0x0187, 0x0187, 0x0187, 0x0187, 0x0187, 0x0187, 0x0187, 0x0187, 0x0187, 0x0187, 0x0187, 0x0187, 0x0187, 
	0x0187, 0x0187, 0x0187, 0x0187, 0x0187, 0x0187, 0x0187, 0x0187, 0x0187, 0x0187, 0x0187, 0x0187, 0x0187, 0x0187, 0x0187, 0x0187, 
	0x0187, 0x0187, 0x0187, 0x0187, 0x0187, 0x0187, 0x0187, 0x0187, 0x0187, 0x0187, 0x0187, 0x0187, 0x0187, 0x0187, 0x0187, 0x0187, 
	0x0187, 0x0187, 0x0187, 0x0187, 0x0187, 0x0187, 0x0187, 0x0187, 0x0187, 0x0187, 0x0187, 0x0187, 0x0187, 0x0187, 0x0187, 0x0187, 
	0x0187, 0x0187, 0x0187, 0x0187, 0x0187, 0x0187, 0x0187, 0x0187, 0x0187, 0x0187, 0x0187, 0x0187, 0x0187, 0x0187, 0x0187, 0x0187, 
	0x0187, 0x0187, 0x0187, 0x0187, 0x0187, 0x0187, 0x0187, 0x0187, 0x0187, 0x0187, 0x0187, 0x0187, 0x0187, 0x0187, 0x0187, 0x0187, 
	0x0187, 0x0187, 0x0187, 0x0187, 0x0187, 0x0187, 0x0187, 0x0187, 0x0187, 0x0187, 0x0187, 0x0187, 0x0187, 0x0187, 0x0187, 0x0187, 
	0x0187, 0x0187, 0x0187, 0x0187, 0x0187, 0x0187, 0x0187, 0x0187, 0x0187, 0x0187, 0x0187, 0x0187, 0x0187, 0x0187, 0x0187, 0x0187, 
	0x0187, 0x0187, 0x0187, 0x0187, 0x0187, 0x0187, 0x0187, 0x0187, 0x0187, 0x0187, 0x0187, 0x0187, 0x0187, 0x0187, 0x0187, 0x0187, 
	0x0187, 0x0187, 0x0187, 0x0187, 0x0187, 0x0187, 0x0187, 0x0187, 0x0187, 0x0187, 0x0187, 0x0187, 0x0187, 0x0187, 0x0187, 0x0187, 
	0x0187, 0x0187, 0x0187, 0x0187, 0x0187, 0x0187, 0x0187, 0x0187, 0x0187, 0x0187, 0x0187, 0x0187, 0x0187, 0x0187, 0x0187, 0x0187, 
	0x0187, 0x0187, 0x0187, 0x0187, 0x0187, 0x0187, 0x0187, 0x0187, 0x0187, 0x0187, 0x0187, 0x0187, 0x0187, 0x0187, 0x0187, 0x0187, 
	0x0187, 0x0187, 0x0187, 0x0187, 0x0187, 0x0187, 0x0187, 0x0187, 0x0187, 0x0187, 0x0187, 0x0187, 0x0187, 0x0187, 0x0187, 0x0187, 
	0x0187, 0x0187, 0x0187, 0x0187, 0x0187, 0x0187, 0x0187, 0x0187, 0x0187, 0x0187, 0x0187, 0x0187, 0x0187, 0x0187, 0x0187, 0x0187, 
	0x0187, 0x0187, 0x0187, 0x0187, 0x0187, 0x0187, 0x0187, 0x0187, 0x0187, 0x0187, 0x0187, 0x0187, 0x0187, 0x0187, 0x0187, 0x0187, 
	0x0187, 0x0187, 0x0187, 0x0187, 0x0187, 0x0187, 0x0187, 0x0187, 0x0187, 0x0187, 0x0187, 0x0187, 0x0187, 0x0187, 0x0187, 0x0187, 
	0x0187, 0x0187, 0x0187, 0x0187, 0x0187, 0x0187, 0x0187, 0x0187, 0x0187, 0x0187, 0x0187, 0x0187, 0x0187, 0x0187, 0x0187, 0x0187, 
	0x0187, 0x0187, 0x0187, 0x0187, 0x0187, 0x0187, 0x0187, 0x0187, 0x0187, 0x0187, 0x0187, 0x0187, 0x0187, 0x0187, 0x0187, 0x0187, 
	0x0187, 0x0187, 0x0187, 0x0187, 0x0187, 0x0187, 0x0187, 0x0187, 0x0187, 0x0187, 0x0187, 0x0187, 0x0187, 0x0187, 0x0187, 0x0187, 
	0x0187, 0x0187, 0x0187, 0x0187, 0x0187, 0x0187, 0x0187, 0x0187, 0x0187, 0x0187, 0x0187, 0x0187, 0x0187, 0x0187, 0x0187, 0x0187, 
	0x0187, 0x0187, 0x0187, 0x0187, 0x0187, 0x0187, 0x0187, 0x0187, 0x0187, 0x0187, 0x0187, 0x0187, 0x0187, 0x0187, 0x0187, 0x0187, 
	0x0187, 0x0187, 0x0187, 0x0187, 0x0187, 0x0187, 0x0187, 0x0187, 0x0187, 0x0187, 0x0187, 0x0187, 0x0187, 0x0187, 0x0187, 0x0187, 
	0x0187, 0x0187, 0x0187, 0x0187, 0x0187, 0x0187, 0x0187, 0x0187, 0x0187, 0x0187, 0x0187, 0x0187, 0x0187, 0x0187, 0x0187, 0x0187, 
	0x0187, 0x0187, 0x0187, 0x0187, 0x0187, 0x0187, 0x0187, 0x0187, 0x0187, 0x0187, 0x0187, 0x0187, 0x0187, 0x0187, 0x0187, 0x0187, 
	0x0187, 0x0187, 0x0187, 0x0187, 0x0187, 0x0187, 0x0187, 0x0187, 0x0187, 0x0187, 0x0187, 0x0187, 0x0187, 0x0187, 0x0187, 0x0187, 
	0x0187, 0x0187, 0x0187, 0x0187, 0x0187, 0x0187, 0x0187, 0x0187, 0x0187, 0x0187, 0x0187, 0x0187, 0x0187, 0x0187, 0x0187, 0x0187, 
	0x0187, 0x0187, 0x0187, 0x0187, 0x0187, 0x0187, 0x0187, 0x0187, 0x0187, 0x0187, 0x0187, 0x0187, 0x0187, 0x0187, 0x0187, 0x0187, 
	0x0187, 0x0187, 0x0187, 0x0187, 0x0187, 0x0187, 0x0187, 0x0187, 0x0187, 0x0187, 0x0187, 0x0187, 0x0187, 0x0187, 0x0187, 0x0187, 
	0x0187, 0x0187, 0x0187, 0x0187, 0x0187, 0x0187, 0x0187, 0x0187, 0x0187, 0x0187, 0x0187, 0x0187, 0x0187, 0x0187, 0x0187, 0x0187, 
	0x0187, 0x0187, 0x0187, 0x0187, 0x0187, 0x0187, 0x0187, 0x0187, 0x0187, 0x0187, 0x0187, 0x0187, 0x0187, 0x0187, 0x0187, 0x0187, 
	0x0187, 0x0187, 0x0187, 0x0187, 0x0187, 0x0187, 0x0187, 0x0187, 0x0187, 0x0187, 0x0187, 0x0187, 0x0187, 0x0187, 0x0187, 0x0187, 
	0x0187, 0x0187, 0x0187, 0x0187, 0x0187, 0x0187, 0x0187, 0x0187, 0x0187, 0x0187, 0x0187, 0x0187, 0x0187, 0x0187, 0x0187, 0x0187, 
	0x0187, 0x0187, 0x0187, 0x0187, 0x0187, 0x0187, 0x0187, 0x0187, 0x0187, 0x0187, 0x0187, 0x0187, 0x0187, 0x0187, 0x0187, 0x0187, 
	0x0187, 0x0187, 0x0187, 0x0187, 0x0187, 0x0187, 0x0187, 0x0187, 0x0187, 0x0187, 0x0187, 0x0187, 0x0187, 0x0187, 0x0187, 0x0187, 
	0x0187, 0x0187, 0x0187, 0x0187, 0x0187, 0x0187, 0x0187, 0x0187, 0x0187, 0x0187, 0x0187, 0x0187, 0x0187, 0x0187, 0x0187, 0x0187, 
	0x0187, 0x0187, 0x0187, 0x0187, 0x0187, 0x0187, 0x0187, 0x0187, 0x0187, 0x0187, 0x0187, 0x0187, 0x0187, 0x0187, 0x0187, 0x0187, 
	0x0187, 0x0187, 0x0187, 0x0187, 0x0187, 0x0187, 0x0187, 0x0187, 0x0187, 0x0187, 0x0187, 0x0187, 0x0187, 0x0187, 0x0187, 0x0187, 
	0x0187, 0x0187, 0x0187, 0x0187, 0x0187, 0x0187, 0x0187, 0x0187, 0x0187, 0x0187, 0x0187, 0x0187, 0x0187, 0x0187, 0x0187, 0x0187, 
	0x0187, 0x0187, 0x0187, 0x0187, 0x0187, 0x0187, 0x0187, 0x0187, 0x0187, 0x0187, 0x0187, 0x0187, 0x0187, 0x0187, 0x0187, 0x0187, 
	0x0187, 0x0187, 0x0187, 0x0187, 0x0187, 0x0187, 0x0187, 0x0187, 0x0187, 0x0187, 0x0187, 0x0187, 0x0187, 0x0187, 0x0187, 0x0187, 
	0x0187, 0x0187, 0x0187, 0x0187, 0x0187, 0x0187, 0x0187, 0x0187, 0x0187, 0x0187, 0x0187, 0x0187, 0x0187, 0x0187, 0x0187, 0x0187, 
	0x0187, 0x0187, 0x0187, 0x0187, 0x0187, 0x0187, 0x0187, 0x0187, 0x0187, 0x0187, 0x0187, 0x0187, 0x0187, 0x0187, 0x0187, 0x0187, 
	0x0187, 0x0187, 0x0187, 0x0187, 0x0187, 0x0187, 0x0187, 0x0187, 0x0187, 0x0187, 0x0187, 0x0187, 0x0187, 0x0187, 0x0187, 0x0187, 
	0x0187, 0x0187, 0x0187, 0x0187, 0x0187, 0x0187, 0x0187, 0x0187, 0x0187, 0x0187, 0x0187, 0x0187, 0x0187, 0x0187, 0x0187, 0x0187, 
	0x0187, 0x0187, 0x0187, 0x0187, 0x0187, 0x0187, 0x0187, 0x0187, 0x0187, 0x0187, 0x0187, 0x0187, 0x0187, 0x0187, 0x0187, 0x0187, 
	0x0187, 0x0187, 0x0187, 0x0187, 0x0187, 0x0187, 0x0187, 0x0187, 0x0187, 0x0187, 0x0187, 0x0187, 0x0187, 0x0187, 0x0187, 0x0187, 
	0x0187, 0x0187, 0x0187, 0x0187, 0x0187, 0x0187, 0x0187, 0x0187, 0x0187, 0x0187, 0x0187, 0x0187, 0x0187, 0x0187, 0x0187, 0x0187, 
	0x0187, 0x0187, 0x0187, 0x0187, 0x0187, 0x0187, 0x0187, 0x0187, 0x0187, 0x0187, 0x0187, 0x0187, 0x0187, 0x0187, 0x0187, 0x0187, 
	0x0187, 0x0187, 0x0187, 0x0187, 0x0187, 0x0187, 0x0187, 0x0187, 0x0187, 0x0187, 0x0187, 0x0187, 0x0187, 0x0187, 0x0187, 0x0187, 
	0x0187, 0x0187, 0x0187, 0x0187, 0x0187, 0x0187, 0x0187, 0x0187, 0x0187, 0x0187, 0x0187, 0x0187, 0x0187, 0x0187, 0x0187, 0x0187, 
	0x0187, 0x0187, 0x0187, 0x0187, 0x0187, 0x0187, 0x0187, 0x0187, 0x0187, 0x0187, 0x0187, 0x0187, 0x0187, 0x0187, 0x0187, 0x0187, 
	0x0187, 0x0187, 0x0187, 0x0187, 0x0187, 0x0187, 0x0187, 0x0187, 0x0187, 0x0187, 0x0187, 0x0187, 0x0187, 0x0187, 0x0187, 0x0187, 
	0x0187, 0x0187, 0x0187, 0x0187, 0x0187, 0x0187, 0x0187, 0x0187, 0x0187, 0x0187, 0x0187, 0x0187, 0x0187, 0x0187, 0x0187, 0x0187, 
	0x0187, 0x0187, 0x0187, 0x0187, 0x0187, 0x0187, 0x0187, 0x0187, 0x0187, 0x0187, 0x0187, 0x0187, 0x0187, 0x0187, 0x0187, 0x0187, 
	0x0187, 0x0187, 0x0187, 0x0187, 0x0187, 0x0187, 0x0187, 0x0187, 0x0187, 0x0187, 0x0187, 0x0187, 0x0187, 0x0187, 0x0187, 0x0187, 
	0x0187, 0x0187, 0x0187, 0x0187, 0x0187, 0x0187, 0x0187, 0x0187, 0x0187, 0x0187, 0x0187, 0x0187, 0x0187, 0x0187, 0x0187, 0x0187, 
	0x0187, 0x0187, 0x0187, 0x0187, 0x0187, 0x0187, 0x0187, 0x0187, 0x0187, 0x0187, 0x0187, 0x0187, 0x0187, 0x0187, 0x0187, 0x0187, 
	0x0187, 0x0187, 0x0187, 0x0187, 0x0187, 0x0187, 0x0187, 0x0187, 0x0187, 0x0187, 0x0187, 0x0187, 0x0187, 0x0187, 0x0187, 0x0187, 
	0x0187, 0x0187, 0x0187, 0x0187, 0x0187, 0x0187, 0x0187, 0x0187, 0x0187, 0x0187, 0x0187, 0x0187, 0x0187, 0x0187, 0x0187, 0x0187, 
	0x0187, 0x0187, 0x0187, 0x0187, 0x0187, 0x0187, 0x0187, 0x0187, 0x0187, 0x0187, 0x0187, 0x0187, 0x0187, 0x0187, 0x0187, 0x0187, 
	0x0187, 0x0187, 0x0187, 0x0187, 0x0187, 0x0187, 0x0187, 0x0187, 0x0187, 0x0187, 0x0187, 0x0187, 0x0187, 0x0187, 0x0187, 0x0187, 
	0x0187, 0x0187, 0x0187, 0x0187, 0x0187, 0x0187, 0x0187, 0x0187, 0x0187, 0x0187, 0x0187, 0x0187, 0x0187, 0x0187, 0x0187, 0x0187, 
	0x0187, 0x0187, 0x0187, 0x0187, 0x0187, 0x0187, 0x0187, 0x0187, 0x0187, 0x0187, 0x0187, 0x0187, 0x0187, 0x0187, 0x0187, 0x0187, 
	0x0187, 0x0187, 0x0187, 0x0187, 0x0187, 0x0187, 0x0187, 0x0187, 0x0187, 0x0187, 0x0187, 0x0187, 0x0187, 0x0187, 0x0187, 0x0187, 
	0x0187, 0x0187, 0x0187, 0x0187, 0x0187, 0x0187, 0x0187, 0x0187, 0x0187, 0x0187, 0x0187, 0x0187, 0x0187, 0x0187, 0x0187, 0x0187, 
	0x0187, 0x0187, 0x0187, 0x0187, 0x0187, 0x0187, 0x0187, 0x0187, 0x0187, 0x0187, 0x0187, 0x0187, 0x0187, 0x0187, 0x0187, 0x0187, 
	0x0187, 0x0187, 0x0187, 0x0187, 0x0187, 0x0187, 0x0187, 0x0187, 0x0187, 0x0187, 0x0187, 0x0187, 0x0187, 0x0187, 0x0187, 0x0187, 
	0x0187, 0x0187, 0x0187, 0x0187, 0x0187, 0x0187, 0x0187, 0x0187, 0x0187, 0x0187, 0x0187, 0x0187, 0x0187, 0x0187, 0x0187, 0x0187, 
	0x0187, 0x0187, 0x0187, 0x0187, 0x0187, 0x0187, 0x0187, 0x0187, 0x0187, 0x0187, 0x0187, 0x0187, 0x0187, 0x0187, 0x0187, 0x0187, 
	0x0187, 0x0187, 0x0187, 0x0187, 0x0187, 0x0187, 0x0187, 0x0187, 0x0187, 0x0187, 0x0187, 0x0187, 0x0187, 0x0187, 0x0187, 0x0187, 
	0x0187, 0x0187, 0x0187, 0x0187, 0x0187, 0x0187, 0x0187, 0x0187, 0x0187, 0x0187, 0x0187, 0x0187, 0x0187, 0x0187, 0x0187, 0x0187, 
	0x0187, 0x0187, 0x0187, 0x0187, 0x0187, 0x0187, 0x0187, 0x0187, 0x0187, 0x0187, 0x0187, 0x0187, 0x0187, 0x0187, 0x0187, 0x0187, 
	0x0187, 0x0187, 0x0187, 0x0187, 0x0187, 0x0187, 0x0187, 0x0187, 0x0187, 0x0187, 0x0187, 0x0187, 0x0187, 0x0187, 0x0187, 0x0187, 
	0x0187, 0x0187, 0x0187, 0x0187, 0x0187, 0x0187, 0x0187, 0x0187, 0x0187, 0x0187, 0x0187, 0x0187, 0x0187, 0x0187, 0x0187, 0x0187, 
	0x0187, 0x0187, 0x0187, 0x0187, 0x0187, 0x0187, 0x0187, 0x0187, 0x0187, 0x0187, 0x0187, 0x0187, 0x0187, 0x0187, 0x0187, 0x0187, 
	0x0187, 0x0187, 0x0187, 0x0187, 0x0187, 0x0187, 0x0187, 0x0187, 0x0187, 0x0187, 0x0187, 0x0187, 0x0187, 0x0187, 0x0187, 0x0187, 
	0x0187, 0x0187, 0x0187, 0x0187, 0x0187, 0x0187, 0x0187, 0x0187, 0x0187, 0x0187, 0x0187, 0x0187, 0x0187, 0x0187, 0x0187, 0x0187, 
	0x0187, 0x0187, 0x0187, 0x0187, 0x0187, 0x0187, 0x0187, 0x0187, 0x0187, 0x0187, 0x0187, 0x0187, 0x0187, 0x0187, 0x0187, 0x0187, 
	0x0187, 0x0187, 0x0187, 0x0187, 0x0187, 0x0187, 0x0187, 0x0187, 0x0187, 0x0187, 0x0187, 0x0187, 0x0187, 0x0187, 0x0187, 0x0187, 
	0x0187, 0x0187, 0x0187, 0x0187, 0x0187, 0x0187, 0x0187, 0x0187, 0x0187, 0x0187, 0x0187, 0x0187, 0x0187, 0x0187, 0x0187, 0x0187, 
	0x0187, 0x0187, 0x0187, 0x0187, 0x0187, 0x0187, 0x0187, 0x0187, 0x0187, 0x0187, 0x0187, 0x0187, 0x0187, 0x0187, 0x0187, 0x0187, 
	0x0187, 0x0187, 0x0187, 0x0187, 0x0187, 0x0187, 0x0187, 0x0187, 0x0187, 0x0187, 0x0187, 0x0187, 0x0187, 0x0187, 0x0187, 0x0187, 
	0x0187, 0x0187, 0x0187, 0x0187, 0x0187, 0x0187, 0x0187, 0x0187, 0x0187, 0x0187, 0x0187, 0x0187, 0x0187, 0x0187, 0x0187, 0x0187, 
	0x0187, 0x0187, 0x0187, 0x0187, 0x0187, 0x0187, 0x0187, 0x0187, 0x0187, 0x0187, 0x0187, 0x0187, 0x0187, 0x0187, 0x0187, 0x0187, 
	0x0187, 0x0187, 0x0187, 0x0187, 0x0187, 0x0187, 0x0187, 0x0187, 0x0187, 0x0187, 0x0187, 0x0187, 0x0187, 0x0187, 0x0187, 0x0187, 
	0x0187, 0x0187, 0x0187, 0x0187, 0x0187, 0x0187, 0x0187, 0x0187, 0x0187, 0x0187, 0x0187, 0x0187, 0x0187, 0x0187, 0x0187, 0x0187, 
	0x0187, 0x0187, 0x0187, 0x0187, 0x0187, 0x0187, 0x0187, 0x0187, 0x0187, 0x0187, 0x0187, 0x0187, 0x0187, 0x0187, 0x0187, 0x0187, 
	0x0187, 0x0187, 0x0187, 0x0187, 0x0187, 0x0187, 0x0187, 0x0187, 0x0187, 0x0187, 0x0187, 0x0187, 0x0187, 0x0187, 0x0187, 0x0187, 
	0x0187, 0x0187, 0x0187, 0x0187, 0x0187, 0x0187, 0x0187, 0x0187, 0x0187, 0x0187, 0x0187, 0x0187, 0x0187, 0x0187, 0x0187, 0x0187, 
	0x0187, 0x0187, 0x0187, 0x0187, 0x0187, 0x0187, 0x0187, 0x0187, 0x0187, 0x0187, 0x0187, 0x0187, 0x0187, 0x0187, 0x0187, 0x0187, 
	0x0187, 0x0187, 0x0187, 0x0187, 0x0187, 0x0187, 0x0187, 0x0187, 0x0187, 0x0187, 0x0187, 0x0187, 0x0187, 0x0187, 0x0187, 0x0187, 
	0x0187, 0x0187, 0x0187, 0x0187, 0x0187, 0x0187, 0x0187, 0x0187, 0x0187, 0x0187, 0x0187, 0x0187, 0x0187, 0x0187, 0x0187, 0x0187, 
	0x0187, 0x0187, 0x0187, 0x0187, 0x0187, 0x0187, 0x0187, 0x0187, 0x0187, 0x0187, 0x0187, 0x0187, 0x0187, 0x0187, 0x0187, 0x0187, 
	0x0187, 0x0187, 0x0187, 0x0187, 0x0187, 0x0187, 0x0187, 0x0187, 0x0187, 0x0187, 0x0187, 0x0187, 0x0187, 0x0187, 0x0187, 0x0187, 
	0x0187, 0x0187, 0x0187, 0x0187, 0x0187, 0x0187, 0x0187, 0x0187, 0x0187, 0x0187, 0x0187, 0x0187, 0x0187, 0x0187, 0x0187, 0x0187, 
	0x0187, 0x0187, 0x0187, 0x0187, 0x0187, 0x0187, 0x0187, 0x0187, 0x0187, 0x0187, 0x0187, 0x0187, 0x0187, 0x0187, 0x0187, 0x0187, 
	0x0187, 0x0187, 0x0187, 0x0187, 0x0187, 0x0187, 0x0187, 0x0187, 0x0187, 0x0187, 0x0187, 0x0187, 0x0187, 0x0187, 0x0187, 0x0187, 
	0x0187, 0x0187, 0x0187, 0x0187, 0x0187, 0x0187, 0x0187, 0x0187, 0x0187, 0x0187, 0x0187, 0x0187, 0x0187, 0x0187, 0x0187, 0x0187, 
	0x0187, 0x0187, 0x0187, 0x0187, 0x0187, 0x0187, 0x0187, 0x0187, 0x0187, 0x0187, 0x0187, 0x0187, 0x0187, 0x0187, 0x0187, 0x0187, 
	0x0187, 0x0187, 0x0187, 0x0187, 0x0187, 0x0187, 0x0187, 0x0187, 0x0187, 0x0187, 0x0187, 0x0187, 0x0187, 0x0187, 0x0187, 0x0187, 
	0x0187, 0x0187, 0x0187, 0x0187, 0x0187, 0x0187, 0x0187, 0x0187, 0x0187, 0x0187, 0x0187, 0x0187, 0x0187, 0x0187, 0x0187, 0x0187, 
	0x0187, 0x0187, 0x0187, 0x0187, 0x0187, 0x0187, 0x0187, 0x0187, 0x0187, 0x0187, 0x0187, 0x0187, 0x0187, 0x0187, 0x0187, 0x0187, 
	0x0187, 0x0187, 0x0187, 0x0187, 0x0187, 0x0187, 0x0187, 0x0187, 0x0187, 0x0187, 0x0187, 0x0187, 0x0187, 0x0187, 0x0187, 0x0187, 
	0x0187, 0x0187, 0x0187, 0x0187, 0x0187, 0x0187, 0x0187, 0x0187, 0x0187, 0x0187, 0x0187, 0x0187, 0x0187, 0x0187, 0x0187, 0x0187, 
	0x0187, 0x0187, 0x0187, 0x0187, 0x0187, 0x0187, 0x0187, 0x0187, 0x0187, 0x0187, 0x0187, 0x0187, 0x0187, 0x0187, 0x0187, 0x0187, 
	0x0187, 0x0187, 0x0187, 0x0187, 0x0187, 0x0187, 0x0187, 0x0187, 0x0187, 0x0187, 0x0187, 0x0187, 0x0187, 0x0187, 0x0187, 0x0187, 
	0x0187, 0x0187, 0x0187, 0x0187, 0x0187, 0x0187, 0x0187, 0x0187, 0x0187, 0x0187, 0x0187, 0x0187, 0x0187, 0x0187, 0x0187, 0x0187, 
	0x0187, 0x0187, 0x0187, 0x0187, 0x0187, 0x0187, 0x0187, 0x0187, 0x0187, 0x0187, 0x0187, 0x0187, 0x0187, 0x0187, 0x0187, 0x0187, 
	0x0187, 0x0187, 0x0187, 0x0187, 0x0187, 0x0187, 0x0187, 0x0187, 0x0187, 0x0187, 0x0187, 0x0187, 0x0187, 0x0187, 0x0187, 0x0187, 
	0x0187, 0x0187, 0x0187, 0x0187, 0x0187, 0x0187, 0x0187, 0x0187, 0x0187, 0x0187, 0x0187, 0x0187, 0x0187, 0x0187, 0x0187, 0x0187, 
	0x0187, 0x0187, 0x0187, 0x0187, 0x0187, 0x0187, 0x0187, 0x0187, 0x0187, 0x0187, 0x0187, 0x0187, 0x0187, 0x0187, 0x0187, 0x0187, 
	0x0187, 0x0187, 0x0187, 0x0187, 0x0187, 0x0187, 0x0187, 0x0187, 0x0187, 0x0187, 0x0187, 0x0187, 0x0187, 0x0187, 0x0187, 0x0187, 
	0x0187, 0x0187, 0x0187, 0x0187, 0x0187, 0x0187, 0x0187, 0x0187, 0x0187, 0x0187, 0x0187, 0x0187, 0x0187, 0x0187, 0x0187, 0x0187, 
	0x0187, 0x0187, 0x0187, 0x0187, 0x0187, 0x0187, 0x0187, 0x0187, 0x0187, 0x0187, 0x0187, 0x0187, 0x0187, 0x0187, 0x0187, 0x0187, 
	0x0187, 0x0187, 0x0187, 0x0187, 0x0187, 0x0187, 0x0187, 0x0187, 0x0187, 0x0187, 0x0187, 0x0187, 0x0187, 0x0187, 0x0187, 0x0187, 
	0x0187, 0x0187, 0x0187, 0x0187, 0x0187, 0x0187, 0x0187, 0x0187, 0x0187, 0x0187, 0x0187, 0x0187, 0x0187, 0x0187, 0x0187, 0x0187, 
	0x0187, 0x0187, 0x0187, 0x0187, 0x0187, 0x0187, 0x0187, 0x0187, 0x0187, 0x0187, 0x0187, 0x0187, 0x0187, 0x0187, 0x0187, 0x0187, 
	0x0187, 0x0187, 0x0187, 0x0187, 0x0187, 0x0187, 0x0187, 0x0187, 0x0187, 0x0187, 0x0187, 0x0187, 0x0187, 0x0187, 0x0187, 0x0187, 
	0x0187, 0x0187, 0x0187, 0x0187, 0x0187, 0x0187, 0x0187, 0x0187, 0x0187, 0x0187, 0x0187, 0x0187, 0x0187, 0x0187, 0x0187, 0x0187, 
	0x0187, 0x0187, 0x0187, 0x0187, 0x0187, 0x0187, 0x0187, 0x0187, 0x0187, 0x0187, 0x0187, 0x0187, 0x0187, 0x0187, 0x0187, 0x0187, 
	0x0187, 0x0187, 0x0187, 0x0187, 0x0187, 0x0187, 0x0187, 0x0187, 0x0187, 0x0187, 0x0187, 0x0187, 0x0187, 0x0187, 0x0187, 0x0187, 
	0x0187, 0x0187, 0x0187, 0x0187, 0x0187, 0x0187, 0x0187, 0x0187, 0x0187, 0x0187, 0x0187, 0x0187, 0x0187, 0x0187, 0x0187, 0x0187, 
	0x0187, 0x0187, 0x0187, 0x0187, 0x0187, 0x0187, 0x0187, 0x0187, 0x0187, 0x0187, 0x0187, 0x0187, 0x0187, 0x0187, 0x0187, 0x0187, 
	0x0187, 0x0187, 0x0187, 0x0187, 0x0187, 0x0187, 0x0187, 0x0187, 0x0187, 0x0187, 0x0187, 0x0187, 0x0187, 0x0187, 0x0187, 0x0187, 
	0x0187, 0x0187, 0x0187, 0x0187, 0x0187, 0x0187, 0x0187, 0x0187, 0x0187, 0x0187, 0x0187, 0x0187, 0x0187, 0x0187, 0x0187, 0x0187, 
	0x0187, 0x0187, 0x0187, 0x0187, 0x0187, 0x0187, 0x0187, 0x0187, 0x0187, 0x0187, 0x0187, 0x0187, 0x0187, 0x0187, 0x0187, 0x0187, 
	0x0187, 0x0187, 0x0187, 0x0187, 0x0187, 0x0187, 0x0187, 0x0187, 0x0187, 0x0187, 0x0187, 0x0187, 0x0187, 0x0187, 0x0187, 0x0187, 
	0x0187, 0x0187, 0x0187, 0x0187, 0x0187, 0x0187, 0x0187, 0x0187, 0x0187, 0x0187, 0x0187, 0x0187, 0x0187, 0x0187, 0x0187, 0x0187, 
	0x0187, 0x0187, 0x0187, 0x0187, 0x0187, 0x0187, 0x0187, 0x0187, 0x0187, 0x0187, 0x0187, 0x0187, 0x0187, 0x0187, 0x0187, 0x0187, 
	0x0187, 0x0187, 0x0187, 0x0187, 0x0187, 0x0187, 0x0187, 0x0187, 0x0187, 0x0187, 0x0187, 0x0187, 0x0187, 0x0187, 0x0187, 0x0187, 
	0x0187, 0x0187, 0x0187, 0x0187, 0x0187, 0x0187, 0x0187, 0x0187, 0x0187, 0x0187, 0x0187, 0x0187, 0x0187, 0x0187, 0x0187, 0x0187, 
	0x0187, 0x0187, 0x0187, 0x0187, 0x0187, 0x0187, 0x0187, 0x0187, 0x0187, 0x0187, 0x0187, 0x0187, 0x0187, 0x0187, 0x0187, 0x0187, 
	0x0187, 0x0187, 0x0187, 0x0187, 0x0187, 0x0187, 0x0187, 0x0187, 0x0187, 0x0187, 0x0187, 0x0187, 0x0187, 0x0187, 0x0187, 0x0187, 
	0x0187, 0x0187, 0x0187, 0x0187, 0x0187, 0x0187, 0x0187, 0x0187, 0x0187, 0x0187, 0x0187, 0x0187, 0x0187, 0x0187, 0x0187, 0x0187, 
	0x0187, 0x0187, 0x0187, 0x0187, 0x0187, 0x0187, 0x0187, 0x0187, 0x0187, 0x0187, 0x0187, 0x0187, 0x0187, 0x0187, 0x0187, 0x0187, 
	0x0187, 0x0187, 0x0187, 0x0187, 0x0187, 0x0187, 0x0187, 0x0187, 0x0187, 0x0187, 0x0187, 0x0187, 0x0187, 0x0187, 0x0187, 0x0187, 
	0x0187, 0x0187, 0x0187, 0x0187, 0x0187, 0x0187, 0x0187, 0x0187, 0x0187, 0x0187, 0x0187, 0x0187, 0x0187, 0x0187, 0x0187, 0x0187, 
	0x0187, 0x0187, 0x0187, 0x0187, 0x0187, 0x0187, 0x0187, 0x0187, 0x0187, 0x0187, 0x0187, 0x0187, 0x0187, 0x0187, 0x0187, 0x0187, 
	0x0187, 0x0187, 0x0187, 0x0187, 0x0187, 0x0187, 0x0187, 0x0187, 0x0187, 0x0187, 0x0187, 0x0187, 0x0187, 0x0187, 0x0187, 0x0187, 
	0x0187, 0x0187, 0x0187, 0x0187, 0x0187, 0x0187, 0x0187, 0x0187, 0x0187, 0x0187, 0x0187, 0x0187, 0x0187, 0x0187, 0x0187, 0x0187, 
	0x0187, 0x0187, 0x0187, 0x0187, 0x0187, 0x0187, 0x0187, 0x0187, 0x0187, 0x0187, 0x0187, 0x0187, 0x0187, 0x0187, 0x0187, 0x0187, 
	0x0187, 0x0187, 0x0187, 0x0187, 0x0187, 0x0187, 0x0187, 0x0187, 0x0187, 0x0187, 0x0187, 0x0187, 0x0187, 0x0187, 0x0187, 0x0187, 
	0x0187, 0x0187, 0x0187, 0x0187, 0x0187, 0x0187, 0x0187, 0x0187, 0x0187, 0x0187, 0x0187, 0x0187, 0x0187, 0x0187, 0x0187, 0x0187, 
	0x0187, 0x0187, 0x0187, 0x0187, 0x0187, 0x0187, 0x0187, 0x0187, 0x0187, 0x0187, 0x0187, 0x0187, 0x0187, 0x0187, 0x0187, 0x0187, 
	0x0187, 0x0187, 0x0187, 0x0187, 0x0187, 0x0187, 0x0187, 0x0187, 0x0187, 0x0187, 0x0187, 0x0187, 0x0187, 0x0187, 0x0187, 0x0187, 
	0x0187, 0x0187, 0x0187, 0x0187, 0x0187, 0x0187, 0x0187, 0x0187, 0x0187, 0x0187, 0x0187, 0x0187, 0x0187, 0x0187, 0x0187, 0x0187, 
	0x0187, 0x0187, 0x0187, 0x0187, 0x0187, 0x0187, 0x0187, 0x0187, 0x0187, 0x0187, 0x0187, 0x0187, 0x0187, 0x0187, 0x0187, 0x0187, 
	0x0187, 0x0187, 0x0187, 0x0187, 0x0187, 0x0187, 0x0187, 0x0187, 0x0187, 0x0187, 0x0187, 0x0187, 0x0187, 0x0187, 0x0187, 0x0187, 
	0x0187, 0x0187, 0x0187, 0x0187, 0x0187, 0x0187, 0x0187, 0x0187, 0x0187, 0x0187, 0x0187, 0x0187, 0x0187, 0x0187, 0x0187, 0x0187, 
	0x0187, 0x0187, 0x0187, 0x0187, 0x0187, 0x0187, 0x0187, 0x0187, 0x0187, 0x0187, 0x0187, 0x0187, 0x0187, 0x0187, 0x0187, 0x0187, 
	0x0187, 0x0187, 0x0187, 0x0187, 0x0187, 0x0187, 0x0187, 0x0187, 0x0187, 0x0187, 0x0187, 0x0187, 0x0187, 0x0187, 0x0187, 0x0187, 
	0x0187, 0x0187, 0x0187, 0x0187, 0x0187, 0x0187, 0x0187, 0x0187, 0x0187, 0x0187, 0x0187, 0x0187, 0x0187, 0x0187, 0x0187, 0x0187, 
	0x0187, 0x0187, 0x0187, 0x0187, 0x0187, 0x0187, 0x0187, 0x0187, 0x0187, 0x0187, 0x0187, 0x0187, 0x0187, 0x0187, 0x0187, 0x0187, 
	0x0187, 0x0187, 0x0187, 0x0187, 0x0187, 0x0187, 0x0187, 0x0187, 0x0187, 0x0187, 0x0187, 0x0187, 0x0187, 0x0187, 0x0187, 0x0187, 
	0x0187, 0x0187, 0x0187, 0x0187, 0x0187, 0x0187, 0x0187, 0x0187, 0x0187, 0x0187, 0x0187, 0x0187, 0x0187, 0x0187, 0x0187, 0x0187, 
	0x0187, 0x0187, 0x0187, 0x0187, 0x0187, 0x0187, 0x0187, 0x0187, 0x0187, 0x0187, 0x0187, 0x0187, 0x0187, 0x0187, 0x0187, 0x0187, 
	0x0187, 0x0187, 0x0187, 0x0187, 0x0187, 0x0187, 0x0187, 0x0187, 0x0187, 0x0187, 0x0187, 0x0187, 0x0187, 0x0187, 0x0187, 0x0187, 
	0x0187, 0x0187, 0x0187, 0x0187, 0x0187, 0x0187, 0x0187, 0x0187, 0x0187, 0x0187, 0x0187, 0x0187, 0x0187, 0x0187, 0x0187, 0x0187, 
	0x0187, 0x0187, 0x0187, 0x0187, 0x0187, 0x0187, 0x0187, 0x0187, 0x0187, 0x0187, 0x0187, 0x0187, 0x0187, 0x0187, 0x0187, 0x0187, 
	0x0187, 0x0187, 0x0187, 0x0187, 0x0187, 0x0187, 0x0187, 0x0187, 0x0187, 0x0187, 0x0187, 0x0187, 0x0187, 0x0187, 0x0187, 0x0187, 
	0x0187, 0x0187, 0x0187, 0x0187, 0x0187, 0x0187, 0x0187, 0x0187, 0x0187, 0x0187, 0x0187, 0x0187, 0x0187, 0x0187, 0x0187, 0x0187, 
	0x0187, 0x0187, 0x0187, 0x0187, 0x0187, 0x0187, 0x0187, 0x0187, 0x0187, 0x0187, 0x0187, 0x0187, 0x0187, 0x0187, 0x0187, 0x0187, 
	0x0187, 0x0187, 0x0187, 0x0187, 0x0187, 0x0187, 0x0187, 0x0187, 0x0187, 0x0187, 0x0187, 0x0187, 0x0187, 0x0187, 0x0187, 0x0187, 
	0x0187, 0x0187, 0x0187, 0x0187, 0x0187, 0x0187, 0x0187, 0x0187, 0x0187, 0x0187, 0x0187, 0x0187, 0x0187, 0x0187, 0x0187, 0x0187, 
	0x0187, 0x0187, 0x0187, 0x0187, 0x0187, 0x0187, 0x0187, 0x0187, 0x0187, 0x0187, 0x0187, 0x0187, 0x0187, 0x0187, 0x0187, 0x0187, 
	0x0187, 0x0187, 0x0187, 0x0187, 0x0187, 0x0187, 0x0187, 0x0187, 0x0187, 0x0187, 0x0187, 0x0187, 0x0187, 0x0187, 0x0187, 0x0187, 
	0x0187, 0x0187, 0x0187, 0x0187, 0x0187, 0x0187, 0x0187, 0x0187, 0x0187, 0x0187, 0x0187, 0x0187, 0x0187, 0x0187, 0x0187, 0x0187, 
	0x0187, 0x0187, 0x0187, 0x0187, 0x0187, 0x0187, 0x0187, 0x0187, 0x0187, 0x0187, 0x0187, 0x0187, 0x0187, 0x0187, 0x0187, 0x0187, 
	0x0187, 0x0187, 0x0187, 0x0187, 0x0187, 0x0187, 0x0187, 0x0187, 0x0187, 0x0187, 0x0187, 0x0187, 0x0187, 0x0187, 0x0187, 0x0187, 
	0x0187, 0x0187, 0x0187, 0x0187, 0x0187, 0x0187, 0x0187, 0x0187, 0x0187, 0x0187, 0x0187, 0x0187, 0x0187, 0x0187, 0x0187, 0x0187, 
	0x0187, 0x0187, 0x0187, 0x0187, 0x0187, 0x0187, 0x0187, 0x0187, 0x0187, 0x0187, 0x0187, 0x0187, 0x0187, 0x0187, 0x0187, 0x0187, 
	0x0187, 0x0187, 0x0187, 0x0187, 0x0187, 0x0187, 0x0187, 0x0187, 0x0187, 0x0187, 0x0187, 0x0187, 0x0187, 0x0187, 0x0187, 0x0187, 
	0x0187, 0x0187, 0x0187, 0x0187, 0x0187, 0x0187, 0x0187, 0x0187, 0x0187, 0x0187, 0x0187, 0x0187, 0x0187, 0x0187, 0x0187, 0x0187, 
	0x0187, 0x0187, 0x0187, 0x0187, 0x0187, 0x0187, 0x0187, 0x0187, 0x0187, 0x0187, 0x0187, 0x0187, 0x0187, 0x0187, 0x0187, 0x0187, 
	0x0187, 0x0187, 0x0187, 0x0187, 0x0187, 0x0187, 0x0187, 0x0187, 0x0187, 0x0187, 0x0187, 0x0187, 0x0187, 0x0187, 0x0187, 0x0187, 
	0x0187, 0x0187, 0x0187, 0x0187, 0x0187, 0x0187, 0x0187, 0x0187, 0x0187, 0x0187, 0x0187, 0x0187, 0x0187, 0x0187, 0x0187, 0x0187, 
	0x0187, 0x0187, 0x0187, 0x0187, 0x0187, 0x0187, 0x0187, 0x0187, 0x0187, 0x0187, 0x0187, 0x0187, 0x0187, 0x0187, 0x0187, 0x0187, 
	0x0187, 0x0187, 0x0187, 0x0187, 0x0187, 0x0187, 0x0187, 0x0187, 0x0187, 0x0187, 0x0187, 0x0187, 0x0187, 0x0187, 0x0187, 0x0187, 
	0x0187, 0x0187, 0x0187, 0x0187, 0x0187, 0x0187, 0x0187, 0x0187, 0x0187, 0x0187, 0x0187, 0x0187, 0x0187, 0x0187, 0x0187, 0x0187, 
	0x0187, 0x0187, 0x0187, 0x0187, 0x0187, 0x0187, 0x0187, 0x0187, 0x0187, 0x0187, 0x0187, 0x0187, 0x0187, 0x0187, 0x0187, 0x0187, 
	0x0187, 0x0187, 0x0187, 0x0187, 0x0187, 0x0187, 0x0187, 0x0187, 0x0187, 0x0187, 0x0187, 0x0187, 0x0187, 0x0187, 0x0187, 0x0187, 
	0x0187, 0x0187, 0x0187, 0x0187, 0x0187, 0x0187, 0x0187, 0x0187, 0x0187, 0x0187, 0x0187, 0x0187, 0x0187, 0x0187, 0x0187, 0x0187, 
	0x0187, 0x0187, 0x0187, 0x0187, 0x0187, 0x0187, 0x0187, 0x0187, 0x0187, 0x0187, 0x0187, 0x0187, 0x0187, 0x0187, 0x0187, 0x0187, 
	0x0187, 0x0187, 0x0187, 0x0187, 0x0187, 0x0187, 0x0187, 0x0187, 0x0187, 0x0187, 0x0187, 0x0187, 0x0187, 0x0187, 0x0187, 0x0187, 
	0x0187, 0x0187, 0x0187, 0x0187, 0x0187, 0x0187, 0x0187, 0x0187, 0x0187, 0x0187, 0x0187, 0x0187, 0x0187, 0x0187, 0x0187, 0x0187, 
	0x0187, 0x0187, 0x0187, 0x0187, 0x0187, 0x0187, 0x0187, 0x0187, 0x0187, 0x0187, 0x0187, 0x0187, 0x0187, 0x0187, 0x0187, 0x0187, 
	0x0187, 0x0187, 0x0187, 0x0187, 0x0187, 0x0187, 0x0187, 0x0187, 0x0187, 0x0187, 0x0187, 0x0187, 0x0187, 0x0187, 0x0187, 0x0187, 
	0x0187, 0x0187, 0x0187, 0x0187, 0x0187, 0x0187, 0x0187, 0x0187, 0x0187, 0x0187, 0x0187, 0x0187, 0x0187, 0x0187, 0x0187, 0x0187, 
	0x0187, 0x0187, 0x0187, 0x0187, 0x0187, 0x0187, 0x0187, 0x0187, 0x0187, 0x0187, 0x0187, 0x0187, 0x0187, 0x0187, 0x0187, 0x0187, 
	0x0187, 0x0187, 0x0187, 0x0187, 0x0187, 0x0187, 0x0187, 0x0187, 0x0187, 0x0187, 0x0187, 0x0187, 0x0187, 0x0187, 0x0187, 0x0187, 
	0x0187, 0x0187, 0x0187, 0x0187, 0x0187, 0x0187, 0x0187, 0x0187, 0x0187, 0x0187, 0x0187, 0x0187, 0x0187, 0x0187, 0x0187, 0x0187, 
	0x0187, 0x0187, 0x0187, 0x0187, 0x0187, 0x0187, 0x0187, 0x0187, 0x0187, 0x0187, 0x0187, 0x0187, 0x0187, 0x0187, 0x0187, 0x0187, 
	0x0187, 0x0187, 0x0187, 0x0187, 0x0187, 0x0187, 0x0187, 0x0187, 0x0187, 0x0187, 0x0187, 0x0187, 0x0187, 0x0187, 0x0187, 0x0187, 
	0x0187, 0x0187, 0x0187, 0x0187, 0x0187, 0x0187, 0x0187, 0x0187, 0x0187, 0x0187, 0x0187, 0x0187, 0x0187, 0x0187, 0x0187, 0x0187, 
	0x0187, 0x0187, 0x0187, 0x0187, 0x0187, 0x0187, 0x0187, 0x0187, 0x0187, 0x0187, 0x0187, 0x0187, 0x0187, 0x0187, 0x0187, 0x0187, 
	0x0187, 0x0187, 0x0187, 0x0187, 0x0187, 0x0187, 0x0187, 0x0187, 0x0187, 0x0187, 0x0187, 0x0187, 0x0187, 0x0187, 0x0187, 0x0187, 
	0x0187, 0x0187, 0x0187, 0x0187, 0x0187, 0x0187, 0x0187, 0x0187, 0x0187, 0x0187, 0x0187, 0x0187, 0x0187, 0x0187, 0x0187, 0x0187, 
	0x0187, 0x0187, 0x0187, 0x0187, 0x0187, 0x0187, 0x0187, 0x0187, 0x0187, 0x0187, 0x0187, 0x0187, 0x0187, 0x0187, 0x0187, 0x0187, 
	0x0187, 0x0187, 0x0187, 0x0187, 0x0187, 0x0187, 0x0187, 0x0187, 0x0187, 0x0187, 0x0187, 0x0187, 0x0187, 0x0187, 0x0187, 0x0187, 
	0x0187, 0x0187, 0x0187, 0x0187, 0x0187, 0x0187, 0x0187, 0x0187, 0x0187, 0x0187, 0x0187, 0x0187, 0x0187, 0x0187, 0x0187, 0x0187, 
	0x0187, 0x0187, 0x0187, 0x0187, 0x0187, 0x0187, 0x0187, 0x0187, 0x0187, 0x0187, 0x0187, 0x0187, 0x0187, 0x0187, 0x0187, 0x0187, 
	0x0187, 0x0187, 0x0187, 0x0187, 0x0187, 0x0187, 0x0187, 0x0187, 0x0187, 0x0187, 0x0187, 0x0187, 0x0187, 0x0187, 0x0187, 0x0187, 
	0x0187, 0x0187, 0x0187, 0x0187, 0x0187, 0x0187, 0x0187, 0x0187, 0x0187, 0x0187, 0x0187, 0x0187, 0x0187, 0x0187, 0x0187, 0x0187, 
	0x0187, 0x0187, 0x0187, 0x0187, 0x0187, 0x0187, 0x0187, 0x0187, 0x0187, 0x0187, 0x0187, 0x0187, 0x0187, 0x0187, 0x0187, 0x0187, 
	0x0187, 0x0187, 0x0187, 0x0187, 0x0187, 0x0187, 0x0187, 0x0187, 0x0187, 0x0187, 0x0187, 0x0187, 0x0187, 0x0187, 0x0187, 0x0187, 
	0x0187, 0x0187, 0x0187, 0x0187, 0x0187, 0x0187, 0x0187, 0x0187, 0x0187, 0x0187, 0x0187, 0x0187, 0x0187, 0x0187, 0x0187, 0x0187, 
	0x0187, 0x0187, 0x0187, 0x0187, 0x0187, 0x0187, 0x0187, 0x0187, 0x0187, 0x0187, 0x0187, 0x0187, 0x0187, 0x0187, 0x0187, 0x0187, 
	0x0187, 0x0187, 0x0187, 0x0187, 0x0187, 0x0187, 0x0187, 0x0187, 0x0187, 0x0187, 0x0187, 0x0187, 0x0187, 0x0187, 0x0187, 0x0187, 
	0x0187, 0x0187, 0x0187, 0x0187, 0x0187, 0x0187, 0x0187, 0x0187, 0x0187, 0x0187, 0x0187, 0x0187, 0x0187, 0x0187, 0x0187, 0x0187, 
	0x0187, 0x0187, 0x0187, 0x0187, 0x0187, 0x0187, 0x0187, 0x0187, 0x0187, 0x0187, 0x0187, 0x0187, 0x0187, 0x0187, 0x0187, 0x0187, 
	0x0187, 0x0187, 0x0187, 0x0187, 0x0187, 0x0187, 0x0187, 0x0187, 0x0187, 0x0187, 0x0187, 0x0187, 0x0187, 0x0187, 0x0187, 0x0187, 
	0x0187, 0x0187, 0x0187, 0x0187, 0x0187, 0x0187, 0x0187, 0x0187, 0x0187, 0x0187, 0x0187, 0x0187, 0x0187, 0x0187, 0x0187, 0x0187, 
	0x0187, 0x0187, 0x0187, 0x0187, 0x0187, 0x0187, 0x0187, 0x0187, 0x0187, 0x0187, 0x0187, 0x0187, 0x0187, 0x0187, 0x0187, 0x0187, 
	0x0187, 0x0187, 0x0187, 0x0187, 0x0187, 0x0187, 0x0187, 0x0187, 0x0187, 0x0187, 0x0187, 0x0187, 0x0187, 0x0187, 0x0187, 0x0187, 
	0x0187, 0x0187, 0x0187, 0x0187, 0x0187, 0x0187, 0x0187, 0x0187, 0x0187, 0x0187, 0x0187, 0x0187, 0x0187, 0x0187, 0x0187, 0x0187, 
	0x0187, 0x0187, 0x0187, 0x0187, 0x0187, 0x0187, 0x0187, 0x0187, 0x0187, 0x0187, 0x0187, 0x0187, 0x0187, 0x0187, 0x0187, 0x0187, 
	0x0187, 0x0187, 0x0187, 0x0187, 0x0187, 0x0187, 0x0187, 0x0187, 0x0187, 0x0187, 0x0187, 0x0187, 0x0187, 0x0187, 0x0187, 0x0187, 
	0x0187, 0x0187, 0x0187, 0x0187, 0x0187, 0x0187, 0x0187, 0x0187, 0x0187, 0x0187, 0x0187, 0x0187, 0x0187, 0x0187, 0x0187, 0x0187, 
	0x0187, 0x0187, 0x0187, 0x0187, 0x0187, 0x0187, 0x0187, 0x0187, 0x0187, 0x0187, 0x0187, 0x0187, 0x0187, 0x0187, 0x0187, 0x0187, 
	0x0187, 0x0187, 0x0187, 0x0187, 0x0187, 0x0187, 0x0187, 0x0187, 0x0187, 0x0187, 0x0187, 0x0187, 0x0187, 0x0187, 0x0187, 0x0187, 
	0x0187, 0x0187, 0x0187, 0x0187, 0x0187, 0x0187, 0x0187, 0x0187, 0x0187, 0x0187, 0x0187, 0x0187, 0x0187, 0x0187, 0x0187, 0x0187, 
	0x0187, 0x0187, 0x0187, 0x0187, 0x0187, 0x0187, 0x0187, 0x0187, 0x0187, 0x0187, 0x0187, 0x0187, 0x0187, 0x0187, 0x0187, 0x0187, 
	0x0187, 0x0187, 0x0187, 0x0187, 0x0187, 0x0187, 0x0187, 0x0187, 0x0187, 0x0187, 0x0187, 0x0187, 0x0187, 0x0187, 0x0187, 0x0187, 
	0x0187, 0x0187, 0x0187, 0x0187, 0x0187, 0x0187, 0x0187, 0x0187, 0x0187, 0x0187, 0x0187, 0x0187, 0x0187, 0x0187, 0x0187, 0x0187, 
	0x0187, 0x0187, 0x0187, 0x0187, 0x0187, 0x0187, 0x0187, 0x0187, 0x0187, 0x0187, 0x0187, 0x0187, 0x0187, 0x0187, 0x0187, 0x0187, 
	0x0187, 0x0187, 0x0187, 0x0187, 0x0187, 0x0187, 0x0187, 0x0187, 0x0187, 0x0187, 0x0187, 0x0187, 0x0187, 0x0187, 0x0187, 0x0187, 
	0x0187, 0x0187, 0x0187, 0x0187, 0x0187, 0x0187, 0x0187, 0x0187, 0x0187, 0x0187, 0x0187, 0x0187, 0x0187, 0x0187, 0x0187, 0x0187, 
	0x0187, 0x0187, 0x0187, 0x0187, 0x0187, 0x0187, 0x0187, 0x0187, 0x0187, 0x0187, 0x0187, 0x0187, 0x0187, 0x0187, 0x0187, 0x0187, 
	0x0187, 0x0187, 0x0187, 0x0187, 0x0187, 0x0187, 0x0187, 0x0187, 0x0187, 0x0187, 0x0187, 0x0187, 0x0187, 0x0187, 0x0187, 0x0187, 
	0x0187, 0x0187, 0x0187, 0x0187, 0x0187, 0x0187, 0x0187, 0x0187, 0x0187, 0x0187, 0x0187, 0x0187, 0x0187, 0x0187, 0x0187, 0x0187, 
	0x0187, 0x0187, 0x0187, 0x0187, 0x0187, 0x0187, 0x0187, 0x0187, 0x0187, 0x0187, 0x0187, 0x0187, 0x0187, 0x0187, 0x0187, 0x0187, 
	0x0187, 0x0187, 0x0187, 0x0187, 0x0187, 0x0187, 0x0187, 0x0187, 0x0187, 0x0187, 0x0187, 0x0187, 0x0187, 0x0187, 0x0187, 0x0187, 
	0x0187, 0x0187, 0x0187, 0x0187, 0x0187, 0x0187, 0x0187, 0x0187, 0x0187, 0x0187, 0x0187, 0x0187, 0x0187, 0x0187, 0x0187, 0x0187, 
	0x0187, 0x0187, 0x0187, 0x0187, 0x0187, 0x0187, 0x0187, 0x0187, 0x0187, 0x0187, 0x0187, 0x0187, 0x0187, 0x0187, 0x0187, 0x0187, 
	0x0187, 0x0187, 0x0187, 0x0187, 0x0187, 0x0187, 0x0187, 0x0187, 0x0187, 0x0187, 0x0187, 0x0187, 0x0187, 0x0187, 0x0187, 0x0187, 
	0x0187, 0x0187, 0x0187, 0x0187, 0x0187, 0x0187, 0x0187, 0x0187, 0x0187, 0x0187, 0x0187, 0x0187, 0x0187, 0x0187, 0x0187, 0x0187, 
	0x0187, 0x0187, 0x0187, 0x0187, 0x0187, 0x0187, 0x0187, 0x0187, 0x0187, 0x0187, 0x0187, 0x0187, 0x0187, 0x0187, 0x0187, 0x0187, 
	0x0187, 0x0187, 0x0187, 0x0187, 0x0187, 0x0187, 0x0187, 0x0187, 0x0187, 0x0187, 0x0187, 0x0187, 0x0187, 0x0187, 0x0187, 0x0187, 
	0x0187, 0x0187, 0x0187, 0x0187, 0x0187, 0x0187, 0x0187, 0x0187, 0x0187, 0x0187, 0x0187, 0x0187, 0x0187, 0x0187, 0x0187, 0x0187
};

// Array of all bitmaps for convenience. (Total bytes used to store images in PROGMEM = 32416)
const int titleScreen_LEN = 1;
const uint16_t* titleScreen[1] = {
	epd_bitmap_Title
};

// 'CropReady', 7x5px
const uint16_t epd_bitmap_CropReady [] PROGMEM = {
	0xE758, 0xE758, 0x0000, 0x0000, 0x0000, 0xE758, 0xE758,
	0xE758, 0xE758, 0xE758, 0x0000, 0xE758, 0xE758, 0xE758,
	0x0000, 0xE758, 0xE758, 0xE758, 0xE758, 0xE758, 0x0000,
	0x0000, 0x0000, 0x0000, 0xE758, 0x0000, 0x0000, 0x0000,
	0x0000, 0x0000, 0x0000, 0xE758, 0x0000, 0x0000, 0x0000,
};

// Array of all bitmaps for convenience. (Total bytes used to store images in PROGMEM = 336)
const int cropReadyIcon_LEN = 1;
const uint16_t* cropReadyIcon[1] = {
	epd_bitmap_CropReady
};

#pragma endregion

#pragma region FoodFarm

// 'Empty Pot', 16x16px
const uint16_t epd_bitmap_Items_All_30 [] PROGMEM = {
	0x0187, 0x0187, 0x0187, 0x0187, 0x0187, 0x0187, 0x0187, 0x0187, 0x0187, 0x0187, 0x0187, 0x0187, 0x0187, 0x0187, 0x0187, 0x0187,
	0x0187, 0x0187, 0x0187, 0x0187, 0x0187, 0x0187, 0x0187, 0x0187, 0x0187, 0x0187, 0x0187, 0x0187, 0x0187, 0x0187, 0x0187, 0x0187,
	0x0187, 0x0187, 0x0187, 0x0187, 0x0187, 0x0187, 0x0187, 0x0187, 0x0187, 0x0187, 0x0187, 0x0187, 0x0187, 0x0187, 0x0187, 0x0187,
	0x0187, 0x0187, 0x0187, 0x0187, 0x0187, 0x0187, 0x0187, 0x0187, 0x0187, 0x0187, 0x0187, 0x0187, 0x0187, 0x0187, 0x0187, 0x0187,
	0x0187, 0x0187, 0x0187, 0x0187, 0x0187, 0x0187, 0x0187, 0x0187, 0x0187, 0x0187, 0x0187, 0x0187, 0x0187, 0x0187, 0x0187, 0x0187,
	0x0187, 0x0187, 0x0187, 0x0187, 0x0187, 0x0187, 0x0187, 0x0187, 0x0187, 0x0187, 0x0187, 0x0187, 0x0187, 0x0187, 0x0187, 0x0187,
	0x0187, 0x0187, 0x0187, 0x0187, 0x0187, 0x0187, 0x0187, 0x0187, 0x0187, 0x0187, 0x0187, 0x0187, 0x0187, 0x0187, 0x0187, 0x0187,
	0x0187, 0x0187, 0x0187, 0x0187, 0x0187, 0x0187, 0x0187, 0x0187, 0x0187, 0x0187, 0x0187, 0x0187, 0x0187, 0x0187, 0x0187, 0x0187,
	0x0187, 0x0187, 0x0187, 0x0187, 0x0187, 0x0187, 0x0187, 0x0187, 0x0187, 0x0187, 0x0187, 0x0187, 0x0187, 0x0187, 0x0187, 0x0187,
	0x0187, 0x0187, 0x0187, 0x0187, 0x0187, 0x0187, 0x0187, 0x0187, 0x0187, 0x0187, 0x0187, 0x0187, 0x0187, 0x0187, 0x0187, 0x0187,
	0x0187, 0x0187, 0xE758, 0xE758, 0xE758, 0xE758, 0xE758, 0xE758, 0xE758, 0xE758, 0xE758, 0xE758, 0xE758, 0xE758, 0x0187, 0x0187,
	0x0187, 0xE758, 0x0187, 0x0187, 0x0187, 0x0187, 0x0187, 0x0187, 0x0187, 0x0187, 0x0187, 0x0187, 0x0187, 0x0187, 0xE758, 0x0187,
	0xE758, 0x0187, 0xFE72, 0xFE72, 0xFE72, 0xFE72, 0xFE72, 0xFE72, 0xFE72, 0xFE72, 0xFE72, 0xFE72, 0xFE72, 0xFE72, 0x0187, 0xE758,
	0xE758, 0x0187, 0xFE72, 0xFE72, 0xFE72, 0xFE72, 0xFE72, 0xFE72, 0xFE72, 0xFE72, 0xFE72, 0xFE72, 0xFE72, 0xFE72, 0x0187, 0xE758,
	0x0187, 0xE758, 0x0187, 0xFBAE, 0xFBAE, 0xFBAE, 0xFBAE, 0xFBAE, 0xFBAE, 0xFBAE, 0xFBAE, 0xFBAE, 0xFBAE, 0x0187, 0xE758, 0x0187,
	0xE758, 0xE758, 0x0187, 0xFE72, 0xFE72, 0xFE72, 0xFE72, 0xFE72, 0xFE72, 0xFE72, 0xFE72, 0xFE72, 0xFE72, 0x0187, 0xE758, 0xE758,
};
// 'Sprout1', 16x16px
const uint16_t epd_bitmap_Items_All_31 [] PROGMEM = {
	0x0187, 0x0187, 0x0187, 0x0187, 0x0187, 0x0187, 0x0187, 0x0187, 0x0187, 0x0187, 0x0187, 0x0187, 0x0187, 0x0187, 0x0187, 0x0187,
	0x0187, 0x0187, 0x0187, 0x0187, 0x0187, 0x0187, 0x0187, 0x0187, 0x0187, 0x0187, 0x0187, 0x0187, 0x0187, 0x0187, 0x0187, 0x0187,
	0x0187, 0x0187, 0x0187, 0x0187, 0x0187, 0x0187, 0x0187, 0x0187, 0x0187, 0x0187, 0x0187, 0x0187, 0x0187, 0x0187, 0x0187, 0x0187,
	0x0187, 0x0187, 0x0187, 0x0187, 0x0187, 0x0187, 0x0187, 0x0187, 0x0187, 0x0187, 0x0187, 0x0187, 0x0187, 0x0187, 0x0187, 0x0187,
	0x0187, 0x0187, 0x0187, 0x0187, 0x0187, 0x0187, 0x0187, 0x0187, 0x0187, 0x0187, 0x0187, 0x0187, 0x0187, 0x0187, 0x0187, 0x0187,
	0x0187, 0x0187, 0x0187, 0x0187, 0x0187, 0x0187, 0x0187, 0x0187, 0x0187, 0x0187, 0x0187, 0x0187, 0x0187, 0x0187, 0x0187, 0x0187,
	0x0187, 0x0187, 0x0187, 0x0187, 0xE758, 0xE758, 0x0187, 0x0187, 0x0187, 0x0187, 0xE758, 0xE758, 0x0187, 0x0187, 0x0187, 0x0187,
	0x0187, 0x0187, 0x0187, 0xE758, 0x0187, 0x0187, 0xE758, 0x0187, 0x0187, 0xE758, 0x0187, 0x0187, 0xE758, 0x0187, 0x0187, 0x0187,
	0x0187, 0x0187, 0xE758, 0x0187, 0xFBAE, 0xFBAE, 0x0187, 0xE758, 0xE758, 0x0187, 0xFBAE, 0xFBAE, 0x0187, 0xE758, 0x0187, 0x0187,
	0x0187, 0x0187, 0xE758, 0x0187, 0xFE72, 0xFBAE, 0xFBAE, 0x0187, 0x0187, 0xFBAE, 0xFBAE, 0xFE72, 0x0187, 0xE758, 0x0187, 0x0187,
	0x0187, 0x0187, 0xE758, 0xE758, 0x0187, 0xFE72, 0xFBAE, 0xFE72, 0xFE72, 0xFBAE, 0xFE72, 0x0187, 0xE758, 0xE758, 0x0187, 0x0187,
	0x0187, 0xE758, 0x0187, 0x0187, 0x0187, 0x0187, 0x0187, 0xFE72, 0xFBAE, 0x0187, 0x0187, 0x0187, 0x0187, 0x0187, 0xE758, 0x0187,
	0xE758, 0x0187, 0xFE72, 0xFE72, 0xFE72, 0xFE72, 0xFE72, 0xFE72, 0xFE72, 0xFE72, 0xFE72, 0xFE72, 0xFE72, 0xFE72, 0x0187, 0xE758,
	0xE758, 0x0187, 0xFE72, 0xFE72, 0xFE72, 0xFE72, 0xFE72, 0xFE72, 0xFE72, 0xFE72, 0xFE72, 0xFE72, 0xFE72, 0xFE72, 0x0187, 0xE758,
	0x0187, 0xE758, 0x0187, 0xFBAE, 0xFBAE, 0xFBAE, 0xFBAE, 0xFBAE, 0xFBAE, 0xFBAE, 0xFBAE, 0xFBAE, 0xFBAE, 0x0187, 0xE758, 0x0187,
	0xE758, 0xE758, 0x0187, 0xFE72, 0xFE72, 0xFE72, 0xFE72, 0xFE72, 0xFE72, 0xFE72, 0xFE72, 0xFE72, 0xFE72, 0x0187, 0xE758, 0xE758,
};
// 'Sprout2', 16x16px
const uint16_t epd_bitmap_Items_All_32 [] PROGMEM = {
	0x0187, 0x0187, 0x0187, 0x0187, 0x0187, 0x0187, 0x0187, 0x0187, 0x0187, 0x0187, 0x0187, 0x0187, 0x0187, 0x0187, 0x0187, 0x0187,
	0x0187, 0x0187, 0x0187, 0x0187, 0x0187, 0x0187, 0x0187, 0x0187, 0x0187, 0x0187, 0x0187, 0x0187, 0x0187, 0x0187, 0x0187, 0x0187,
	0x0187, 0x0187, 0x0187, 0x0187, 0x0187, 0x0187, 0x0187, 0x0187, 0x0187, 0x0187, 0x0187, 0x0187, 0x0187, 0x0187, 0x0187, 0x0187,
	0x0187, 0x0187, 0x0187, 0x0187, 0x0187, 0x0187, 0x0187, 0x0187, 0x0187, 0x0187, 0x0187, 0x0187, 0x0187, 0x0187, 0x0187, 0x0187,
	0x0187, 0x0187, 0x0187, 0x0187, 0x0187, 0x0187, 0x0187, 0x0187, 0x0187, 0x0187, 0x0187, 0x0187, 0x0187, 0x0187, 0x0187, 0x0187,
	0x0187, 0x0187, 0x0187, 0x0187, 0x0187, 0x0187, 0x0187, 0x0187, 0x0187, 0x0187, 0x0187, 0x0187, 0x0187, 0x0187, 0x0187, 0x0187,
	0x0187, 0x0187, 0x0187, 0xE758, 0xE758, 0xE758, 0xE758, 0x0187, 0x0187, 0xE758, 0xE758, 0xE758, 0xE758, 0x0187, 0x0187, 0x0187,
	0x0187, 0x0187, 0xE758, 0x0187, 0x0187, 0x0187, 0x0187, 0xE758, 0xE758, 0x0187, 0x0187, 0x0187, 0x0187, 0xE758, 0x0187, 0x0187,
	0x0187, 0xE758, 0x0187, 0xFE72, 0xFBAE, 0xFBAE, 0xFBAE, 0x0187, 0x0187, 0xFBAE, 0xFBAE, 0xFBAE, 0xFE72, 0x0187, 0xE758, 0x0187,
	0x0187, 0x0187, 0xE758, 0x0187, 0x0187, 0xFE72, 0xFBAE, 0xFE72, 0xFE72, 0xFBAE, 0xFE72, 0x0187, 0x0187, 0xE758, 0x0187, 0x0187,
	0x0187, 0x0187, 0xE758, 0xE758, 0xE758, 0x0187, 0x0187, 0xFE72, 0xFBAE, 0x0187, 0x0187, 0xE758, 0xE758, 0xE758, 0x0187, 0x0187,
	0x0187, 0xE758, 0x0187, 0x0187, 0x0187, 0x0187, 0x0187, 0xFE72, 0xFBAE, 0x0187, 0x0187, 0x0187, 0x0187, 0x0187, 0xE758, 0x0187,
	0xE758, 0x0187, 0xFE72, 0xFE72, 0xFE72, 0xFE72, 0xFE72, 0xFE72, 0xFE72, 0xFE72, 0xFE72, 0xFE72, 0xFE72, 0xFE72, 0x0187, 0xE758,
	0xE758, 0x0187, 0xFE72, 0xFE72, 0xFE72, 0xFE72, 0xFE72, 0xFE72, 0xFE72, 0xFE72, 0xFE72, 0xFE72, 0xFE72, 0xFE72, 0x0187, 0xE758,
	0x0187, 0xE758, 0x0187, 0xFBAE, 0xFBAE, 0xFBAE, 0xFBAE, 0xFBAE, 0xFBAE, 0xFBAE, 0xFBAE, 0xFBAE, 0xFBAE, 0x0187, 0xE758, 0x0187,
	0xE758, 0xE758, 0x0187, 0xFE72, 0xFE72, 0xFE72, 0xFE72, 0xFE72, 0xFE72, 0xFE72, 0xFE72, 0xFE72, 0xFE72, 0x0187, 0xE758, 0xE758,
};
// 'Bud1', 16x16px
const uint16_t epd_bitmap_Items_All_33 [] PROGMEM = {
	0x0187, 0x0187, 0x0187, 0x0187, 0x0187, 0x0187, 0xE758, 0x0187, 0x0187, 0xE758, 0x0187, 0x0187, 0x0187, 0x0187, 0x0187, 0x0187,
	0x0187, 0x0187, 0x0187, 0x0187, 0x0187, 0xE758, 0x0187, 0xE758, 0xE758, 0x0187, 0xE758, 0x0187, 0x0187, 0x0187, 0x0187, 0x0187,
	0x0187, 0x0187, 0x0187, 0x0187, 0xE758, 0x0187, 0xFE72, 0x0187, 0x0187, 0xFBAE, 0x0187, 0xE758, 0x0187, 0x0187, 0x0187, 0x0187,
	0x0187, 0x0187, 0x0187, 0xE758, 0x0187, 0xFE72, 0xFE72, 0xFE72, 0xFBAE, 0xFBAE, 0xFBAE, 0x0187, 0xE758, 0x0187, 0x0187, 0x0187,
	0x0187, 0x0187, 0xE758, 0x0187, 0xFE72, 0xFE72, 0xFE72, 0xFE72, 0xFE72, 0xFBAE, 0xFBAE, 0xFBAE, 0x0187, 0xE758, 0x0187, 0x0187,
	0x0187, 0x0187, 0xE758, 0x0187, 0xFE72, 0xFE72, 0xFE72, 0xFE72, 0xFE72, 0xFE72, 0xFBAE, 0xFBAE, 0x0187, 0xE758, 0x0187, 0x0187,
	0x0187, 0xE758, 0x0187, 0xFBAE, 0xFE72, 0xFE72, 0xFE72, 0xFE72, 0xFE72, 0xFE72, 0xFBAE, 0xFBAE, 0xFE72, 0x0187, 0xE758, 0x0187,
	0xE758, 0x0187, 0xFE72, 0xFE72, 0xFBAE, 0xFE72, 0xFE72, 0xFE72, 0xFE72, 0xFBAE, 0xFBAE, 0xFE72, 0xFBAE, 0xFBAE, 0x0187, 0xE758,
	0x0187, 0xE758, 0x0187, 0xFE72, 0xFE72, 0xFBAE, 0xFBAE, 0xFBAE, 0xFBAE, 0xFBAE, 0xFE72, 0xFBAE, 0xFBAE, 0x0187, 0xE758, 0x0187,
	0x0187, 0x0187, 0xE758, 0x0187, 0x0187, 0x0187, 0xFBAE, 0xFBAE, 0xFBAE, 0xFBAE, 0x0187, 0x0187, 0x0187, 0xE758, 0x0187, 0x0187,
	0x0187, 0x0187, 0xE758, 0xE758, 0xE758, 0xE758, 0x0187, 0xFBAE, 0xFBAE, 0x0187, 0xE758, 0xE758, 0xE758, 0xE758, 0x0187, 0x0187,
	0x0187, 0xE758, 0x0187, 0x0187, 0x0187, 0x0187, 0x0187, 0xFBAE, 0xFBAE, 0x0187, 0x0187, 0x0187, 0x0187, 0x0187, 0xE758, 0x0187,
	0xE758, 0x0187, 0xFE72, 0xFE72, 0xFE72, 0xFE72, 0xFE72, 0xFE72, 0xFE72, 0xFE72, 0xFE72, 0xFE72, 0xFE72, 0xFE72, 0x0187, 0xE758,
	0xE758, 0x0187, 0xFE72, 0xFE72, 0xFE72, 0xFE72, 0xFE72, 0xFE72, 0xFE72, 0xFE72, 0xFE72, 0xFE72, 0xFE72, 0xFE72, 0x0187, 0xE758,
	0x0187, 0xE758, 0x0187, 0xFBAE, 0xFBAE, 0xFBAE, 0xFBAE, 0xFBAE, 0xFBAE, 0xFBAE, 0xFBAE, 0xFBAE, 0xFBAE, 0x0187, 0xE758, 0x0187,
	0xE758, 0xE758, 0x0187, 0xFE72, 0xFE72, 0xFE72, 0xFE72, 0xFE72, 0xFE72, 0xFE72, 0xFE72, 0xFE72, 0xFE72, 0x0187, 0xE758, 0xE758,
};
// 'Bud2', 16x16px
const uint16_t epd_bitmap_Items_All_34 [] PROGMEM = {
	0x0187, 0x0187, 0x0187, 0x0187, 0x0187, 0x0187, 0x0187, 0x0187, 0x0187, 0x0187, 0x0187, 0x0187, 0x0187, 0x0187, 0x0187, 0x0187,
	0x0187, 0x0187, 0x0187, 0x0187, 0x0187, 0x0187, 0xE758, 0x0187, 0x0187, 0xE758, 0x0187, 0x0187, 0x0187, 0x0187, 0x0187, 0x0187,
	0x0187, 0x0187, 0x0187, 0x0187, 0x0187, 0xE758, 0x0187, 0xE758, 0xE758, 0x0187, 0xE758, 0x0187, 0x0187, 0x0187, 0x0187, 0x0187,
	0x0187, 0x0187, 0x0187, 0x0187, 0xE758, 0x0187, 0xFE72, 0x0187, 0x0187, 0xFBAE, 0x0187, 0xE758, 0x0187, 0x0187, 0x0187, 0x0187,
	0x0187, 0x0187, 0xE758, 0xE758, 0x0187, 0xFE72, 0xFE72, 0xFE72, 0xFBAE, 0xFBAE, 0xFBAE, 0x0187, 0xE758, 0xE758, 0x0187, 0x0187,
	0x0187, 0xE758, 0x0187, 0x0187, 0xFE72, 0xFE72, 0xFE72, 0xFE72, 0xFE72, 0xFBAE, 0xFBAE, 0xFBAE, 0x0187, 0x0187, 0xE758, 0x0187,
	0xE758, 0x0187, 0xFE72, 0x0187, 0xFE72, 0xFE72, 0xFE72, 0xFE72, 0xFE72, 0xFE72, 0xFBAE, 0xFBAE, 0x0187, 0xFBAE, 0x0187, 0xE758,
	0xE758, 0x0187, 0xFE72, 0xFBAE, 0xFE72, 0xFE72, 0xFE72, 0xFE72, 0xFE72, 0xFE72, 0xFBAE, 0xFBAE, 0xFE72, 0xFBAE, 0x0187, 0xE758,
	0x0187, 0xE758, 0x0187, 0xFE72, 0xFBAE, 0xFE72, 0xFE72, 0xFE72, 0xFE72, 0xFBAE, 0xFBAE, 0xFE72, 0xFBAE, 0x0187, 0xE758, 0x0187,
	0x0187, 0x0187, 0xE758, 0x0187, 0xFE72, 0xFBAE, 0xFBAE, 0xFBAE, 0xFBAE, 0xFBAE, 0xFE72, 0xFBAE, 0x0187, 0xE758, 0x0187, 0x0187,
	0x0187, 0x0187, 0xE758, 0xE758, 0x0187, 0x0187, 0xFBAE, 0xFBAE, 0xFBAE, 0xFBAE, 0x0187, 0x0187, 0xE758, 0xE758, 0x0187, 0x0187,
	0x0187, 0xE758, 0x0187, 0x0187, 0x0187, 0x0187, 0x0187, 0xFBAE, 0xFBAE, 0x0187, 0x0187, 0x0187, 0x0187, 0x0187, 0xE758, 0x0187,
	0xE758, 0x0187, 0xFE72, 0xFE72, 0xFE72, 0xFE72, 0xFE72, 0xFE72, 0xFE72, 0xFE72, 0xFE72, 0xFE72, 0xFE72, 0xFE72, 0x0187, 0xE758,
	0xE758, 0x0187, 0xFE72, 0xFE72, 0xFE72, 0xFE72, 0xFE72, 0xFE72, 0xFE72, 0xFE72, 0xFE72, 0xFE72, 0xFE72, 0xFE72, 0x0187, 0xE758,
	0x0187, 0xE758, 0x0187, 0xFBAE, 0xFBAE, 0xFBAE, 0xFBAE, 0xFBAE, 0xFBAE, 0xFBAE, 0xFBAE, 0xFBAE, 0xFBAE, 0x0187, 0xE758, 0x0187,
	0xE758, 0xE758, 0x0187, 0xFE72, 0xFE72, 0xFE72, 0xFE72, 0xFE72, 0xFE72, 0xFE72, 0xFE72, 0xFE72, 0xFE72, 0x0187, 0xE758, 0xE758,
};
// 'Fruit1', 16x16px
const uint16_t epd_bitmap_Items_All_35 [] PROGMEM = {
	0x0187, 0x0187, 0x0187, 0x0187, 0x0187, 0xE758, 0xE758, 0xE758, 0x0187, 0x0187, 0x0187, 0x0187, 0x0187, 0x0187, 0x0187, 0x0187,
	0x0187, 0x0187, 0x0187, 0x0187, 0xE758, 0x0187, 0x0187, 0x0187, 0xE758, 0xE758, 0x0187, 0x0187, 0x0187, 0x0187, 0x0187, 0x0187,
	0x0187, 0x0187, 0x0187, 0xE758, 0x0187, 0xFE72, 0xFE72, 0xFE72, 0x0187, 0x0187, 0xE758, 0x0187, 0x0187, 0x0187, 0x0187, 0x0187,
	0x0187, 0x0187, 0x0187, 0x0187, 0xE758, 0x0187, 0xFBAE, 0xE758, 0xFBAE, 0xFBAE, 0x0187, 0xE758, 0x0187, 0x0187, 0x0187, 0x0187,
	0x0187, 0x0187, 0x0187, 0xE758, 0x0187, 0xFBAE, 0xFE72, 0xE758, 0xFE72, 0xFBAE, 0xFBAE, 0x0187, 0xE758, 0x0187, 0x0187, 0x0187,
	0x0187, 0x0187, 0x0187, 0xE758, 0x0187, 0xFBAE, 0xFBAE, 0xFE72, 0xFBAE, 0xFBAE, 0xFBAE, 0x0187, 0xE758, 0x0187, 0x0187, 0x0187,
	0x0187, 0x0187, 0xE758, 0xE758, 0x0187, 0xFBAE, 0xFBAE, 0xFBAE, 0xFBAE, 0xFBAE, 0xFBAE, 0x0187, 0xE758, 0xE758, 0x0187, 0x0187,
	0x0187, 0xE758, 0x0187, 0x0187, 0x0187, 0xFE72, 0xFBAE, 0xFBAE, 0xFBAE, 0xFBAE, 0xFE72, 0x0187, 0x0187, 0x0187, 0xE758, 0x0187,
	0xE758, 0x0187, 0xFBAE, 0xFBAE, 0xFE72, 0x0187, 0xFE72, 0xFE72, 0xFE72, 0xFE72, 0x0187, 0xFE72, 0xFBAE, 0xFBAE, 0x0187, 0xE758,
	0x0187, 0xE758, 0x0187, 0xFBAE, 0xFBAE, 0xFE72, 0x0187, 0x0187, 0x0187, 0x0187, 0xFE72, 0xFBAE, 0xFBAE, 0x0187, 0xE758, 0x0187,
	0xE758, 0x0187, 0xFBAE, 0xFBAE, 0x0187, 0x0187, 0xFBAE, 0xFE72, 0xFE72, 0xFBAE, 0x0187, 0x0187, 0xFBAE, 0xFBAE, 0x0187, 0xE758,
	0x0187, 0xE758, 0x0187, 0x0187, 0x0187, 0x0187, 0x0187, 0xFBAE, 0xFBAE, 0x0187, 0x0187, 0x0187, 0x0187, 0x0187, 0xE758, 0x0187,
	0xE758, 0x0187, 0xFE72, 0xFE72, 0xFE72, 0xFE72, 0xFE72, 0xFE72, 0xFE72, 0xFE72, 0xFE72, 0xFE72, 0xFE72, 0xFE72, 0x0187, 0xE758,
	0xE758, 0x0187, 0xFE72, 0xFE72, 0xFE72, 0xFE72, 0xFE72, 0xFE72, 0xFE72, 0xFE72, 0xFE72, 0xFE72, 0xFE72, 0xFE72, 0x0187, 0xE758,
	0x0187, 0xE758, 0x0187, 0xFBAE, 0xFBAE, 0xFBAE, 0xFBAE, 0xFBAE, 0xFBAE, 0xFBAE, 0xFBAE, 0xFBAE, 0xFBAE, 0x0187, 0xE758, 0x0187,
	0xE758, 0xE758, 0x0187, 0xFE72, 0xFE72, 0xFE72, 0xFE72, 0xFE72, 0xFE72, 0xFE72, 0xFE72, 0xFE72, 0xFE72, 0x0187, 0xE758, 0xE758,
};
// 'Fruit2', 16x16px
const uint16_t epd_bitmap_Items_All_36 [] PROGMEM = {
	0x0187, 0x0187, 0x0187, 0x0187, 0x0187, 0x0187, 0x0187, 0x0187, 0x0187, 0x0187, 0x0187, 0x0187, 0x0187, 0x0187, 0x0187, 0x0187,
	0x0187, 0x0187, 0x0187, 0x0187, 0x0187, 0xE758, 0xE758, 0xE758, 0x0187, 0x0187, 0x0187, 0x0187, 0x0187, 0x0187, 0x0187, 0x0187,
	0x0187, 0x0187, 0x0187, 0x0187, 0xE758, 0x0187, 0x0187, 0x0187, 0xE758, 0xE758, 0x0187, 0x0187, 0x0187, 0x0187, 0x0187, 0x0187,
	0x0187, 0x0187, 0x0187, 0xE758, 0x0187, 0xFE72, 0xFE72, 0xFE72, 0x0187, 0x0187, 0xE758, 0x0187, 0x0187, 0x0187, 0x0187, 0x0187,
	0x0187, 0x0187, 0x0187, 0x0187, 0xE758, 0x0187, 0xFBAE, 0xE758, 0xFBAE, 0xFBAE, 0x0187, 0xE758, 0x0187, 0x0187, 0x0187, 0x0187,
	0x0187, 0x0187, 0x0187, 0xE758, 0x0187, 0xFBAE, 0xFE72, 0xE758, 0xFE72, 0xFBAE, 0xFBAE, 0x0187, 0xE758, 0x0187, 0x0187, 0x0187,
	0x0187, 0x0187, 0xE758, 0xE758, 0x0187, 0xFBAE, 0xFBAE, 0xFE72, 0xFBAE, 0xFBAE, 0xFBAE, 0x0187, 0xE758, 0xE758, 0x0187, 0x0187,
	0x0187, 0xE758, 0x0187, 0x0187, 0x0187, 0xFBAE, 0xFBAE, 0xFBAE, 0xFBAE, 0xFBAE, 0xFBAE, 0x0187, 0x0187, 0x0187, 0xE758, 0x0187,
	0xE758, 0x0187, 0xFBAE, 0xFBAE, 0xFE72, 0xFE72, 0xFBAE, 0xFBAE, 0xFBAE, 0xFBAE, 0xFE72, 0xFE72, 0xFBAE, 0xFBAE, 0x0187, 0xE758,
	0x0187, 0xE758, 0x0187, 0xFBAE, 0xFBAE, 0xFE72, 0xFE72, 0xFE72, 0xFE72, 0xFE72, 0xFE72, 0xFBAE, 0xFBAE, 0x0187, 0xE758, 0x0187,
	0xE758, 0x0187, 0xFBAE, 0xFBAE, 0x0187, 0x0187, 0xFBAE, 0xFE72, 0xFE72, 0xFBAE, 0x0187, 0x0187, 0xFBAE, 0xFBAE, 0x0187, 0xE758,
	0x0187, 0xE758, 0x0187, 0x0187, 0x0187, 0x0187, 0x0187, 0xFBAE, 0xFBAE, 0x0187, 0x0187, 0x0187, 0x0187, 0x0187, 0xE758, 0x0187,
	0xE758, 0x0187, 0xFE72, 0xFE72, 0xFE72, 0xFE72, 0xFE72, 0xFE72, 0xFE72, 0xFE72, 0xFE72, 0xFE72, 0xFE72, 0xFE72, 0x0187, 0xE758,
	0xE758, 0x0187, 0xFE72, 0xFE72, 0xFE72, 0xFE72, 0xFE72, 0xFE72, 0xFE72, 0xFE72, 0xFE72, 0xFE72, 0xFE72, 0xFE72, 0x0187, 0xE758,
	0x0187, 0xE758, 0x0187, 0xFBAE, 0xFBAE, 0xFBAE, 0xFBAE, 0xFBAE, 0xFBAE, 0xFBAE, 0xFBAE, 0xFBAE, 0xFBAE, 0x0187, 0xE758, 0x0187,
	0xE758, 0xE758, 0x0187, 0xFE72, 0xFE72, 0xFE72, 0xFE72, 0xFE72, 0xFE72, 0xFE72, 0xFE72, 0xFE72, 0xFE72, 0x0187, 0xE758, 0xE758,
};
// 'Drink1', 16x16px
const uint16_t epd_bitmap_Items_All_37 [] PROGMEM = {
	0x0187, 0x0187, 0x0187, 0x0187, 0x0187, 0x0187, 0xE758, 0xE758, 0xE758, 0xE758, 0x0187, 0x0187, 0x0187, 0x0187, 0x0187, 0x0187,
	0x0187, 0x0187, 0x0187, 0x0187, 0x0187, 0xE758, 0x0187, 0x0187, 0x0187, 0x0187, 0xE758, 0x0187, 0x0187, 0x0187, 0x0187, 0x0187,
	0x0187, 0x0187, 0x0187, 0x0187, 0xE758, 0x0187, 0xE758, 0xE758, 0xE758, 0xE758, 0x0187, 0xE758, 0x0187, 0x0187, 0x0187, 0x0187,
	0x0187, 0x0187, 0x0187, 0xE758, 0x0187, 0xE758, 0x0187, 0x0187, 0xFE72, 0xE758, 0xE758, 0x0187, 0xE758, 0x0187, 0x0187, 0x0187,
	0x0187, 0x0187, 0x0187, 0xE758, 0x0187, 0xFE72, 0xE758, 0xE758, 0xE758, 0xE758, 0xFE72, 0x0187, 0xE758, 0x0187, 0x0187, 0x0187,
	0x0187, 0x0187, 0x0187, 0xE758, 0x0187, 0xFE72, 0xFBAE, 0xFBAE, 0xE758, 0xFBAE, 0xFE72, 0x0187, 0xE758, 0x0187, 0x0187, 0x0187,
	0x0187, 0x0187, 0xE758, 0xE758, 0x0187, 0xFE72, 0xFBAE, 0xE758, 0xE758, 0xFBAE, 0xFE72, 0x0187, 0xE758, 0xE758, 0x0187, 0x0187,
	0x0187, 0xE758, 0x0187, 0x0187, 0x0187, 0xFE72, 0xFBAE, 0xE758, 0xFBAE, 0xFBAE, 0xFE72, 0x0187, 0x0187, 0x0187, 0xE758, 0x0187,
	0xE758, 0x0187, 0xFBAE, 0xFBAE, 0xFE72, 0x0187, 0xFBAE, 0xFBAE, 0xFBAE, 0xFBAE, 0x0187, 0xFE72, 0xFBAE, 0xFBAE, 0x0187, 0xE758,
	0x0187, 0xE758, 0x0187, 0xFBAE, 0xFBAE, 0xFE72, 0x0187, 0x0187, 0x0187, 0x0187, 0xFE72, 0xFBAE, 0xFBAE, 0x0187, 0xE758, 0x0187,
	0xE758, 0x0187, 0xFBAE, 0xFBAE, 0x0187, 0x0187, 0xFBAE, 0xFE72, 0xFE72, 0xFBAE, 0x0187, 0x0187, 0xFBAE, 0xFBAE, 0x0187, 0xE758,
	0x0187, 0xE758, 0x0187, 0x0187, 0x0187, 0x0187, 0x0187, 0xFBAE, 0xFBAE, 0x0187, 0x0187, 0x0187, 0x0187, 0x0187, 0xE758, 0x0187,
	0xE758, 0x0187, 0xFE72, 0xFE72, 0xFE72, 0xFE72, 0xFE72, 0xFE72, 0xFE72, 0xFE72, 0xFE72, 0xFE72, 0xFE72, 0xFE72, 0x0187, 0xE758,
	0xE758, 0x0187, 0xFE72, 0xFE72, 0xFE72, 0xFE72, 0xFE72, 0xFE72, 0xFE72, 0xFE72, 0xFE72, 0xFE72, 0xFE72, 0xFE72, 0x0187, 0xE758,
	0x0187, 0xE758, 0x0187, 0xFBAE, 0xFBAE, 0xFBAE, 0xFBAE, 0xFBAE, 0xFBAE, 0xFBAE, 0xFBAE, 0xFBAE, 0xFBAE, 0x0187, 0xE758, 0x0187,
	0xE758, 0xE758, 0x0187, 0xFE72, 0xFE72, 0xFE72, 0xFE72, 0xFE72, 0xFE72, 0xFE72, 0xFE72, 0xFE72, 0xFE72, 0x0187, 0xE758, 0xE758,
};
// 'Drink2', 16x16px
const uint16_t epd_bitmap_Items_All_38 [] PROGMEM = {
	0x0187, 0x0187, 0x0187, 0x0187, 0x0187, 0x0187, 0x0187, 0x0187, 0x0187, 0x0187, 0x0187, 0x0187, 0x0187, 0x0187, 0x0187, 0x0187,
	0x0187, 0x0187, 0x0187, 0x0187, 0x0187, 0x0187, 0xE758, 0xE758, 0xE758, 0xE758, 0x0187, 0x0187, 0x0187, 0x0187, 0x0187, 0x0187,
	0x0187, 0x0187, 0x0187, 0x0187, 0x0187, 0xE758, 0x0187, 0x0187, 0x0187, 0x0187, 0xE758, 0x0187, 0x0187, 0x0187, 0x0187, 0x0187,
	0x0187, 0x0187, 0x0187, 0x0187, 0xE758, 0x0187, 0xE758, 0xE758, 0xE758, 0xE758, 0x0187, 0xE758, 0x0187, 0x0187, 0x0187, 0x0187,
	0x0187, 0x0187, 0x0187, 0xE758, 0x0187, 0xE758, 0x0187, 0x0187, 0xFE72, 0xE758, 0xE758, 0x0187, 0xE758, 0x0187, 0x0187, 0x0187,
	0x0187, 0x0187, 0x0187, 0xE758, 0x0187, 0xFE72, 0xE758, 0xE758, 0xE758, 0xE758, 0xFE72, 0x0187, 0xE758, 0x0187, 0x0187, 0x0187,
	0x0187, 0x0187, 0xE758, 0xE758, 0x0187, 0xFE72, 0xFBAE, 0xFBAE, 0xE758, 0xFBAE, 0xFE72, 0x0187, 0xE758, 0xE758, 0x0187, 0x0187,
	0x0187, 0xE758, 0x0187, 0x0187, 0x0187, 0xFE72, 0xFBAE, 0xE758, 0xE758, 0xFBAE, 0xFE72, 0x0187, 0x0187, 0x0187, 0xE758, 0x0187,
	0xE758, 0x0187, 0xFBAE, 0xFBAE, 0xFE72, 0xFE72, 0xFBAE, 0xE758, 0xFBAE, 0xFBAE, 0xFE72, 0xFE72, 0xFBAE, 0xFBAE, 0x0187, 0xE758,
	0x0187, 0xE758, 0x0187, 0xFBAE, 0xFBAE, 0xFE72, 0xFBAE, 0xFBAE, 0xFBAE, 0xFBAE, 0xFE72, 0xFBAE, 0xFBAE, 0x0187, 0xE758, 0x0187,
	0xE758, 0x0187, 0xFBAE, 0xFBAE, 0x0187, 0x0187, 0xFBAE, 0xFE72, 0xFE72, 0xFBAE, 0x0187, 0x0187, 0xFBAE, 0xFBAE, 0x0187, 0xE758,
	0x0187, 0xE758, 0x0187, 0x0187, 0x0187, 0x0187, 0x0187, 0xFBAE, 0xFBAE, 0x0187, 0x0187, 0x0187, 0x0187, 0x0187, 0xE758, 0x0187,
	0xE758, 0x0187, 0xFE72, 0xFE72, 0xFE72, 0xFE72, 0xFE72, 0xFE72, 0xFE72, 0xFE72, 0xFE72, 0xFE72, 0xFE72, 0xFE72, 0x0187, 0xE758,
	0xE758, 0x0187, 0xFE72, 0xFE72, 0xFE72, 0xFE72, 0xFE72, 0xFE72, 0xFE72, 0xFE72, 0xFE72, 0xFE72, 0xFE72, 0xFE72, 0x0187, 0xE758,
	0x0187, 0xE758, 0x0187, 0xFBAE, 0xFBAE, 0xFBAE, 0xFBAE, 0xFBAE, 0xFBAE, 0xFBAE, 0xFBAE, 0xFBAE, 0xFBAE, 0x0187, 0xE758, 0x0187,
	0xE758, 0xE758, 0x0187, 0xFE72, 0xFE72, 0xFE72, 0xFE72, 0xFE72, 0xFE72, 0xFE72, 0xFE72, 0xFE72, 0xFE72, 0x0187, 0xE758, 0xE758,
};
// 'Health1', 16x16px
const uint16_t epd_bitmap_Items_All_39 [] PROGMEM = {
	0x0187, 0x0187, 0x0187, 0x0187, 0x0187, 0x0187, 0x0187, 0xE758, 0xE758, 0x0187, 0x0187, 0x0187, 0x0187, 0x0187, 0x0187, 0x0187,
	0x0187, 0x0187, 0x0187, 0x0187, 0x0187, 0x0187, 0xE758, 0x0187, 0x0187, 0xE758, 0x0187, 0x0187, 0x0187, 0x0187, 0x0187, 0x0187,
	0x0187, 0x0187, 0x0187, 0x0187, 0x0187, 0xE758, 0x0187, 0xE758, 0xE758, 0x0187, 0xE758, 0x0187, 0x0187, 0x0187, 0x0187, 0x0187,
	0x0187, 0x0187, 0x0187, 0x0187, 0xE758, 0x0187, 0xE758, 0xFE72, 0xFE72, 0xE758, 0x0187, 0xE758, 0x0187, 0x0187, 0x0187, 0x0187,
	0x0187, 0x0187, 0x0187, 0xE758, 0x0187, 0xE758, 0xFBAE, 0xE758, 0xE758, 0xFBAE, 0xE758, 0x0187, 0xE758, 0x0187, 0x0187, 0x0187,
	0x0187, 0x0187, 0x0187, 0xE758, 0x0187, 0xE758, 0xFBAE, 0xFBAE, 0xFBAE, 0xFBAE, 0xE758, 0x0187, 0xE758, 0x0187, 0x0187, 0x0187,
	0x0187, 0x0187, 0xE758, 0xE758, 0x0187, 0xE758, 0xFBAE, 0xE758, 0xE758, 0xFBAE, 0xE758, 0x0187, 0xE758, 0xE758, 0x0187, 0x0187,
	0x0187, 0xE758, 0x0187, 0x0187, 0x0187, 0xE758, 0xFBAE, 0xFBAE, 0xFBAE, 0xFBAE, 0xE758, 0x0187, 0x0187, 0x0187, 0xE758, 0x0187,
	0xE758, 0x0187, 0xFBAE, 0xFBAE, 0xFE72, 0x0187, 0xE758, 0xE758, 0xE758, 0xE758, 0x0187, 0xFE72, 0xFBAE, 0xFBAE, 0x0187, 0xE758,
	0x0187, 0xE758, 0x0187, 0xFBAE, 0xFBAE, 0xFE72, 0x0187, 0x0187, 0x0187, 0x0187, 0xFE72, 0xFBAE, 0xFBAE, 0x0187, 0xE758, 0x0187,
	0xE758, 0x0187, 0xFBAE, 0xFBAE, 0x0187, 0x0187, 0xFBAE, 0xFE72, 0xFE72, 0xFBAE, 0x0187, 0x0187, 0xFBAE, 0xFBAE, 0x0187, 0xE758,
	0x0187, 0xE758, 0x0187, 0x0187, 0x0187, 0x0187, 0x0187, 0xFBAE, 0xFBAE, 0x0187, 0x0187, 0x0187, 0x0187, 0x0187, 0xE758, 0x0187,
	0xE758, 0x0187, 0xFE72, 0xFE72, 0xFE72, 0xFE72, 0xFE72, 0xFE72, 0xFE72, 0xFE72, 0xFE72, 0xFE72, 0xFE72, 0xFE72, 0x0187, 0xE758,
	0xE758, 0x0187, 0xFE72, 0xFE72, 0xFE72, 0xFE72, 0xFE72, 0xFE72, 0xFE72, 0xFE72, 0xFE72, 0xFE72, 0xFE72, 0xFE72, 0x0187, 0xE758,
	0x0187, 0xE758, 0x0187, 0xFBAE, 0xFBAE, 0xFBAE, 0xFBAE, 0xFBAE, 0xFBAE, 0xFBAE, 0xFBAE, 0xFBAE, 0xFBAE, 0x0187, 0xE758, 0x0187,
	0xE758, 0xE758, 0x0187, 0xFE72, 0xFE72, 0xFE72, 0xFE72, 0xFE72, 0xFE72, 0xFE72, 0xFE72, 0xFE72, 0xFE72, 0x0187, 0xE758, 0xE758,
};
// 'Health2', 16x16px
const uint16_t epd_bitmap_Items_All_40 [] PROGMEM = {
	0x0187, 0x0187, 0x0187, 0x0187, 0x0187, 0x0187, 0x0187, 0x0187, 0x0187, 0x0187, 0x0187, 0x0187, 0x0187, 0x0187, 0x0187, 0x0187,
	0x0187, 0x0187, 0x0187, 0x0187, 0x0187, 0x0187, 0x0187, 0xE758, 0xE758, 0x0187, 0x0187, 0x0187, 0x0187, 0x0187, 0x0187, 0x0187,
	0x0187, 0x0187, 0x0187, 0x0187, 0x0187, 0x0187, 0xE758, 0x0187, 0x0187, 0xE758, 0x0187, 0x0187, 0x0187, 0x0187, 0x0187, 0x0187,
	0x0187, 0x0187, 0x0187, 0x0187, 0x0187, 0xE758, 0x0187, 0xE758, 0xE758, 0x0187, 0xE758, 0x0187, 0x0187, 0x0187, 0x0187, 0x0187,
	0x0187, 0x0187, 0x0187, 0x0187, 0xE758, 0x0187, 0xE758, 0xFE72, 0xFE72, 0xE758, 0x0187, 0xE758, 0x0187, 0x0187, 0x0187, 0x0187,
	0x0187, 0x0187, 0x0187, 0xE758, 0x0187, 0xE758, 0xFBAE, 0xE758, 0xE758, 0xFBAE, 0xE758, 0x0187, 0xE758, 0x0187, 0x0187, 0x0187,
	0x0187, 0x0187, 0xE758, 0xE758, 0x0187, 0xE758, 0xFBAE, 0xFBAE, 0xFBAE, 0xFBAE, 0xE758, 0x0187, 0xE758, 0xE758, 0x0187, 0x0187,
	0x0187, 0xE758, 0x0187, 0x0187, 0x0187, 0xE758, 0xFBAE, 0xE758, 0xE758, 0xFBAE, 0xE758, 0x0187, 0x0187, 0x0187, 0xE758, 0x0187,
	0xE758, 0x0187, 0xFBAE, 0xFBAE, 0xFE72, 0xE758, 0xFBAE, 0xFBAE, 0xFBAE, 0xFBAE, 0xE758, 0xFE72, 0xFBAE, 0xFBAE, 0x0187, 0xE758,
	0x0187, 0xE758, 0x0187, 0xFBAE, 0xFBAE, 0xFE72, 0xE758, 0xE758, 0xE758, 0xE758, 0xFE72, 0xFBAE, 0xFBAE, 0x0187, 0xE758, 0x0187,
	0xE758, 0x0187, 0xFBAE, 0xFBAE, 0x0187, 0x0187, 0xFBAE, 0xFE72, 0xFE72, 0xFBAE, 0x0187, 0x0187, 0xFBAE, 0xFBAE, 0x0187, 0xE758,
	0x0187, 0xE758, 0x0187, 0x0187, 0x0187, 0x0187, 0x0187, 0xFBAE, 0xFBAE, 0x0187, 0x0187, 0x0187, 0x0187, 0x0187, 0xE758, 0x0187,
	0xE758, 0x0187, 0xFE72, 0xFE72, 0xFE72, 0xFE72, 0xFE72, 0xFE72, 0xFE72, 0xFE72, 0xFE72, 0xFE72, 0xFE72, 0xFE72, 0x0187, 0xE758,
	0xE758, 0x0187, 0xFE72, 0xFE72, 0xFE72, 0xFE72, 0xFE72, 0xFE72, 0xFE72, 0xFE72, 0xFE72, 0xFE72, 0xFE72, 0xFE72, 0x0187, 0xE758,
	0x0187, 0xE758, 0x0187, 0xFBAE, 0xFBAE, 0xFBAE, 0xFBAE, 0xFBAE, 0xFBAE, 0xFBAE, 0xFBAE, 0xFBAE, 0xFBAE, 0x0187, 0xE758, 0x0187,
	0xE758, 0xE758, 0x0187, 0xFE72, 0xFE72, 0xFE72, 0xFE72, 0xFE72, 0xFE72, 0xFE72, 0xFE72, 0xFE72, 0xFE72, 0x0187, 0xE758, 0xE758,
};

// Array of all bitmaps for convenience. (Total bytes used to store images in PROGMEM = 25520)
const int FoodFarm_LEN = 11;
const uint16_t* FoodFarm[11] = {
	epd_bitmap_Items_All_30,
	epd_bitmap_Items_All_31,
	epd_bitmap_Items_All_32,
	epd_bitmap_Items_All_33,
	epd_bitmap_Items_All_34,
	epd_bitmap_Items_All_35,
	epd_bitmap_Items_All_36,
	epd_bitmap_Items_All_37,
	epd_bitmap_Items_All_38,
	epd_bitmap_Items_All_39,
	epd_bitmap_Items_All_40
};

#pragma endregion







